condition,cond_type,suspicion,type_injected,image,tp,raw,w_dev,h_dev,dx,dy,margin,shift_vs_size,match_iou,conf,p_h,p_w,aspect,area_frac,n_labels,covered_by_others,touches_edge
clean,none,width,0,000060.png,0,0.2762,-0.2762,-0.0649,-0.1114,0.0218,0.2113,-0.1648,0.677,0.283,19.7,49.8,2.527,0.002105,2,0.0,0
clean,none,width,0,000075.png,0,0.1413,-0.1413,-0.0166,0.1143,0.0347,0.1247,-0.027,0.733,0.4814,25.3,49.2,1.942,0.002674,5,0.0,0
clean,none,width,0,000136.png,0,0.1698,0.1698,0.04,0.0714,-0.0001,0.1299,-0.0984,0.822,0.7334,57.5,162.3,2.823,0.020033,6,0.403,0
clean,none,translation_x,0,000136.png,0,0.1025,-0.0008,-0.033,0.1025,-0.0467,-0.0322,0.0695,0.746,0.7895,27.8,35.1,1.264,0.002093,6,0.282,0
clean,none,height,0,000136.png,0,0.184,0.0376,0.184,-0.0099,0.1417,-0.1464,-0.0423,0.743,0.7836,36.9,68.8,1.865,0.005446,6,0.054,0
clean,none,translation_x,0,000357.png,0,0.1061,0.0784,0.0416,-0.1061,-0.0603,0.0368,0.0277,0.73,0.5936,39.9,56.8,1.424,0.004859,8,0.661,0
clean,none,scale,0,000386.png,0,0.1555,-0.1289,-0.182,0.0722,-0.0254,-0.0531,-0.1098,0.702,0.3354,82.4,189.6,2.303,0.033474,8,1.0,0
clean,none,scale,0,000421.png,0,0.324,-0.3787,-0.2693,-0.13,-0.052,0.1095,-0.2488,0.454,0.4469,27.3,66.8,2.445,0.00392,7,0.683,0
clean,none,width,0,000493.png,0,0.1643,-0.1643,-0.0118,0.12,0.0117,0.1525,-0.0443,0.752,0.8197,34.4,42.6,1.238,0.003145,4,0.0,0
clean,none,translation_y,0,000521.png,0,0.1324,0.1183,-0.0291,0.0658,0.1324,0.0892,0.0141,0.684,0.5935,19.5,26.8,1.371,0.001121,4,0.0,0
clean,none,height,0,000539.png,0,0.1396,-0.0533,-0.1396,-0.0104,-0.038,-0.0862,-0.1016,0.815,0.8233,30.5,63.2,2.07,0.004145,7,0.278,0
clean,none,width,0,000539.png,0,0.2256,0.2256,-0.0399,-0.1268,0.0656,0.1857,-0.0987,0.707,0.7479,23.8,45.0,1.888,0.002302,7,0.346,0
clean,none,width,0,000539.png,0,0.2833,-0.2833,-0.1115,0.0748,-0.0205,0.1718,-0.2085,0.637,0.6364,21.2,47.7,2.253,0.002168,7,0.411,0
clean,none,width,0,000577.png,0,0.1938,0.1938,-0.1132,-0.1024,0.0588,0.0806,-0.0913,0.746,0.4308,130.9,69.6,0.532,0.019575,5,0.0,1
clean,none,width,0,000601.png,0,0.1387,-0.1387,-0.0578,0.0068,0.0038,0.0809,-0.1319,0.811,0.6537,22.8,25.9,1.136,0.001267,2,0.0,0
clean,none,height,0,000612.png,0,0.1528,0.0444,0.1528,-0.0866,0.0571,-0.1084,-0.0662,0.738,0.254,27.2,72.2,2.658,0.004215,9,0.671,0
clean,none,height,0,000612.png,0,0.2662,-0.1559,0.2662,0.0496,-0.1841,-0.1103,-0.0821,0.632,0.2632,46.1,133.0,2.888,0.013155,9,0.395,0
clean,none,width,0,000616.png,0,0.1483,0.1483,0.0428,-0.0549,0.0122,0.1055,-0.0934,0.835,0.6724,30.2,43.9,1.455,0.002843,3,0.05,0
clean,none,width,0,000623.png,0,0.1745,-0.1745,-0.0241,0.0363,-0.07,0.1504,-0.1045,0.723,0.3458,81.7,184.4,2.257,0.032358,7,0.031,0
clean,none,width,0,000657.png,0,0.1335,-0.1335,-0.0373,-0.0163,-0.0605,0.0962,-0.073,0.77,0.3552,15.7,21.1,1.348,0.000709,2,0.0,0
clean,none,translation_y,0,000657.png,0,0.1368,0.0088,-0.0465,-0.0259,-0.1368,-0.0376,0.0904,0.721,0.5261,17.4,21.1,1.211,0.000788,2,0.0,0
clean,none,width,0,000664.png,0,0.2198,0.2198,0.0663,0.0964,-0.0158,0.1536,-0.1235,0.769,0.5068,37.1,38.7,1.042,0.003103,5,0.599,0
clean,none,width,0,000725.png,0,0.173,-0.173,-0.0084,-0.0649,0.0029,0.1645,-0.1081,0.82,0.7178,67.4,164.2,2.437,0.023699,7,0.27,0
clean,none,height,0,000725.png,0,0.1353,0.0702,-0.1353,0.035,0.0637,-0.0651,-0.0716,0.815,0.8326,185.2,130.5,0.705,0.051786,7,0.414,1
clean,none,width,0,000725.png,0,0.2127,0.2127,0.0014,0.1021,-0.0243,0.2113,-0.1106,0.789,0.7433,86.1,138.4,1.608,0.025543,7,0.852,1
clean,none,width,0,000729.png,0,0.1238,0.1238,0.0875,-0.0762,0.0093,0.0363,-0.0476,0.797,0.6637,44.7,128.7,2.877,0.012365,6,0.479,0
clean,none,width,0,000747.png,0,0.177,-0.177,-0.0386,-0.0779,0.0043,0.1384,-0.0991,0.791,0.4229,28.6,98.4,3.433,0.00605,5,0.0,0
clean,none,width,0,000747.png,0,0.1481,0.1481,0.0896,-0.0953,0.0145,0.0586,-0.0529,0.769,0.372,30.6,38.5,1.261,0.002527,5,0.446,0
clean,none,height,0,000747.png,0,0.2514,0.0713,0.2514,0.0237,0.0259,-0.18,-0.2255,0.746,0.6725,18.2,23.0,1.262,0.000897,5,0.0,0
clean,none,translation_y,0,000747.png,0,0.1316,-0.117,-0.0949,-0.056,0.1316,0.0221,0.0146,0.675,0.6663,27.7,30.3,1.094,0.001805,5,0.0,0
clean,none,width,0,000843.png,0,0.1251,-0.1251,0.0299,0.0239,-0.0637,0.0952,-0.0614,0.779,0.4797,18.8,25.8,1.373,0.001045,9,0.0,0
clean,none,width,0,000846.png,0,0.1361,0.1361,0.0026,-0.038,0.0226,0.1336,-0.0981,0.843,0.6837,22.7,58.7,2.582,0.002862,7,0.0,0
clean,none,translation_y,0,000846.png,0,0.1004,-0.074,-0.0744,-0.0067,-0.1004,-0.0005,0.0259,0.755,0.5192,15.9,26.5,1.66,0.000907,7,0.0,0
clean,none,height,0,000846.png,0,0.2328,-0.044,-0.2328,0.007,-0.0514,-0.1888,-0.1815,0.733,0.5703,32.5,70.1,2.157,0.00489,7,0.168,0
clean,none,width,0,000846.png,0,0.5633,0.5633,0.0676,0.0473,-0.1453,0.4957,-0.418,0.499,0.558,22.5,56.9,2.524,0.002752,7,0.0,0
clean,none,width,0,000859.png,0,0.2538,0.2538,0.0552,-0.136,-0.0309,0.1986,-0.1178,0.74,0.6945,172.6,106.1,0.615,0.039311,6,0.0,1
clean,none,width,0,000859.png,0,0.2669,0.2669,0.0911,-0.0987,0.0148,0.1758,-0.1682,0.723,0.6033,21.8,30.6,1.407,0.00143,6,0.304,0
clean,none,scale,0,000882.png,0,0.1374,-0.1534,-0.1214,0.0337,-0.0584,0.032,-0.0951,0.744,0.6687,26.7,29.5,1.106,0.001689,9,0.104,0
clean,none,width,0,000910.png,0,0.1353,0.1353,0.0072,0.0346,0.0019,0.1281,-0.1007,0.875,0.397,26.6,56.4,2.125,0.003219,8,0.643,0
clean,none,height,0,000918.png,0,0.1811,-0.0888,-0.1811,-0.0156,0.0061,-0.0923,-0.1655,0.746,0.313,24.8,54.5,2.198,0.0029,7,0.0,0
clean,none,height,0,000936.png,0,0.2352,-0.1165,-0.2352,0.0275,-0.139,-0.1187,-0.0962,0.645,0.272,61.4,122.0,1.986,0.016092,12,0.832,0
clean,none,height,0,000936.png,0,0.252,-0.0251,0.252,-0.0563,0.2217,-0.227,-0.0304,0.611,0.3914,93.0,152.8,1.643,0.030519,12,0.98,1
clean,none,scale,0,000936.png,0,0.2317,-0.2473,-0.2161,0.0445,-0.0796,0.0312,-0.1677,0.59,0.3649,38.0,90.9,2.389,0.007423,12,0.978,0
clean,none,height,0,000985.png,0,0.138,0.0059,0.138,0.0037,0.0644,-0.1321,-0.0736,0.872,0.344,58.9,128.5,2.182,0.016225,11,0.898,0
clean,none,height,0,000998.png,0,0.1239,-0.0886,0.1239,0.0032,-0.0446,-0.0353,-0.0793,0.819,0.6931,31.7,40.4,1.273,0.002752,8,0.255,0
clean,none,height,0,001013.png,0,0.127,-0.0574,0.127,-0.0287,0.0719,-0.0696,-0.0551,0.829,0.7421,116.2,154.6,1.331,0.038519,9,1.0,1
clean,none,scale,0,001013.png,0,0.3094,-0.3237,-0.2951,0.0466,-0.1498,0.0286,-0.1739,0.475,0.3432,63.6,153.5,2.414,0.020907,9,1.0,0
clean,none,width,0,001100.png,0,0.1324,0.1324,-0.085,-0.0545,-0.0394,0.0475,-0.0779,0.816,0.3675,29.8,57.1,1.918,0.003655,8,0.683,0
clean,none,translation_x,0,001100.png,0,0.1774,-0.0986,0.0007,0.1774,-0.0961,0.0979,0.0788,0.581,0.3194,25.0,29.8,1.193,0.0016,8,0.351,0
clean,none,height,0,001190.png,0,0.1368,-0.0087,0.1368,0.0287,0.0442,-0.1281,-0.0926,0.834,0.9055,100.2,131.4,1.311,0.028289,7,0.589,0
clean,none,height,0,001190.png,0,0.1299,-0.0982,0.1299,-0.026,0.0106,-0.0317,-0.1039,0.807,0.8596,65.7,94.7,1.441,0.013372,7,0.46,0
clean,none,height,0,001209.png,0,0.1634,-0.0753,-0.1634,-0.0298,-0.045,-0.0881,-0.1184,0.774,0.3786,74.7,153.9,2.061,0.02467,13,0.892,0
clean,none,scale,0,001209.png,0,0.1498,0.1531,0.1465,0.0496,-0.0212,0.0066,-0.1035,0.756,0.5922,49.0,106.8,2.177,0.011241,13,0.81,0
clean,none,translation_x,0,001209.png,0,0.1528,0.0158,-0.0645,-0.1528,-0.0262,-0.0487,0.0883,0.695,0.2967,29.8,70.4,2.362,0.004505,13,0.704,0
width_m30,width,width,1,000060.png,0,0.2762,-0.2762,-0.0649,-0.1114,0.0218,0.2113,-0.1648,0.677,0.283,19.7,49.8,2.527,0.002105,2,0.0,0
width_m30,width,width,1,000066.png,1,0.3009,-0.3009,0.0834,-0.0114,-0.0051,0.2174,-0.2895,0.661,0.8335,34.9,38.7,1.109,0.002897,2,0.0,0
width_m30,width,width,1,000066.png,1,0.311,-0.311,-0.0248,-0.0357,0.0637,0.2862,-0.2473,0.615,0.8232,27.4,42.9,1.568,0.002523,2,0.0,0
width_m30,width,width,1,000075.png,0,0.1413,-0.1413,-0.0166,0.1143,0.0347,0.1247,-0.027,0.733,0.4814,25.3,49.2,1.942,0.002674,5,0.0,0
width_m30,width,width,1,000088.png,1,0.2637,-0.2637,-0.0655,0.0119,0.0108,0.1982,-0.2518,0.688,0.8502,59.7,187.4,3.139,0.024025,1,0.0,0
width_m30,width,width,1,000136.png,0,0.1698,0.1698,0.04,0.0714,-0.0001,0.1299,-0.0984,0.822,0.7334,57.5,162.3,2.823,0.020033,6,0.292,0
width_m30,width,translation_x,0,000136.png,0,0.1025,-0.0008,-0.033,0.1025,-0.0467,-0.0322,0.0695,0.746,0.7895,27.8,35.1,1.264,0.002093,6,0.069,0
width_m30,width,width,1,000136.png,1,0.2824,-0.2824,0.0058,0.018,-0.0123,0.2766,-0.2645,0.703,0.8907,39.2,52.7,1.345,0.004433,6,0.044,0
width_m30,width,width,1,000136.png,1,0.2986,-0.2986,-0.0183,0.0446,0.0747,0.2803,-0.2239,0.614,0.7798,51.1,166.6,3.257,0.018294,6,0.566,0
width_m30,width,width,1,000136.png,1,0.2737,-0.2737,0.184,-0.0099,0.1417,0.0896,-0.1319,0.59,0.7836,36.9,68.8,1.865,0.005446,6,0.0,0
width_m30,width,width,1,000178.png,1,0.2385,-0.2385,0.01,0.0484,0.0397,0.2285,-0.1901,0.711,0.3452,51.0,56.0,1.098,0.006132,8,0.973,0
width_m30,width,width,1,000194.png,1,0.2976,-0.2976,0.0268,0.0221,0.04,0.2708,-0.2576,0.659,0.8732,28.7,37.0,1.29,0.002279,2,0.0,0
width_m30,width,width,1,000229.png,1,0.2783,-0.2783,0.0166,0.0126,0.0205,0.2616,-0.2577,0.698,0.8137,25.8,25.8,0.998,0.001428,1,0.0,0
width_m30,width,width,1,000286.png,1,0.2762,-0.2762,-0.004,0.0303,0.0059,0.2721,-0.2459,0.716,0.8927,127.6,140.1,1.098,0.038397,11,0.77,0
width_m30,width,width,1,000286.png,1,0.317,-0.317,0.0871,0.0015,-0.0053,0.2299,-0.3118,0.645,0.8155,26.3,80.2,3.056,0.004522,11,0.149,0
width_m30,width,translation_x,0,000357.png,0,0.1061,0.0784,0.0416,-0.1061,-0.0603,0.0368,0.0277,0.73,0.5936,39.9,56.8,1.424,0.004859,8,0.661,0
width_m30,width,width,1,000386.png,1,0.2921,-0.2921,0.0153,-0.0075,0.0009,0.2769,-0.2846,0.7,0.8982,58.7,86.5,1.473,0.010881,8,0.13,0
width_m30,width,width,1,000386.png,1,0.2883,-0.2883,-0.0314,0.0486,0.0307,0.2569,-0.2397,0.671,0.8681,34.5,47.0,1.362,0.003471,8,0.0,0
width_m30,width,scale,0,000386.png,1,0.2861,-0.3902,-0.182,0.0722,-0.0254,0.2082,-0.318,0.499,0.3354,82.4,189.6,2.303,0.033474,8,1.0,0
width_m30,width,width,1,000406.png,1,0.2924,-0.2924,0.0274,0.0233,0.0189,0.265,-0.2691,0.688,0.9033,62.4,65.6,1.052,0.008793,1,0.0,0
width_m30,width,width,1,000421.png,1,0.3095,-0.3095,-0.0128,-0.0094,0.0214,0.2967,-0.2881,0.664,0.8709,33.7,85.6,2.541,0.006191,7,0.0,0
width_m30,width,width,1,000421.png,1,0.324,-0.324,0.0231,0.0135,0.0421,0.301,-0.282,0.632,0.6543,31.4,73.9,2.351,0.004991,7,0.534,0
width_m30,width,width,1,000421.png,1,0.3419,-0.3419,0.0206,-0.0158,0.0565,0.3214,-0.2854,0.601,0.6508,19.8,41.9,2.121,0.001777,7,0.0,0
width_m30,width,scale,0,000421.png,0,0.324,-0.3787,-0.2693,-0.13,-0.052,0.1095,-0.2488,0.454,0.4469,27.3,66.8,2.445,0.00392,7,0.683,0
width_m30,width,width,1,000460.png,1,0.2962,-0.2962,-0.0472,0.0142,0.0184,0.249,-0.2778,0.671,0.8993,105.4,319.8,3.033,0.074461,1,0.0,0
width_m30,width,width,1,000462.png,1,0.3,-0.3,-0.0077,-0.0,0.0036,0.2923,-0.2964,0.695,0.9322,99.5,179.3,1.802,0.038295,7,0.176,0
width_m30,width,width,1,000462.png,1,0.2911,-0.2911,-0.0211,0.0053,-0.0098,0.27,-0.2813,0.694,0.8345,99.8,206.8,2.072,0.044304,7,0.625,0
width_m30,width,width,1,000462.png,1,0.3238,-0.3238,0.0011,0.0135,-0.004,0.3227,-0.3103,0.672,0.9278,210.2,284.5,1.354,0.128416,7,0.13,1
width_m30,width,width,1,000462.png,1,0.3523,-0.3523,-0.0705,-0.0112,0.0862,0.2818,-0.2661,0.551,0.705,71.4,161.9,2.267,0.024831,7,0.86,0
width_m30,width,width,1,000493.png,0,0.1643,-0.1643,-0.0118,0.12,0.0117,0.1525,-0.0443,0.752,0.8197,34.4,42.6,1.238,0.003145,4,0.0,0
width_m30,width,width,1,000493.png,1,0.2861,-0.2861,-0.0029,-0.0219,-0.0012,0.2832,-0.2642,0.712,0.5733,25.5,35.0,1.372,0.001913,4,0.0,0
width_m30,width,width,1,000493.png,1,0.323,-0.323,-0.0313,-0.0202,-0.0128,0.2917,-0.3028,0.656,0.8875,44.0,59.7,1.355,0.005641,4,0.0,0
width_m30,width,width,1,000512.png,1,0.3082,-0.3082,0.0332,-0.0193,-0.0199,0.275,-0.2883,0.673,0.864,31.9,57.1,1.791,0.003905,1,0.0,0
width_m30,width,width,1,000521.png,1,0.2543,-0.2543,0.0464,0.0392,0.0511,0.2079,-0.2032,0.687,0.8512,25.9,25.7,0.994,0.001432,4,0.0,0
width_m30,width,width,1,000521.png,1,0.3063,-0.3063,-0.0278,-0.0003,0.0332,0.2785,-0.273,0.652,0.8935,61.4,132.9,2.166,0.017505,4,0.177,0
width_m30,width,width,1,000521.png,1,0.2172,-0.2172,-0.0291,0.0658,0.1324,0.1881,-0.0848,0.611,0.5935,19.5,26.8,1.371,0.001121,4,0.0,0
width_m30,width,height,0,000539.png,0,0.1396,-0.0533,-0.1396,-0.0104,-0.038,-0.0862,-0.1016,0.815,0.8233,30.5,63.2,2.07,0.004145,7,0.278,0
width_m30,width,width,1,000539.png,0,0.2256,0.2256,-0.0399,-0.1268,0.0656,0.1857,-0.0987,0.707,0.7479,23.8,45.0,1.888,0.002302,7,0.346,0
width_m30,width,width,1,000539.png,1,0.2956,-0.2956,-0.0411,0.0135,0.0147,0.2545,-0.2809,0.675,0.8726,40.2,105.9,2.634,0.009142,7,0.0,0
width_m30,width,width,1,000539.png,1,0.3239,-0.3239,-0.0404,-0.0314,0.0079,0.2835,-0.2925,0.649,0.8231,33.3,71.8,2.158,0.005124,7,0.0,0
width_m30,width,width,1,000539.png,1,0.4983,-0.4983,-0.1115,0.0748,-0.0205,0.3868,-0.4236,0.446,0.6364,21.2,47.7,2.253,0.002168,7,0.373,0
width_m30,width,width,1,000556.png,1,0.2663,-0.2663,-0.0969,0.0217,-0.0232,0.1694,-0.243,0.663,0.7901,29.3,40.6,1.387,0.002548,2,0.0,0
width_m30,width,width,1,000577.png,0,0.1938,0.1938,-0.1132,-0.1024,0.0588,0.0806,-0.0913,0.746,0.4308,130.9,69.6,0.532,0.019575,5,0.0,1
width_m30,width,width,1,000577.png,1,0.2662,-0.2662,0.0271,-0.053,0.0105,0.2391,-0.2132,0.719,0.8436,63.1,69.5,1.101,0.009411,5,0.48,0
width_m30,width,width,1,000601.png,1,0.3971,-0.3971,-0.0578,0.0068,0.0038,0.3393,-0.3903,0.568,0.6537,22.8,25.9,1.136,0.001267,2,0.0,0
width_m30,width,width,1,000612.png,1,0.2458,-0.2458,0.0183,-0.0327,0.0331,0.2275,-0.2126,0.713,0.6182,62.6,129.1,2.063,0.017343,9,0.256,0
width_m30,width,width,1,000612.png,1,0.3063,-0.3063,0.0055,-0.0017,-0.0058,0.3008,-0.3005,0.688,0.8479,77.9,116.7,1.498,0.01951,9,0.201,0
width_m30,width,width,1,000612.png,1,0.2689,-0.2689,0.1528,-0.0866,0.0571,0.1161,-0.1823,0.658,0.254,27.2,72.2,2.658,0.004215,9,0.776,0
width_m30,width,width,1,000612.png,1,0.2958,-0.2958,-0.0732,0.0092,-0.0073,0.2226,-0.2866,0.653,0.7897,101.1,234.7,2.321,0.050957,9,0.705,0
width_m30,width,width,1,000612.png,1,0.3174,-0.3174,0.018,0.0152,0.0448,0.2993,-0.2726,0.635,0.7403,45.4,146.3,3.226,0.014246,9,0.277,0
width_m30,width,width,1,000612.png,1,0.4092,-0.4092,0.2662,0.0496,-0.1841,0.1429,-0.225,0.472,0.2632,46.1,133.0,2.888,0.013155,9,0.249,0
width_m30,width,width,1,000616.png,0,0.1483,0.1483,0.0428,-0.0549,0.0122,0.1055,-0.0934,0.835,0.6724,30.2,43.9,1.455,0.002843,3,0.05,0
width_m30,width,width,1,000623.png,0,0.1745,-0.1745,-0.0241,0.0363,-0.07,0.1504,-0.1045,0.723,0.3458,81.7,184.4,2.257,0.032358,7,0.0,0
width_m30,width,width,1,000623.png,1,0.2802,-0.2802,0.037,0.0129,-0.0205,0.2433,-0.2598,0.699,0.8222,151.9,147.1,0.968,0.047978,7,0.0,1
width_m30,width,width,1,000623.png,1,0.2895,-0.2895,0.0199,0.0014,0.0206,0.2695,-0.2688,0.688,0.7567,51.0,78.3,1.536,0.008579,7,0.406,0
width_m30,width,width,1,000630.png,1,0.2782,-0.2782,0.0229,0.0154,-0.0053,0.2553,-0.2628,0.71,0.8081,31.0,31.9,1.03,0.00212,1,0.0,0
width_m30,width,width,1,000647.png,1,0.3226,-0.3226,0.0042,0.0007,-0.0169,0.3184,-0.3056,0.659,0.9008,64.4,73.8,1.147,0.010182,6,0.0,0
width_m30,width,width,1,000647.png,1,0.3552,-0.3552,0.0155,0.0227,-0.0033,0.3397,-0.3325,0.638,0.4465,48.3,74.9,1.551,0.007756,6,0.267,0
width_m30,width,width,1,000657.png,0,0.1335,-0.1335,-0.0373,-0.0163,-0.0605,0.0962,-0.073,0.77,0.3552,15.7,21.1,1.348,0.000709,2,0.0,0
width_m30,width,translation_y,0,000657.png,0,0.1368,0.0088,-0.0465,-0.0259,-0.1368,-0.0376,0.0904,0.721,0.5261,17.4,21.1,1.211,0.000788,2,0.0,0
width_m30,width,width,1,000664.png,0,0.2198,0.2198,0.0663,0.0964,-0.0158,0.1536,-0.1235,0.769,0.5068,37.1,38.7,1.042,0.003103,5,0.599,0
width_m30,width,width,1,000682.png,1,0.3136,-0.3136,-0.0138,-0.0009,-0.02,0.2998,-0.2936,0.662,0.6042,23.1,28.7,1.244,0.001423,2,0.0,0
width_m30,width,width,1,000683.png,1,0.3184,-0.3184,-0.0281,0.0731,0.0064,0.2903,-0.2454,0.662,0.6305,24.7,36.5,1.478,0.001934,4,0.0,0
width_m30,width,width,1,000714.png,1,0.2947,-0.2947,-0.0049,0.0037,0.0143,0.2898,-0.2804,0.688,0.9058,88.9,167.5,1.883,0.031979,6,0.0,0
width_m30,width,width,1,000714.png,1,0.3032,-0.3032,0.0472,-0.0044,-0.0056,0.256,-0.2976,0.675,0.9332,99.0,181.7,1.836,0.038615,6,0.0,0
width_m30,width,width,1,000714.png,1,0.2914,-0.2914,0.0044,-0.0082,-0.0322,0.287,-0.2592,0.671,0.8779,57.8,76.4,1.321,0.009487,6,0.0,0
width_m30,width,width,1,000714.png,1,0.3372,-0.3372,-0.0386,-0.0213,0.0255,0.2986,-0.3117,0.631,0.7726,59.4,156.9,2.643,0.019994,6,0.416,0
width_m30,width,width,1,000725.png,0,0.173,-0.173,-0.0084,-0.0649,0.0029,0.1645,-0.1081,0.82,0.7178,67.4,164.2,2.437,0.023699,7,0.27,0
width_m30,width,height,0,000725.png,0,0.1353,0.0702,-0.1353,0.035,0.0637,-0.0651,-0.0716,0.815,0.8326,185.2,130.5,0.705,0.051786,7,0.414,1
width_m30,width,width,1,000725.png,0,0.2127,0.2127,0.0014,0.1021,-0.0243,0.2113,-0.1106,0.789,0.7433,86.1,138.4,1.608,0.025543,7,0.852,1
width_m30,width,width,1,000725.png,1,0.2324,-0.2324,0.0569,-0.0691,0.0389,0.1755,-0.1633,0.722,0.488,37.4,50.1,1.337,0.00402,7,0.293,0
width_m30,width,width,1,000729.png,0,0.1238,0.1238,0.0875,-0.0762,0.0093,0.0363,-0.0476,0.797,0.6637,44.7,128.7,2.877,0.012365,6,0.479,0
width_m30,width,width,1,000729.png,1,0.2948,-0.2948,0.0109,-0.0025,-0.0113,0.2839,-0.2835,0.693,0.8966,138.1,297.1,2.151,0.0881,6,0.668,0
width_m30,width,width,1,000747.png,0,0.177,-0.177,-0.0386,-0.0779,0.0043,0.1384,-0.0991,0.791,0.4229,28.6,98.4,3.433,0.00605,5,0.0,0
width_m30,width,width,1,000747.png,0,0.1481,0.1481,0.0896,-0.0953,0.0145,0.0586,-0.0529,0.769,0.372,30.6,38.5,1.261,0.002527,5,0.446,0
width_m30,width,height,0,000747.png,0,0.2514,0.0713,0.2514,0.0237,0.0259,-0.18,-0.2255,0.746,0.6725,18.2,23.0,1.262,0.000897,5,0.0,0
width_m30,width,translation_y,0,000747.png,0,0.1316,-0.117,-0.0949,-0.056,0.1316,0.0221,0.0146,0.675,0.6663,27.7,30.3,1.094,0.001805,5,0.0,0
width_m30,width,width,1,000829.png,1,0.2916,-0.2916,0.0408,0.0222,0.0219,0.2508,-0.2694,0.687,0.799,40.4,53.1,1.315,0.004597,2,0.352,0
width_m30,width,width,1,000843.png,0,0.1251,-0.1251,0.0299,0.0239,-0.0637,0.0952,-0.0614,0.779,0.4797,18.8,25.8,1.373,0.001045,9,0.0,0
width_m30,width,width,1,000843.png,1,0.3017,-0.3017,0.0028,0.0081,-0.0224,0.299,-0.2793,0.672,0.9357,123.0,195.0,1.586,0.051494,9,0.001,0
width_m30,width,width,1,000843.png,1,0.3179,-0.3179,-0.0529,0.0057,-0.0173,0.265,-0.3006,0.646,0.929,101.0,195.6,1.937,0.042391,9,0.0,0
width_m30,width,width,1,000843.png,1,0.2919,-0.2919,-0.0493,-0.0159,-0.0506,0.2426,-0.2414,0.643,0.4749,30.2,43.0,1.426,0.002784,9,0.168,0
width_m30,width,width,1,000843.png,1,0.3203,-0.3203,0.0178,0.0126,0.0427,0.3025,-0.2776,0.635,0.9216,64.4,98.2,1.525,0.013567,9,0.238,0
width_m30,width,width,1,000846.png,0,0.1361,0.1361,0.0026,-0.038,0.0226,0.1336,-0.0981,0.843,0.6837,22.7,58.7,2.582,0.002862,7,0.0,0
width_m30,width,height,0,000846.png,0,0.2328,-0.044,-0.2328,0.007,-0.0514,-0.1888,-0.1815,0.733,0.5703,32.5,70.1,2.157,0.00489,7,0.168,0
width_m30,width,width,1,000846.png,1,0.3518,-0.3518,-0.0744,-0.0067,-0.1004,0.2774,-0.2514,0.537,0.5192,15.9,26.5,1.66,0.000907,7,0.0,0
width_m30,width,width,1,000846.png,0,0.5633,0.5633,0.0676,0.0473,-0.1453,0.4957,-0.418,0.499,0.558,22.5,56.9,2.524,0.002752,7,0.0,0
width_m30,width,width,1,000851.png,1,0.2196,-0.2196,-0.0023,-0.0345,-0.016,0.2173,-0.1851,0.758,0.7529,28.7,30.6,1.065,0.001889,2,0.0,0
width_m30,width,width,1,000859.png,0,0.2538,0.2538,0.0552,-0.136,-0.0309,0.1986,-0.1178,0.74,0.6945,172.6,106.1,0.615,0.039311,6,0.0,1
width_m30,width,width,1,000859.png,0,0.2669,0.2669,0.0911,-0.0987,0.0148,0.1758,-0.1682,0.723,0.6033,21.8,30.6,1.407,0.00143,6,0.304,0
width_m30,width,width,1,000859.png,1,0.2805,-0.2805,0.033,-0.0052,0.0108,0.2475,-0.2697,0.703,0.9184,116.8,165.8,1.419,0.041597,6,0.075,0
width_m30,width,width,1,000882.png,1,0.2974,-0.2974,-0.0202,-0.0047,0.0051,0.2772,-0.2923,0.688,0.9336,195.2,348.8,1.787,0.146193,9,0.0,1
width_m30,width,width,1,000882.png,1,0.3203,-0.3203,0.0407,-0.0049,0.0054,0.2796,-0.3148,0.661,0.9392,158.1,218.8,1.384,0.074309,9,0.248,0
width_m30,width,scale,0,000882.png,1,0.2644,-0.4074,-0.1214,0.0337,-0.0584,0.286,-0.349,0.521,0.6687,26.7,29.5,1.106,0.001689,9,0.0,0
width_m30,width,width,1,000893.png,1,0.269,-0.269,0.065,0.0078,-0.0131,0.204,-0.2559,0.698,0.899,52.1,127.3,2.444,0.01424,1,0.0,0
width_m30,width,width,1,000897.png,1,0.2635,-0.2635,0.0864,0.0028,0.0011,0.1771,-0.2607,0.692,0.7559,38.4,85.3,2.222,0.007023,2,0.0,0
width_m30,width,width,1,000910.png,0,0.1353,0.1353,0.0072,0.0346,0.0019,0.1281,-0.1007,0.875,0.397,26.6,56.4,2.125,0.003219,8,0.643,0
width_m30,width,width,1,000910.png,1,0.3136,-0.3136,-0.0209,0.0004,0.0158,0.2928,-0.2978,0.666,0.882,98.3,169.7,1.726,0.035839,8,0.412,0
width_m30,width,width,1,000910.png,1,0.3829,-0.3829,-0.0428,0.072,0.066,0.3401,-0.311,0.548,0.3961,24.2,28.6,1.183,0.001482,8,0.146,0
width_m30,width,width,1,000918.png,1,0.3361,-0.3361,0.017,-0.0199,0.015,0.3192,-0.3163,0.649,0.8583,54.4,69.3,1.274,0.00809,7,0.213,0
width_m30,width,width,1,000918.png,1,0.3453,-0.3453,0.0103,-0.0748,0.0473,0.3351,-0.2705,0.606,0.7536,41.2,56.8,1.377,0.005025,7,0.349,0
width_m30,width,width,1,000918.png,1,0.3065,-0.3065,0.0372,-0.0244,0.0903,0.2694,-0.2163,0.599,0.4645,33.0,40.0,1.213,0.002836,7,0.514,0
width_m30,width,scale,0,000918.png,1,0.2716,-0.3622,-0.1811,-0.0156,0.0061,0.1811,-0.3466,0.522,0.313,24.8,54.5,2.198,0.0029,7,0.0,0
width_m30,width,width,1,000930.png,1,0.2509,-0.2509,-0.0487,-0.0142,0.0008,0.2023,-0.2367,0.713,0.9158,83.6,113.3,1.356,0.020334,3,0.244,0
width_m30,width,width,1,000930.png,1,0.3122,-0.3122,-0.0444,0.0344,0.041,0.2678,-0.2712,0.636,0.8378,37.8,46.3,1.224,0.003755,3,0.0,0
width_m30,width,width,1,000936.png,1,0.2754,-0.2754,-0.0242,0.0219,-0.0308,0.2512,-0.2445,0.684,0.8931,46.0,52.8,1.149,0.005217,12,0.532,0
width_m30,width,height,0,000936.png,0,0.252,-0.0251,0.252,-0.0563,0.2217,-0.227,-0.0304,0.611,0.3914,93.0,152.8,1.643,0.030519,12,0.98,1
width_m30,width,scale,0,000936.png,0,0.2317,-0.2473,-0.2161,0.0445,-0.0796,0.0312,-0.1677,0.59,0.3649,38.0,90.9,2.389,0.007423,12,0.978,0
width_m30,width,width,1,000936.png,1,0.2792,-0.2792,0.0594,-0.2691,0.0602,0.2198,-0.0101,0.482,0.2667,44.3,104.7,2.361,0.009967,12,0.832,0
width_m30,width,width,1,000970.png,1,0.2791,-0.2791,-0.024,-0.0049,0.0091,0.2551,-0.2701,0.704,0.8528,46.4,62.7,1.352,0.00624,6,0.569,0
width_m30,width,width,1,000970.png,1,0.2863,-0.2863,0.0995,-0.0122,-0.008,0.1868,-0.274,0.666,0.8594,76.9,162.2,2.108,0.026781,6,0.0,0
width_m30,width,height,0,000985.png,0,0.138,0.0059,0.138,0.0037,0.0644,-0.1321,-0.0736,0.872,0.344,58.9,128.5,2.182,0.016225,11,0.898,0
width_m30,width,width,1,000985.png,1,0.2658,-0.2658,-0.0037,-0.0613,0.0426,0.2621,-0.2044,0.681,0.2608,21.5,27.0,1.255,0.001249,11,0.0,0
width_m30,width,width,1,000985.png,1,0.29,-0.29,-0.039,-0.0443,0.0327,0.2509,-0.2457,0.667,0.8125,42.1,68.7,1.633,0.006193,11,0.388,0
width_m30,width,width,1,000998.png,1,0.2433,-0.2433,0.0401,-0.0212,0.009,0.2032,-0.2221,0.734,0.808,57.1,97.3,1.703,0.011932,8,0.3,0
width_m30,width,width,1,000998.png,1,0.345,-0.345,-0.0041,-0.0386,0.0139,0.3409,-0.3064,0.64,0.8246,63.7,78.7,1.236,0.010773,8,0.642,0
width_m30,width,width,1,000998.png,1,0.3017,-0.3017,-0.041,-0.0198,0.0473,0.2607,-0.2544,0.639,0.8931,31.9,32.2,1.01,0.002208,8,0.0,0
width_m30,width,width,1,000998.png,1,0.362,-0.362,0.1239,0.0032,-0.0446,0.2381,-0.3174,0.591,0.6931,31.7,40.4,1.273,0.002752,8,0.064,0
width_m30,width,width,1,001012.png,1,0.2678,-0.2678,-0.0116,0.0391,0.0054,0.2562,-0.2287,0.724,0.9559,188.1,416.4,2.214,0.168152,6,0.0,1
width_m30,width,height,0,001013.png,0,0.127,-0.0574,0.127,-0.0287,0.0719,-0.0696,-0.0551,0.829,0.7421,116.2,154.6,1.331,0.038519,9,1.0,1
width_m30,width,width,1,001013.png,1,0.2712,-0.2712,0.0505,0.0327,0.0262,0.2207,-0.2385,0.702,0.4731,58.3,124.2,2.13,0.01552,9,1.0,0
width_m30,width,width,1,001013.png,1,0.2911,-0.2911,0.0065,-0.0207,-0.0071,0.2846,-0.2704,0.701,0.8936,67.9,74.1,1.091,0.01078,9,0.0,0
width_m30,width,width,1,001013.png,1,0.3036,-0.3036,0.0506,0.022,0.0683,0.253,-0.2354,0.626,0.5956,32.7,65.7,2.008,0.004605,9,1.0,0
width_m30,width,scale,0,001013.png,0,0.3094,-0.3237,-0.2951,0.0466,-0.1498,0.0286,-0.1739,0.475,0.3432,63.6,153.5,2.414,0.020907,9,1.0,0
width_m30,width,width,1,001044.png,1,0.2994,-0.2994,-0.0389,0.0187,0.0555,0.2605,-0.2438,0.632,0.8275,35.2,53.5,1.522,0.004043,7,0.0,0
width_m30,width,width,1,001100.png,0,0.1324,0.1324,-0.085,-0.0545,-0.0394,0.0475,-0.0779,0.816,0.3675,29.8,57.1,1.918,0.003655,8,0.683,0
width_m30,width,width,1,001100.png,1,0.2636,-0.2636,0.023,-0.0138,0.008,0.2406,-0.2498,0.724,0.3692,92.4,123.5,1.337,0.024498,8,0.0,0
width_m30,width,width,1,001100.png,1,0.305,-0.305,-0.038,-0.0064,-0.0157,0.2669,-0.2893,0.669,0.8266,113.2,100.6,0.888,0.024442,8,0.0,0
width_m30,width,width,1,001100.png,1,0.369,-0.369,0.0007,0.1774,-0.0961,0.3683,-0.1916,0.538,0.3194,25.0,29.8,1.193,0.0016,8,0.293,0
width_m30,width,width,1,001143.png,1,0.3041,-0.3041,0.0382,0.0031,-0.0319,0.266,-0.2722,0.663,0.8622,25.5,26.9,1.057,0.001476,4,0.0,0
width_m30,width,width,1,001158.png,1,0.2934,-0.2934,-0.0309,0.0004,0.0123,0.2625,-0.2811,0.685,0.7646,53.5,74.9,1.4,0.008584,5,0.137,0
width_m30,width,translation_x,0,001158.png,1,0.2005,-0.0167,0.0044,0.2005,-0.0362,0.0123,0.1838,0.625,0.4775,116.3,164.1,1.41,0.040904,5,0.0,0
width_m30,width,height,0,001190.png,0,0.1299,-0.0982,0.1299,-0.026,0.0106,-0.0317,-0.1039,0.807,0.8596,65.7,94.7,1.441,0.013372,7,0.259,0
width_m30,width,width,1,001190.png,1,0.302,-0.302,0.0598,0.0056,0.0342,0.2421,-0.2677,0.665,0.8216,50.7,66.4,1.311,0.00722,7,0.594,0
width_m30,width,width,1,001190.png,1,0.3061,-0.3061,0.1368,0.0287,0.0442,0.1693,-0.2619,0.634,0.9055,100.2,131.4,1.311,0.028289,7,0.64,0
width_m30,width,width,1,001192.png,1,0.3828,-0.3828,0.0649,0.0398,0.0669,0.3179,-0.3159,0.561,0.8823,37.3,46.0,1.235,0.00368,3,0.0,0
width_m30,width,height,0,001209.png,0,0.1634,-0.0753,-0.1634,-0.0298,-0.045,-0.0881,-0.1184,0.774,0.3786,74.7,153.9,2.061,0.02467,13,0.725,0
width_m30,width,scale,0,001209.png,0,0.1498,0.1531,0.1465,0.0496,-0.0212,0.0066,-0.1035,0.756,0.5922,49.0,106.8,2.177,0.011241,13,0.81,0
width_m30,width,translation_x,0,001209.png,0,0.1528,0.0158,-0.0645,-0.1528,-0.0262,-0.0487,0.0883,0.695,0.2967,29.8,70.4,2.362,0.004505,13,0.704,0
width_m30,width,width,1,001209.png,1,0.2932,-0.2932,0.0477,0.0237,-0.0006,0.2454,-0.2695,0.684,0.9475,39.0,42.8,1.097,0.003584,13,0.0,0
width_m30,width,width,1,001209.png,1,0.3061,-0.3061,-0.0158,0.0071,0.0163,0.2903,-0.2897,0.673,0.9294,161.4,276.3,1.712,0.09574,13,0.185,0
width_m30,width,width,1,001209.png,1,0.311,-0.311,0.0397,-0.0274,0.0167,0.2713,-0.2836,0.671,0.7334,81.5,160.9,1.974,0.028147,13,0.767,0
width_m30,width,width,1,001209.png,1,0.3346,-0.3346,0.0263,0.0221,-0.0085,0.3083,-0.3126,0.654,0.9408,207.2,192.8,0.931,0.085771,13,0.103,1
width_m30,width,width,1,001226.png,1,0.3027,-0.3027,-0.0108,0.0027,0.0065,0.2919,-0.2962,0.688,0.9257,117.4,258.5,2.202,0.065177,4,0.0,0
width_m30,width,width,1,001276.png,1,0.2576,-0.2576,0.0049,-0.0346,-0.0037,0.2528,-0.223,0.738,0.6732,73.8,104.8,1.42,0.016599,6,0.029,0
width_m30,width,width,1,001276.png,1,0.2845,-0.2845,0.0342,-0.0165,0.0077,0.2503,-0.2679,0.698,0.9034,79.6,152.9,1.92,0.026149,6,0.019,0
width_m30,width,width,1,001276.png,1,0.3436,-0.3436,0.0256,-0.0248,0.0324,0.3181,-0.3112,0.625,0.6576,24.7,32.3,1.308,0.001711,6,0.08,0
width_p30,width,width,1,000019.png,1,0.3518,0.3518,0.0349,0.0019,0.0229,0.3169,-0.3288,0.708,0.947,132.3,194.4,1.47,0.055217,2,0.0,0
width_p30,width,width,1,000019.png,1,0.3835,0.3835,0.117,-0.0311,0.006,0.2665,-0.3524,0.647,0.5221,18.1,22.9,1.266,0.000892,2,0.0,0
width_p30,width,width,1,000060.png,1,0.2947,0.2947,0.026,0.0055,-0.0075,0.2687,-0.2873,0.753,0.9226,61.4,63.5,1.034,0.008375,2,0.0,0
width_p30,width,width,1,000060.png,0,0.2762,-0.2762,-0.0649,-0.1114,0.0218,0.2113,-0.1648,0.677,0.283,19.7,49.8,2.527,0.002105,2,0.0,0
width_p30,width,width,1,000075.png,0,0.1413,-0.1413,-0.0166,0.1143,0.0347,0.1247,-0.027,0.733,0.4814,25.3,49.2,1.942,0.002674,5,0.0,0
width_p30,width,width,1,000075.png,1,0.3189,0.3189,-0.0253,0.0049,-0.0285,0.2936,-0.2903,0.723,0.9093,79.1,118.0,1.493,0.020031,5,0.209,0
width_p30,width,width,1,000107.png,1,0.3039,0.3039,-0.0287,-0.0039,0.0189,0.2752,-0.285,0.744,0.9097,195.2,427.0,2.188,0.178904,7,0.235,1
width_p30,width,width,1,000107.png,1,0.2001,0.2001,0.0224,0.0229,0.0911,0.1778,-0.1091,0.704,0.7325,48.0,66.9,1.393,0.006901,7,0.732,0
width_p30,width,width,1,000107.png,1,0.3581,0.3581,0.0362,0.0563,0.0816,0.3218,-0.2765,0.637,0.5647,34.0,40.3,1.184,0.002943,7,0.666,0
width_p30,width,width,1,000136.png,0,0.1698,0.1698,0.04,0.0714,-0.0001,0.1299,-0.0984,0.822,0.7334,57.5,162.3,2.823,0.020033,6,0.514,0
width_p30,width,width,1,000136.png,1,0.299,0.299,-0.033,0.1025,-0.0467,0.266,-0.1965,0.71,0.7895,27.8,35.1,1.264,0.002093,6,0.323,0
width_p30,width,width,1,000136.png,1,0.3025,0.3025,-0.0183,0.0446,0.0747,0.2842,-0.2278,0.672,0.7798,51.1,166.6,3.257,0.018294,6,0.535,0
width_p30,width,scale,0,000136.png,1,0.2665,0.3489,0.184,-0.0099,0.1417,0.1649,-0.2072,0.577,0.7836,36.9,68.8,1.865,0.005446,6,0.118,0
width_p30,width,width,1,000178.png,1,0.2444,0.2444,0.0375,0.0167,0.0021,0.2069,-0.2277,0.775,0.812,48.3,149.1,3.088,0.015449,8,0.147,0
width_p30,width,width,1,000178.png,1,0.3006,0.3006,-0.005,-0.0019,0.0017,0.2956,-0.2987,0.766,0.9442,183.9,352.7,1.917,0.139285,8,0.434,1
width_p30,width,width,1,000178.png,1,0.2997,0.2997,0.0355,0.0077,0.0004,0.2642,-0.292,0.743,0.9329,167.6,262.8,1.568,0.094583,8,0.615,0
width_p30,width,width,1,000178.png,1,0.3115,0.3115,-0.0168,0.014,-0.0228,0.2947,-0.2887,0.734,0.7215,52.7,160.6,3.048,0.018158,8,0.125,1
width_p30,width,width,1,000286.png,1,0.2297,0.2297,-0.0449,-0.052,-0.016,0.1848,-0.1777,0.783,0.3258,50.2,59.9,1.194,0.006454,11,0.716,0
width_p30,width,width,1,000286.png,1,0.3056,0.3056,0.0003,-0.0174,0.0208,0.3053,-0.2848,0.738,0.9428,79.6,110.0,1.381,0.018813,11,0.09,0
width_p30,width,width,1,000357.png,1,0.3024,0.3024,-0.0273,0.0265,0.0097,0.2751,-0.276,0.752,0.9099,70.7,158.7,2.245,0.024048,8,0.371,0
width_p30,width,width,1,000357.png,1,0.3003,0.3003,0.0171,-0.0384,-0.0484,0.2832,-0.2519,0.705,0.8663,34.3,38.3,1.116,0.00282,8,0.0,0
width_p30,width,width,1,000357.png,1,0.4019,0.4019,0.0416,-0.1061,-0.0603,0.3603,-0.2958,0.64,0.5936,39.9,56.8,1.424,0.004859,8,0.605,0
width_p30,width,width,1,000386.png,1,0.2581,0.2581,-0.0293,-0.002,-0.0381,0.2288,-0.22,0.744,0.8625,57.8,96.6,1.673,0.011962,8,0.918,0
width_p30,width,width,1,000386.png,1,0.271,0.271,0.0596,0.021,-0.0117,0.2114,-0.25,0.743,0.8383,38.4,45.6,1.189,0.003753,8,0.0,0
width_p30,width,height,0,000386.png,1,0.182,0.1324,-0.182,0.0722,-0.0254,-0.0496,-0.1098,0.73,0.3354,82.4,189.6,2.303,0.033474,8,1.0,0
width_p30,width,width,1,000386.png,1,0.3217,0.3217,-0.0314,0.0486,0.0307,0.2902,-0.273,0.719,0.8681,34.5,47.0,1.362,0.003471,8,0.278,0
width_p30,width,width,1,000386.png,1,0.4277,0.4277,0.0794,0.0531,0.0191,0.3483,-0.3746,0.649,0.7752,34.8,58.7,1.686,0.00438,8,0.486,0
width_p30,width,width,1,000421.png,1,0.2823,0.2823,-0.0128,-0.0094,0.0214,0.2695,-0.261,0.752,0.8709,33.7,85.6,2.541,0.006191,7,0.0,0
width_p30,width,width,1,000421.png,1,0.3137,0.3137,-0.0506,0.0425,0.0453,0.263,-0.2684,0.705,0.8724,36.3,110.7,3.052,0.008618,7,0.321,0
width_p30,width,scale,0,000421.png,1,0.2308,-0.1924,-0.2693,-0.13,-0.052,-0.0769,-0.1393,0.552,0.4469,27.3,66.8,2.445,0.00392,7,0.952,0
width_p30,width,width,1,000462.png,1,0.3,0.3,-0.0077,-0.0,0.0036,0.2923,-0.2964,0.765,0.9322,99.5,179.3,1.802,0.038295,7,0.245,1
width_p30,width,width,1,000462.png,1,0.3166,0.3166,-0.0211,0.0053,-0.0098,0.2955,-0.3068,0.747,0.8345,99.8,206.8,2.072,0.044304,7,0.542,0
width_p30,width,width,1,000493.png,0,0.1643,-0.1643,-0.0118,0.12,0.0117,0.1525,-0.0443,0.752,0.8197,34.4,42.6,1.238,0.003145,4,0.0,0
width_p30,width,width,1,000512.png,1,0.2848,0.2848,0.0332,-0.0193,-0.0199,0.2517,-0.2649,0.749,0.864,31.9,57.1,1.791,0.003905,1,0.0,0
width_p30,width,width,1,000521.png,1,0.3214,0.3214,0.0569,-0.0367,0.0282,0.2646,-0.2848,0.716,0.7181,42.6,78.8,1.848,0.007214,4,0.442,0
width_p30,width,translation_y,0,000521.png,0,0.1324,0.1183,-0.0291,0.0658,0.1324,0.0892,0.0141,0.684,0.5935,19.5,26.8,1.371,0.001121,4,0.0,0
width_p30,width,width,1,000536.png,1,0.2735,0.2735,-0.0591,-0.0169,0.0208,0.2145,-0.2527,0.748,0.6539,21.3,33.6,1.578,0.001538,2,0.0,0
width_p30,width,width,1,000539.png,1,0.2556,0.2556,-0.0404,-0.0314,0.0079,0.2152,-0.2242,0.771,0.8231,33.3,71.8,2.158,0.005124,7,0.243,0
width_p30,width,width,1,000539.png,1,0.2307,0.2307,-0.1396,-0.0104,-0.038,0.0911,-0.1927,0.718,0.8233,30.5,63.2,2.07,0.004145,7,0.341,0
width_p30,width,width,1,000539.png,0,0.2256,0.2256,-0.0399,-0.1268,0.0656,0.1857,-0.0987,0.707,0.7479,23.8,45.0,1.888,0.002302,7,0.509,0
width_p30,width,width,1,000539.png,1,0.1713,0.1713,-0.0107,-0.1234,-0.1124,0.1606,-0.0478,0.648,0.2871,22.9,44.7,1.954,0.002193,7,0.319,0
width_p30,width,width,1,000539.png,0,0.2833,-0.2833,-0.1115,0.0748,-0.0205,0.1718,-0.2085,0.637,0.6364,21.2,47.7,2.253,0.002168,7,0.587,0
width_p30,width,width,1,000577.png,1,0.3609,0.3609,0.017,0.0313,0.0293,0.3438,-0.3295,0.697,0.8528,30.6,46.1,1.506,0.003024,5,0.0,0
width_p30,width,width,1,000577.png,1,0.5519,0.5519,-0.1132,-0.1024,0.0588,0.4387,-0.4495,0.593,0.4308,130.9,69.6,0.532,0.019575,5,0.0,1
width_p30,width,width,1,000612.png,1,0.3153,0.3153,0.0044,0.0034,-0.0085,0.3109,-0.3068,0.749,0.9204,160.1,250.8,1.567,0.086198,9,0.627,1
width_p30,width,height,0,000612.png,0,0.1528,0.0444,0.1528,-0.0866,0.0571,-0.1084,-0.0662,0.738,0.254,27.2,72.2,2.658,0.004215,9,0.816,0
width_p30,width,width,1,000612.png,1,0.3215,0.3215,-0.063,-0.0513,0.0011,0.2585,-0.2703,0.72,0.4595,30.8,84.8,2.751,0.005615,9,0.619,0
width_p30,width,height,0,000612.png,0,0.2662,-0.1559,0.2662,0.0496,-0.1841,-0.1103,-0.0821,0.632,0.2632,46.1,133.0,2.888,0.013155,9,0.395,0
width_p30,width,width,1,000616.png,0,0.1483,0.1483,0.0428,-0.0549,0.0122,0.1055,-0.0934,0.835,0.6724,30.2,43.9,1.455,0.002843,3,0.05,0
width_p30,width,width,1,000623.png,1,0.2592,0.2592,0.0122,0.0137,-0.0102,0.2471,-0.2455,0.779,0.9055,163.6,241.7,1.478,0.08489,7,0.0,1
width_p30,width,width,1,000623.png,0,0.1745,-0.1745,-0.0241,0.0363,-0.07,0.1504,-0.1045,0.723,0.3458,81.7,184.4,2.257,0.032358,7,0.031,0
width_p30,width,width,1,000623.png,1,0.351,0.351,-0.0501,-0.0667,-0.0519,0.3009,-0.2844,0.679,0.7259,43.5,61.7,1.419,0.005753,7,0.581,0
width_p30,width,width,1,000647.png,1,0.2354,0.2354,0.0382,0.0936,0.024,0.1973,-0.1418,0.773,0.6811,22.1,33.1,1.501,0.001568,6,0.06,0
width_p30,width,width,1,000657.png,1,0.1264,0.1264,-0.0373,-0.0163,-0.0605,0.0891,-0.0659,0.791,0.3552,15.7,21.1,1.348,0.000709,2,0.018,0
width_p30,width,width,1,000657.png,1,0.3115,0.3115,-0.0465,-0.0259,-0.1368,0.2651,-0.1747,0.595,0.5261,17.4,21.1,1.211,0.000788,2,0.014,0
width_p30,width,width,1,000664.png,0,0.2198,0.2198,0.0663,0.0964,-0.0158,0.1536,-0.1235,0.769,0.5068,37.1,38.7,1.042,0.003103,5,0.599,0
width_p30,width,width,1,000714.png,1,0.3099,0.3099,-0.0049,0.0037,0.0143,0.305,-0.2956,0.745,0.9058,88.9,167.5,1.883,0.031979,6,0.44,0
width_p30,width,width,1,000714.png,1,0.294,0.294,0.0472,-0.0044,-0.0056,0.2468,-0.2884,0.738,0.9332,99.0,181.7,1.836,0.038615,6,0.351,0
width_p30,width,width,1,000725.png,1,0.1659,0.1659,-0.0534,0.0582,-0.001,0.1125,-0.1077,0.818,0.6005,29.2,42.2,1.444,0.002646,7,0.603,0
width_p30,width,width,1,000725.png,0,0.2127,0.2127,0.0014,0.1021,-0.0243,0.2113,-0.1106,0.789,0.7433,86.1,138.4,1.608,0.025543,7,0.852,1
width_p30,width,width,1,000725.png,1,0.3913,0.3913,-0.1353,0.035,0.0637,0.256,-0.3276,0.646,0.8326,185.2,130.5,0.705,0.051786,7,0.375,1
width_p30,width,width,1,000729.png,0,0.1238,0.1238,0.0875,-0.0762,0.0093,0.0363,-0.0476,0.797,0.6637,44.7,128.7,2.877,0.012365,6,0.479,0
width_p30,width,width,1,000747.png,0,0.1481,0.1481,0.0896,-0.0953,0.0145,0.0586,-0.0529,0.769,0.372,30.6,38.5,1.261,0.002527,5,0.583,0
width_p30,width,height,0,000747.png,0,0.2514,0.0713,0.2514,0.0237,0.0259,-0.18,-0.2255,0.746,0.6725,18.2,23.0,1.262,0.000897,5,0.0,0
width_p30,width,width,1,000747.png,1,0.2921,0.2921,-0.0228,-0.0045,0.0679,0.2693,-0.2242,0.686,0.8177,31.3,51.5,1.647,0.003457,5,0.422,0
width_p30,width,translation_y,0,000747.png,0,0.1316,-0.117,-0.0949,-0.056,0.1316,0.0221,0.0146,0.675,0.6663,27.7,30.3,1.094,0.001805,5,0.0,0
width_p30,width,width,1,000843.png,1,0.1374,0.1374,0.0299,0.0239,-0.0637,0.1075,-0.0737,0.78,0.4797,18.8,25.8,1.373,0.001045,9,0.0,0
width_p30,width,width,1,000843.png,1,0.2667,0.2667,-0.0529,0.0057,-0.0173,0.2138,-0.2493,0.756,0.929,101.0,195.6,1.937,0.042391,9,0.186,0
width_p30,width,width,1,000843.png,1,0.2968,0.2968,0.0028,0.0081,-0.0224,0.2941,-0.2745,0.741,0.9357,123.0,195.0,1.586,0.051494,9,0.03,0
width_p30,width,width,1,000843.png,1,0.315,0.315,-0.0493,-0.0159,-0.0506,0.2658,-0.2645,0.698,0.4749,30.2,43.0,1.426,0.002784,9,0.321,0
width_p30,width,width,1,000846.png,0,0.1361,0.1361,0.0026,-0.038,0.0226,0.1336,-0.0981,0.843,0.6837,22.7,58.7,2.582,0.002862,7,0.003,0
width_p30,width,width,1,000846.png,1,0.3059,0.3059,0.0208,-0.0499,-0.009,0.285,-0.2559,0.75,0.7039,23.6,61.4,2.606,0.003106,7,0.0,0
width_p30,width,width,1,000846.png,1,0.309,0.309,0.0272,0.0111,0.0118,0.2818,-0.2972,0.744,0.8854,73.3,115.1,1.57,0.018109,7,0.043,0
width_p30,width,height,0,000846.png,0,0.2328,-0.044,-0.2328,0.007,-0.0514,-0.1888,-0.1815,0.733,0.5703,32.5,70.1,2.157,0.00489,7,0.294,0
width_p30,width,width,1,000846.png,1,0.2039,0.2039,-0.0744,-0.0067,-0.1004,0.1294,-0.1035,0.689,0.5192,15.9,26.5,1.66,0.000907,7,0.0,0
width_p30,width,width,1,000851.png,1,0.3367,0.3367,0.0878,-0.0062,0.0354,0.2489,-0.3013,0.688,0.8702,36.3,47.0,1.293,0.003669,2,0.0,0
width_p30,width,width,1,000854.png,1,0.2989,0.2989,-0.0417,0.012,-0.0555,0.2572,-0.2434,0.699,0.7341,19.3,35.4,1.836,0.001468,2,0.0,0
width_p30,width,width,1,000859.png,1,0.3417,0.3417,-0.0141,0.0449,-0.001,0.3276,-0.2968,0.737,0.8109,71.8,91.2,1.27,0.014052,6,0.45,0
width_p30,width,width,1,000859.png,1,0.3672,0.3672,-0.0104,0.0276,-0.0147,0.3568,-0.3396,0.714,0.7393,34.1,46.8,1.371,0.003432,6,0.274,0
width_p30,width,width,1,000859.png,1,0.63,0.63,0.0552,-0.136,-0.0309,0.5748,-0.4939,0.578,0.6945,172.6,106.1,0.615,0.039311,6,0.0,1
width_p30,width,width,1,000859.png,1,0.6469,0.6469,0.0911,-0.0987,0.0148,0.5559,-0.5482,0.557,0.6033,21.8,30.6,1.407,0.00143,6,0.496,0
width_p30,width,width,1,000882.png,1,0.2095,0.2095,0.0659,0.044,0.0288,0.1436,-0.1654,0.776,0.8284,48.2,61.6,1.278,0.00638,9,0.071,0
width_p30,width,width,1,000882.png,1,0.3049,0.3049,-0.0202,-0.0047,0.0051,0.2847,-0.2998,0.754,0.9336,195.2,348.8,1.787,0.146193,9,0.217,1
width_p30,width,scale,0,000882.png,0,0.1374,-0.1534,-0.1214,0.0337,-0.0584,0.032,-0.0951,0.744,0.6687,26.7,29.5,1.106,0.001689,9,0.449,0
width_p30,width,width,1,000882.png,1,0.3169,0.3169,-0.0438,0.0065,-0.0255,0.2731,-0.2914,0.729,0.9212,141.5,204.5,1.445,0.062106,9,0.026,1
width_p30,width,width,1,000893.png,1,0.3576,0.3576,0.065,0.0078,-0.0131,0.2925,-0.3445,0.692,0.899,52.1,127.3,2.444,0.01424,1,0.0,0
width_p30,width,width,1,000897.png,1,0.3678,0.3678,0.0864,0.0028,0.0011,0.2814,-0.365,0.673,0.7559,38.4,85.3,2.222,0.007023,2,0.0,0
width_p30,width,width,1,000910.png,0,0.1353,0.1353,0.0072,0.0346,0.0019,0.1281,-0.1007,0.875,0.397,26.6,56.4,2.125,0.003219,8,0.846,0
width_p30,width,width,1,000910.png,1,0.146,0.146,-0.0428,0.072,0.066,0.1032,-0.0741,0.771,0.3961,24.2,28.6,1.183,0.001482,8,0.537,0
width_p30,width,width,1,000910.png,1,0.2747,0.2747,-0.0209,0.0004,0.0158,0.2538,-0.2589,0.764,0.882,98.3,169.7,1.726,0.035839,8,0.44,0
width_p30,width,width,1,000910.png,1,0.3074,0.3074,-0.0357,-0.0107,-0.0138,0.2718,-0.2937,0.744,0.8699,108.9,116.2,1.067,0.027162,8,0.0,1
width_p30,width,width,1,000910.png,1,0.2837,0.2837,-0.0194,-0.004,0.0376,0.2643,-0.2461,0.729,0.7719,37.4,94.0,2.516,0.007537,8,0.328,0
width_p30,width,width,1,000910.png,1,0.4478,0.4478,0.0237,-0.0629,0.0358,0.4241,-0.3849,0.648,0.6419,43.2,45.7,1.058,0.004237,8,0.139,0
width_p30,width,width,1,000918.png,1,0.2329,0.2329,0.017,-0.0199,0.015,0.216,-0.213,0.788,0.8583,54.4,69.3,1.274,0.00809,7,0.358,0
width_p30,width,height,0,000918.png,0,0.1811,-0.0888,-0.1811,-0.0156,0.0061,-0.0923,-0.1655,0.746,0.313,24.8,54.5,2.198,0.0029,7,0.0,0
width_p30,width,width,1,000936.png,1,0.3004,0.3004,-0.0246,0.0002,0.0093,0.2758,-0.2911,0.754,0.9273,190.2,213.1,1.12,0.087037,12,0.331,1
width_p30,width,width,1,000936.png,1,0.2982,0.2982,0.0507,-0.0169,0.0114,0.2475,-0.2813,0.733,0.821,78.5,219.6,2.796,0.037044,12,0.689,0
width_p30,width,width,1,000936.png,1,0.4376,0.4376,0.0472,-0.0022,0.0214,0.3904,-0.4162,0.664,0.7665,64.1,140.9,2.2,0.01938,12,0.504,0
width_p30,width,height,0,000936.png,0,0.2352,-0.1165,-0.2352,0.0275,-0.139,-0.1187,-0.0962,0.645,0.272,61.4,122.0,1.986,0.016092,12,0.832,0
width_p30,width,width,1,000936.png,1,0.417,0.417,0.1033,-0.0632,0.0295,0.3138,-0.3538,0.64,0.4093,36.3,86.2,2.374,0.006724,12,0.713,0
width_p30,width,height,0,000936.png,0,0.252,-0.0251,0.252,-0.0563,0.2217,-0.227,-0.0304,0.611,0.3914,93.0,152.8,1.643,0.030519,12,0.98,1
width_p30,width,scale,0,000936.png,0,0.2317,-0.2473,-0.2161,0.0445,-0.0796,0.0312,-0.1677,0.59,0.3649,38.0,90.9,2.389,0.007423,12,0.978,0
width_p30,width,width,1,000985.png,1,0.2951,0.2951,-0.0006,-0.0053,-0.0034,0.2946,-0.2898,0.768,0.9135,72.0,100.0,1.388,0.015438,11,0.248,0
width_p30,width,scale,0,000985.png,1,0.2228,0.3077,0.138,0.0037,0.0644,0.1697,-0.2432,0.672,0.344,58.9,128.5,2.182,0.016225,11,0.898,0
width_p30,width,width,1,000985.png,1,0.418,0.418,0.0875,0.0634,0.0148,0.3305,-0.3546,0.649,0.5383,21.0,22.0,1.051,0.000991,11,0.0,0
width_p30,width,height,0,000998.png,0,0.1239,-0.0886,0.1239,0.0032,-0.0446,-0.0353,-0.0793,0.819,0.6931,31.7,40.4,1.273,0.002752,8,0.255,0
width_p30,width,width,1,000998.png,1,0.4054,0.4054,0.0401,-0.0212,0.009,0.3653,-0.3842,0.684,0.808,57.1,97.3,1.703,0.011932,8,0.351,0
width_p30,width,height,0,001013.png,0,0.127,-0.0574,0.127,-0.0287,0.0719,-0.0696,-0.0551,0.829,0.7421,116.2,154.6,1.331,0.038519,9,1.0,1
width_p30,width,width,1,001013.png,1,0.3127,0.3127,0.0005,-0.0015,-0.0003,0.3122,-0.3112,0.761,0.9229,193.8,370.6,1.912,0.153954,9,0.202,1
width_p30,width,width,1,001013.png,1,0.3166,0.3166,0.0065,-0.0207,-0.0071,0.31,-0.2958,0.75,0.8936,67.9,74.1,1.091,0.01078,9,0.0,0
width_p30,width,width,1,001013.png,1,0.2933,0.2933,0.0506,0.022,0.0683,0.2427,-0.225,0.683,0.5956,32.7,65.7,2.008,0.004605,9,1.0,0
width_p30,width,scale,0,001013.png,0,0.3094,-0.3237,-0.2951,0.0466,-0.1498,0.0286,-0.1739,0.475,0.3432,63.6,153.5,2.414,0.020907,9,1.0,0
width_p30,width,width,1,001044.png,1,0.2513,0.2513,-0.0389,-0.0089,-0.0209,0.2124,-0.2304,0.772,0.8868,142.5,197.9,1.388,0.060545,7,0.464,0
width_p30,width,width,1,001044.png,1,0.292,0.292,0.0154,-0.0133,-0.0003,0.2766,-0.2787,0.762,0.82,32.7,58.1,1.777,0.004077,7,0.236,0
width_p30,width,width,1,001044.png,1,0.4553,0.4553,0.0683,0.0567,-0.0897,0.387,-0.3656,0.586,0.6658,93.0,108.8,1.17,0.021739,7,0.744,0
width_p30,width,width,1,001100.png,1,0.2907,0.2907,-0.038,-0.0064,-0.0157,0.2527,-0.2751,0.752,0.8266,113.2,100.6,0.888,0.024442,8,0.0,1
width_p30,width,width,1,001100.png,1,0.4722,0.4722,-0.085,-0.0545,-0.0394,0.3872,-0.4176,0.639,0.3675,29.8,57.1,1.918,0.003655,8,0.641,0
width_p30,width,translation_x,0,001100.png,0,0.1774,-0.0986,0.0007,0.1774,-0.0961,0.0979,0.0788,0.581,0.3194,25.0,29.8,1.193,0.0016,8,0.351,0
width_p30,width,width,1,001158.png,1,0.2362,0.2362,-0.0026,-0.0386,0.0015,0.2336,-0.1976,0.807,0.7247,33.1,48.9,1.479,0.003463,5,0.463,0
width_p30,width,width,1,001158.png,1,0.2949,0.2949,-0.1171,-0.0384,-0.0189,0.1778,-0.2565,0.701,0.677,132.3,231.4,1.748,0.065623,5,0.0,1
width_p30,width,height,0,001190.png,0,0.1299,-0.0982,0.1299,-0.026,0.0106,-0.0317,-0.1039,0.807,0.8596,65.7,94.7,1.441,0.013372,7,0.661,0
width_p30,width,scale,0,001190.png,1,0.2127,0.2887,0.1368,0.0287,0.0442,0.1519,-0.2445,0.683,0.9055,100.2,131.4,1.311,0.028289,7,0.562,0
width_p30,width,width,1,001190.png,1,0.4104,0.4104,0.0794,-0.049,-0.0046,0.331,-0.3615,0.657,0.3952,31.2,37.9,1.218,0.002539,7,0.531,0
width_p30,width,scale,0,001190.png,1,0.5401,0.7301,0.3501,-0.3927,-0.1503,0.38,-0.3374,0.411,0.3435,21.1,21.0,0.993,0.000952,7,0.0,0
width_p30,width,width,1,001209.png,1,0.2357,0.2357,0.0263,0.0221,-0.0085,0.2094,-0.2136,0.789,0.9408,207.2,192.8,0.931,0.085771,13,0.357,1
width_p30,width,height,0,001209.png,0,0.1634,-0.0753,-0.1634,-0.0298,-0.045,-0.0881,-0.1184,0.774,0.3786,74.7,153.9,2.061,0.02467,13,1.0,0
width_p30,width,scale,0,001209.png,0,0.1498,0.1531,0.1465,0.0496,-0.0212,0.0066,-0.1035,0.756,0.5922,49.0,106.8,2.177,0.011241,13,0.937,0
width_p30,width,width,1,001209.png,1,0.2796,0.2796,0.0397,-0.0274,0.0167,0.2398,-0.2521,0.752,0.7334,81.5,160.9,1.974,0.028147,13,0.627,0
width_p30,width,width,1,001209.png,1,0.3186,0.3186,-0.0262,-0.005,0.003,0.2923,-0.3136,0.743,0.5929,37.6,94.3,2.51,0.0076,13,0.803,0
width_p30,width,width,1,001209.png,1,0.3126,0.3126,0.0477,0.0237,-0.0006,0.2649,-0.2889,0.727,0.9475,39.0,42.8,1.097,0.003584,13,0.004,0
width_p30,width,translation_x,0,001209.png,0,0.1528,0.0158,-0.0645,-0.1528,-0.0262,-0.0487,0.0883,0.695,0.2967,29.8,70.4,2.362,0.004505,13,0.899,0
width_p30,width,width,1,001226.png,1,0.295,0.295,-0.0108,0.0027,0.0065,0.2842,-0.2885,0.764,0.9257,117.4,258.5,2.202,0.065177,4,0.0,1
width_p30,width,width,1,001276.png,1,0.219,0.219,0.0256,-0.0248,0.0324,0.1934,-0.1866,0.772,0.6576,24.7,32.3,1.308,0.001711,6,0.374,0
width_p30,width,width,1,001276.png,1,0.3289,0.3289,0.0342,-0.0165,0.0077,0.2947,-0.3123,0.728,0.9034,79.6,152.9,1.92,0.026149,6,0.293,0
width_p30,width,width,1,001276.png,1,0.3787,0.3787,0.0049,-0.0346,-0.0037,0.3738,-0.3441,0.72,0.6732,73.8,104.8,1.42,0.016599,6,0.458,0
height_m30,height,width,0,000060.png,0,0.2762,-0.2762,-0.0649,-0.1114,0.0218,0.2113,-0.1648,0.677,0.283,19.7,49.8,2.527,0.002105,2,0.0,0
height_m30,height,width,0,000075.png,0,0.1413,-0.1413,-0.0166,0.1143,0.0347,0.1247,-0.027,0.733,0.4814,25.3,49.2,1.942,0.002674,5,0.0,0
height_m30,height,height,1,000075.png,1,0.2937,0.0024,-0.2937,-0.0162,0.0385,-0.2913,-0.2552,0.687,0.8902,40.2,60.4,1.503,0.005209,5,0.174,0
height_m30,height,height,1,000088.png,1,0.3459,0.0519,-0.3459,0.0119,0.0108,-0.2939,-0.334,0.633,0.8502,59.7,187.4,3.139,0.024025,1,0.0,0
height_m30,height,width,0,000136.png,0,0.1698,0.1698,0.04,0.0714,-0.0001,0.1299,-0.0984,0.822,0.7334,57.5,162.3,2.823,0.020033,6,0.282,0
height_m30,height,height,1,000136.png,0,0.184,0.0376,0.184,-0.0099,0.1417,-0.1464,-0.0423,0.743,0.7836,36.9,68.8,1.865,0.005446,6,0.054,0
height_m30,height,height,1,000136.png,1,0.3128,0.002,-0.3128,0.0446,0.0747,-0.3109,-0.2381,0.637,0.7798,51.1,166.6,3.257,0.018294,6,0.546,0
height_m30,height,height,1,000136.png,1,0.3231,-0.0008,-0.3231,0.1025,-0.0467,-0.3223,-0.2206,0.568,0.7895,27.8,35.1,1.264,0.002093,6,0.306,0
height_m30,height,height,1,000178.png,1,0.2794,0.015,-0.2794,-0.0274,0.0145,-0.2645,-0.252,0.689,0.9092,62.7,85.1,1.357,0.011449,8,0.547,0
height_m30,height,height,1,000194.png,1,0.2813,0.0034,-0.2813,0.0221,0.04,-0.2778,-0.2413,0.692,0.8732,28.7,37.0,1.29,0.002279,2,0.0,0
height_m30,height,height,1,000286.png,1,0.2056,0.0327,-0.2056,0.0748,0.0708,-0.1729,-0.1308,0.697,0.4303,42.2,54.9,1.3,0.004975,11,0.821,0
height_m30,height,height,1,000286.png,1,0.2998,0.0043,-0.2998,-0.0174,0.0208,-0.2954,-0.279,0.68,0.9428,79.6,110.0,1.381,0.018813,11,0.052,0
height_m30,height,height,1,000286.png,1,0.2819,-0.0903,-0.2819,0.0422,0.0489,-0.1916,-0.233,0.653,0.6718,31.1,40.2,1.293,0.002681,11,0.551,0
height_m30,height,translation_x,0,000357.png,0,0.1061,0.0784,0.0416,-0.1061,-0.0603,0.0368,0.0277,0.73,0.5936,39.9,56.8,1.424,0.004859,8,0.661,0
height_m30,height,height,1,000357.png,1,0.288,0.0003,-0.288,-0.0384,-0.0484,-0.2878,-0.2396,0.666,0.8663,34.3,38.3,1.116,0.00282,8,0.0,0
height_m30,height,height,1,000357.png,1,0.338,0.0032,-0.338,0.0,-0.0451,-0.3348,-0.2929,0.661,0.8821,137.9,106.6,0.773,0.031517,8,0.251,1
height_m30,height,height,1,000386.png,1,0.2583,-0.0223,-0.2583,0.021,-0.0117,-0.236,-0.2373,0.713,0.8383,38.4,45.6,1.189,0.003753,8,0.0,0
height_m30,height,scale,0,000386.png,0,0.1555,-0.1289,-0.182,0.0722,-0.0254,-0.0531,-0.1098,0.702,0.3354,82.4,189.6,2.303,0.033474,8,1.0,0
height_m30,height,height,1,000386.png,1,0.3205,-0.0322,-0.3205,-0.002,-0.0381,-0.2883,-0.2824,0.658,0.8625,57.8,96.6,1.673,0.011962,8,1.0,0
height_m30,height,height,1,000386.png,1,0.322,0.0167,-0.322,0.0486,0.0307,-0.3053,-0.2734,0.626,0.8681,34.5,47.0,1.362,0.003471,8,0.211,0
height_m30,height,height,1,000462.png,1,0.2889,-0.0067,-0.2889,-0.0122,0.0011,-0.2822,-0.2767,0.696,0.9171,129.2,238.0,1.842,0.066031,7,0.416,0
height_m30,height,height,1,000462.png,1,0.2992,-0.034,-0.2992,0.0135,-0.004,-0.2652,-0.2857,0.677,0.9278,210.2,284.5,1.354,0.128416,7,0.185,1
height_m30,height,height,1,000493.png,1,0.3219,-0.0328,-0.3219,-0.0202,-0.0128,-0.2891,-0.3017,0.652,0.8875,44.0,59.7,1.355,0.005641,4,0.0,0
height_m30,height,scale,0,000493.png,1,0.2363,-0.1643,-0.3083,0.12,0.0117,-0.1439,-0.1883,0.538,0.8197,34.4,42.6,1.238,0.003145,4,0.0,0
height_m30,height,height,1,000512.png,1,0.2768,-0.0117,-0.2768,-0.0193,-0.0199,-0.2651,-0.2569,0.698,0.864,31.9,57.1,1.791,0.003905,1,0.0,0
height_m30,height,height,1,000521.png,1,0.3204,0.1183,-0.3204,0.0658,0.1324,-0.2021,-0.188,0.622,0.5935,19.5,26.8,1.371,0.001121,4,0.0,0
height_m30,height,height,1,000539.png,0,0.1396,-0.0533,-0.1396,-0.0104,-0.038,-0.0862,-0.1016,0.815,0.8233,30.5,63.2,2.07,0.004145,7,0.278,0
height_m30,height,width,0,000539.png,0,0.2256,0.2256,-0.0399,-0.1268,0.0656,0.1857,-0.0987,0.707,0.7479,23.8,45.0,1.888,0.002302,7,0.346,0
height_m30,height,height,1,000539.png,1,0.2861,0.1074,-0.2861,0.0537,-0.0546,-0.1787,-0.2315,0.663,0.7565,44.0,39.9,0.907,0.003766,7,0.0,1
height_m30,height,scale,0,000539.png,1,0.3307,-0.2833,-0.3781,0.0748,-0.0205,-0.0948,-0.3033,0.446,0.6364,21.2,47.7,2.253,0.002168,7,0.411,0
height_m30,height,height,1,000577.png,1,0.2833,-0.0421,-0.2833,0.0282,-0.0134,-0.2413,-0.2552,0.678,0.8921,93.4,105.7,1.132,0.021202,5,0.478,0
height_m30,height,height,1,000577.png,1,0.281,0.0483,-0.281,-0.053,0.0105,-0.2327,-0.228,0.662,0.8436,63.1,69.5,1.101,0.009411,5,0.486,0
height_m30,height,height,1,000577.png,1,0.3792,0.1938,-0.3792,-0.1024,0.0588,-0.1855,-0.2768,0.549,0.4308,130.9,69.6,0.532,0.019575,5,0.0,1
height_m30,height,width,0,000601.png,0,0.1387,-0.1387,-0.0578,0.0068,0.0038,0.0809,-0.1319,0.811,0.6537,22.8,25.9,1.136,0.001267,2,0.0,0
height_m30,height,height,1,000612.png,0,0.1528,0.0444,0.1528,-0.0866,0.0571,-0.1084,-0.0662,0.738,0.254,27.2,72.2,2.658,0.004215,9,0.51,0
height_m30,height,height,1,000612.png,1,0.2962,-0.009,-0.2962,-0.0017,-0.0058,-0.2872,-0.2904,0.698,0.8479,77.9,116.7,1.498,0.01951,9,0.338,0
height_m30,height,height,1,000612.png,1,0.3512,0.006,-0.3512,0.0092,-0.0073,-0.3452,-0.342,0.64,0.7897,101.1,234.7,2.321,0.050957,9,0.644,0
height_m30,height,height,1,000612.png,0,0.2662,-0.1559,0.2662,0.0496,-0.1841,-0.1103,-0.0821,0.632,0.2632,46.1,133.0,2.888,0.013155,9,0.395,0
height_m30,height,height,1,000612.png,1,0.3441,0.0166,-0.3441,-0.0513,0.0011,-0.3275,-0.2928,0.604,0.4595,30.8,84.8,2.751,0.005615,9,0.691,0
height_m30,height,width,0,000616.png,0,0.1483,0.1483,0.0428,-0.0549,0.0122,0.1055,-0.0934,0.835,0.6724,30.2,43.9,1.455,0.002843,3,0.05,0
height_m30,height,width,0,000623.png,0,0.1745,-0.1745,-0.0241,0.0363,-0.07,0.1504,-0.1045,0.723,0.3458,81.7,184.4,2.257,0.032358,7,0.031,0
height_m30,height,height,1,000623.png,1,0.2915,-0.0314,-0.2915,0.0137,-0.0102,-0.2601,-0.2777,0.686,0.9055,163.6,241.7,1.478,0.08489,7,0.0,1
height_m30,height,height,1,000623.png,1,0.3351,0.0393,-0.3351,-0.0667,-0.0519,-0.2958,-0.2684,0.599,0.7259,43.5,61.7,1.419,0.005753,7,0.665,0
height_m30,height,height,1,000647.png,1,0.2971,-0.0322,-0.2971,0.0007,-0.0169,-0.2648,-0.2802,0.68,0.9008,64.4,73.8,1.147,0.010182,6,0.0,0
height_m30,height,height,1,000647.png,1,0.3662,-0.0611,-0.3662,-0.0327,0.0371,-0.3051,-0.3291,0.593,0.838,38.0,53.0,1.398,0.004315,6,0.577,0
height_m30,height,width,0,000657.png,0,0.1335,-0.1335,-0.0373,-0.0163,-0.0605,0.0962,-0.073,0.77,0.3552,15.7,21.1,1.348,0.000709,2,0.0,0
height_m30,height,height,1,000657.png,1,0.3325,0.0088,-0.3325,-0.0259,-0.1368,-0.3237,-0.1957,0.64,0.5261,17.4,21.1,1.211,0.000788,2,0.0,0
height_m30,height,width,0,000664.png,0,0.2198,0.2198,0.0663,0.0964,-0.0158,0.1536,-0.1235,0.769,0.5068,37.1,38.7,1.042,0.003103,5,0.599,0
height_m30,height,height,1,000664.png,1,0.321,-0.014,-0.321,0.016,-0.0121,-0.307,-0.305,0.659,0.9321,122.1,186.7,1.529,0.049257,5,0.008,0
height_m30,height,height,1,000664.png,1,0.2912,0.0889,-0.2912,-0.0778,-0.0118,-0.2023,-0.2134,0.631,0.8075,33.7,49.7,1.476,0.00362,5,0.097,0
height_m30,height,height,1,000683.png,1,0.3114,0.0425,-0.3114,0.0009,0.0598,-0.2689,-0.2516,0.669,0.8407,27.9,26.7,0.955,0.001601,4,0.0,0
height_m30,height,height,1,000714.png,1,0.2803,0.0365,-0.2803,-0.0009,-0.0256,-0.2438,-0.2547,0.701,0.8907,69.7,185.3,2.659,0.027722,6,0.341,0
height_m30,height,width,0,000725.png,0,0.173,-0.173,-0.0084,-0.0649,0.0029,0.1645,-0.1081,0.82,0.7178,67.4,164.2,2.437,0.023699,7,0.205,0
height_m30,height,height,1,000725.png,0,0.1353,0.0702,-0.1353,0.035,0.0637,-0.0651,-0.0716,0.815,0.8326,185.2,130.5,0.705,0.051786,7,0.349,1
height_m30,height,width,0,000725.png,0,0.2127,0.2127,0.0014,0.1021,-0.0243,0.2113,-0.1106,0.789,0.7433,86.1,138.4,1.608,0.025543,7,0.691,1
height_m30,height,height,1,000725.png,1,0.3035,-0.0098,-0.3035,0.0118,0.0125,-0.2937,-0.291,0.682,0.9114,107.0,235.2,2.199,0.053912,7,0.576,0
height_m30,height,height,1,000725.png,1,0.3374,-0.1031,-0.3374,0.0582,-0.001,-0.2343,-0.2792,0.587,0.6005,29.2,42.2,1.444,0.002646,7,0.655,0
height_m30,height,width,0,000729.png,0,0.1238,0.1238,0.0875,-0.0762,0.0093,0.0363,-0.0476,0.797,0.6637,44.7,128.7,2.877,0.012365,6,0.479,0
height_m30,height,height,1,000729.png,1,0.2652,0.0104,-0.2652,0.0043,-0.0335,-0.2548,-0.2317,0.729,0.8823,203.1,183.0,0.901,0.079777,6,0.839,1
height_m30,height,width,0,000747.png,0,0.177,-0.177,-0.0386,-0.0779,0.0043,0.1384,-0.0991,0.791,0.4229,28.6,98.4,3.433,0.00605,5,0.0,0
height_m30,height,height,1,000747.png,0,0.2514,0.0713,0.2514,0.0237,0.0259,-0.18,-0.2255,0.746,0.6725,18.2,23.0,1.262,0.000897,5,0.0,0
height_m30,height,translation_y,0,000747.png,0,0.1316,-0.117,-0.0949,-0.056,0.1316,0.0221,0.0146,0.675,0.6663,27.7,30.3,1.094,0.001805,5,0.0,0
height_m30,height,height,1,000747.png,1,0.2373,0.1481,-0.2373,-0.0953,0.0145,-0.0891,-0.142,0.661,0.372,30.6,38.5,1.261,0.002527,5,0.517,0
height_m30,height,height,1,000829.png,1,0.328,-0.002,-0.328,0.0073,0.0312,-0.326,-0.2968,0.664,0.9332,63.1,85.3,1.353,0.011555,2,0.183,0
height_m30,height,height,1,000843.png,1,0.2981,-0.0024,-0.2981,0.0081,-0.0224,-0.2956,-0.2757,0.692,0.9357,123.0,195.0,1.586,0.051494,9,0.0,0
height_m30,height,height,1,000843.png,1,0.3345,0.0116,-0.3345,-0.0159,-0.0506,-0.3229,-0.2839,0.649,0.4749,30.2,43.0,1.426,0.002784,9,0.267,0
height_m30,height,height,1,000843.png,1,0.337,-0.0256,-0.337,0.0057,-0.0173,-0.3114,-0.3197,0.646,0.929,101.0,195.6,1.937,0.042391,9,0.13,0
height_m30,height,scale,0,000843.png,1,0.2021,-0.1251,-0.2791,0.0239,-0.0637,-0.154,-0.2154,0.631,0.4797,18.8,25.8,1.373,0.001045,9,0.0,0
height_m30,height,width,0,000846.png,0,0.1361,0.1361,0.0026,-0.038,0.0226,0.1336,-0.0981,0.843,0.6837,22.7,58.7,2.582,0.002862,7,0.0,0
height_m30,height,height,1,000846.png,1,0.281,0.0069,-0.281,0.0111,0.0118,-0.274,-0.2691,0.706,0.8854,73.3,115.1,1.57,0.018109,7,0.0,0
height_m30,height,height,1,000846.png,1,0.2854,0.0045,-0.2854,-0.0499,-0.009,-0.2809,-0.2355,0.656,0.7039,23.6,61.4,2.606,0.003106,7,0.0,0
height_m30,height,height,1,000846.png,1,0.3521,-0.074,-0.3521,-0.0067,-0.1004,-0.2781,-0.2517,0.6,0.5192,15.9,26.5,1.66,0.000907,7,0.0,0
height_m30,height,height,1,000846.png,1,0.463,-0.044,-0.463,0.007,-0.0514,-0.419,-0.4116,0.513,0.5703,32.5,70.1,2.157,0.00489,7,0.0,0
height_m30,height,width,0,000846.png,0,0.5633,0.5633,0.0676,0.0473,-0.1453,0.4957,-0.418,0.499,0.558,22.5,56.9,2.524,0.002752,7,0.0,0
height_m30,height,height,1,000854.png,1,0.287,0.0431,-0.287,-0.0079,0.0144,-0.2439,-0.2726,0.692,0.9398,39.8,80.9,2.034,0.006916,2,0.0,0
height_m30,height,height,1,000859.png,1,0.2769,0.0279,-0.2769,-0.0052,0.0108,-0.249,-0.2661,0.709,0.9184,116.8,165.8,1.419,0.041597,6,0.153,0
height_m30,height,width,0,000859.png,1,0.2669,0.2669,-0.2362,-0.0987,0.0148,0.0306,-0.1682,0.634,0.6033,21.8,30.6,1.407,0.00143,6,0.304,0
height_m30,height,height,1,000859.png,1,0.2614,0.2538,-0.2614,-0.136,-0.0309,-0.0076,-0.1253,0.613,0.6945,172.6,106.1,0.615,0.039311,6,0.0,1
height_m30,height,height,1,000859.png,1,0.3609,0.0472,-0.3609,0.0606,-0.0324,-0.3136,-0.3003,0.584,0.6242,18.5,25.3,1.364,0.001007,6,0.0,0
height_m30,height,scale,0,000882.png,0,0.1374,-0.1534,-0.1214,0.0337,-0.0584,0.032,-0.0951,0.744,0.6687,26.7,29.5,1.106,0.001689,9,0.104,0
height_m30,height,height,1,000882.png,1,0.3034,-0.0269,-0.3034,-0.0344,0.05,-0.2765,-0.2534,0.654,0.897,34.9,37.5,1.075,0.002812,9,0.491,0
height_m30,height,height,1,000884.png,1,0.2744,-0.0063,-0.2744,-0.0276,-0.0006,-0.2681,-0.2468,0.691,0.6428,48.1,61.9,1.287,0.006385,2,0.0,0
height_m30,height,height,1,000893.png,1,0.2545,0.0443,-0.2545,0.0078,-0.0131,-0.2102,-0.2414,0.722,0.899,52.1,127.3,2.444,0.01424,1,0.0,0
height_m30,height,height,1,000897.png,1,0.2395,0.0521,-0.2395,0.0028,0.0011,-0.1874,-0.2367,0.731,0.7559,38.4,85.3,2.222,0.007023,2,0.0,0
height_m30,height,width,0,000910.png,0,0.1353,0.1353,0.0072,0.0346,0.0019,0.1281,-0.1007,0.875,0.397,26.6,56.4,2.125,0.003219,8,0.643,0
height_m30,height,height,1,000910.png,1,0.33,-0.1185,-0.33,0.072,0.066,-0.2115,-0.258,0.577,0.3961,24.2,28.6,1.183,0.001482,8,0.254,0
height_m30,height,height,1,000918.png,0,0.1811,-0.0888,-0.1811,-0.0156,0.0061,-0.0923,-0.1655,0.746,0.313,24.8,54.5,2.198,0.0029,7,0.0,0
height_m30,height,height,1,000918.png,1,0.274,-0.0093,-0.274,-0.0244,0.0903,-0.2647,-0.1837,0.695,0.4645,33.0,40.0,1.213,0.002836,7,0.711,0
height_m30,height,height,1,000918.png,1,0.3281,0.0211,-0.3281,0.0022,0.016,-0.307,-0.3121,0.663,0.9528,201.3,399.0,1.982,0.172467,7,0.0,1
height_m30,height,height,1,000930.png,1,0.3311,-0.0174,-0.3311,0.0344,0.041,-0.3137,-0.2901,0.629,0.8378,37.8,46.3,1.224,0.003755,3,0.0,0
height_m30,height,height,1,000936.png,1,0.2221,0.1144,-0.2221,-0.0498,0.0425,-0.1077,-0.1723,0.714,0.6846,52.8,108.5,2.055,0.012298,12,0.793,0
height_m30,height,height,1,000936.png,1,0.267,0.1058,-0.267,-0.0022,0.0214,-0.1612,-0.2456,0.68,0.7665,64.1,140.9,2.2,0.01938,12,0.538,0
height_m30,height,height,1,000936.png,1,0.3169,0.0352,-0.3169,0.0219,-0.0308,-0.2817,-0.2861,0.662,0.8931,46.0,52.8,1.149,0.005217,12,0.358,0
height_m30,height,height,1,000936.png,0,0.2352,-0.1165,-0.2352,0.0275,-0.139,-0.1187,-0.0962,0.645,0.272,61.4,122.0,1.986,0.016092,12,0.832,0
height_m30,height,height,1,000936.png,0,0.252,-0.0251,0.252,-0.0563,0.2217,-0.227,-0.0304,0.611,0.3914,93.0,152.8,1.643,0.030519,12,0.98,1
height_m30,height,scale,0,000936.png,1,0.3493,-0.2473,-0.4513,0.0445,-0.0796,-0.2039,-0.3717,0.413,0.3649,38.0,90.9,2.389,0.007423,12,1.0,0
height_m30,height,height,1,000970.png,1,0.2304,0.0196,-0.2304,-0.0122,-0.008,-0.2107,-0.2181,0.755,0.8594,76.9,162.2,2.108,0.026781,6,0.0,0
height_m30,height,height,1,000985.png,0,0.138,0.0059,0.138,0.0037,0.0644,-0.1321,-0.0736,0.872,0.344,58.9,128.5,2.182,0.016225,11,0.898,0
height_m30,height,height,1,000985.png,1,0.2811,-0.0085,-0.2811,-0.0002,-0.0022,-0.2725,-0.2789,0.713,0.9115,71.4,104.8,1.468,0.016044,11,0.0,0
height_m30,height,height,1,000985.png,1,0.2388,0.0908,-0.2388,0.0634,0.0148,-0.148,-0.1754,0.69,0.5383,21.0,22.0,1.051,0.000991,11,0.0,0
height_m30,height,height,1,000985.png,1,0.3338,0.0087,-0.3338,0.003,-0.0562,-0.3251,-0.2776,0.662,0.872,35.4,44.4,1.256,0.003366,11,0.0,0
height_m30,height,height,1,000985.png,1,0.3026,0.0489,-0.3026,-0.0613,0.0426,-0.2537,-0.2412,0.634,0.2608,21.5,27.0,1.255,0.001249,11,0.137,0
height_m30,height,height,1,000998.png,0,0.1239,-0.0886,0.1239,0.0032,-0.0446,-0.0353,-0.0793,0.819,0.6931,31.7,40.4,1.273,0.002752,8,0.255,0
height_m30,height,height,1,000998.png,1,0.2595,0.0105,-0.2595,0.0026,0.0125,-0.249,-0.247,0.735,0.8867,72.3,150.9,2.087,0.023435,8,0.195,0
height_m30,height,height,1,000998.png,1,0.3017,-0.0138,-0.3017,-0.011,0.0269,-0.2879,-0.2748,0.684,0.9346,91.5,131.9,1.441,0.025922,8,0.26,0
height_m30,height,height,1,000998.png,1,0.3287,-0.0024,-0.3287,-0.0198,0.0473,-0.3263,-0.2814,0.649,0.8931,31.9,32.2,1.01,0.002208,8,0.0,0
height_m30,height,height,1,000998.png,1,0.3108,-0.1022,-0.3108,0.0191,-0.003,-0.2085,-0.2917,0.619,0.8535,42.4,76.9,1.815,0.006993,8,0.215,0
height_m30,height,height,1,001012.png,1,0.3078,-0.1141,-0.3078,-0.0066,0.0156,-0.1937,-0.2922,0.613,0.8673,44.3,64.2,1.45,0.006107,6,0.509,0
height_m30,height,height,1,001013.png,0,0.127,-0.0574,0.127,-0.0287,0.0719,-0.0696,-0.0551,0.829,0.7421,116.2,154.6,1.331,0.038519,9,1.0,1
height_m30,height,height,1,001013.png,1,0.2646,0.0412,-0.2646,0.0327,0.0262,-0.2235,-0.232,0.699,0.4731,58.3,124.2,2.13,0.01552,9,1.0,0
height_m30,height,height,1,001044.png,1,0.3272,-0.0375,-0.3272,-0.0089,-0.0209,-0.2898,-0.3063,0.648,0.8868,142.5,197.9,1.388,0.060545,7,0.511,0
height_m30,height,width,0,001100.png,0,0.1324,0.1324,-0.085,-0.0545,-0.0394,0.0475,-0.0779,0.816,0.3675,29.8,57.1,1.918,0.003655,8,0.683,0
height_m30,height,height,1,001100.png,1,0.2995,-0.0986,-0.2995,0.1774,-0.0961,-0.2009,-0.1221,0.497,0.3194,25.0,29.8,1.193,0.0016,8,0.362,0
height_m30,height,height,1,001135.png,1,0.2567,0.0327,-0.2567,-0.0111,-0.0058,-0.224,-0.2456,0.726,0.8107,80.1,120.0,1.498,0.02064,1,0.0,0
height_m30,height,height,1,001158.png,1,0.3018,-0.0491,-0.3018,-0.0386,0.0015,-0.2527,-0.2632,0.648,0.7247,33.1,48.9,1.479,0.003463,5,0.515,0
height_m30,height,height,1,001167.png,1,0.2416,0.0466,-0.2416,-0.0603,0.0773,-0.195,-0.1643,0.687,0.8813,31.4,66.3,2.108,0.004473,1,0.0,0
height_m30,height,height,1,001190.png,0,0.1368,-0.0087,0.1368,0.0287,0.0442,-0.1281,-0.0926,0.834,0.9055,100.2,131.4,1.311,0.028289,7,0.448,0
height_m30,height,height,1,001190.png,0,0.1299,-0.0982,0.1299,-0.026,0.0106,-0.0317,-0.1039,0.807,0.8596,65.7,94.7,1.441,0.013372,7,0.46,0
height_m30,height,height,1,001190.png,1,0.3067,-0.0021,-0.3067,0.0015,-0.001,-0.3046,-0.3052,0.691,0.9413,173.2,458.3,2.646,0.170417,7,0.121,1
height_m30,height,height,1,001190.png,1,0.2899,-0.0099,-0.2899,0.0151,0.0254,-0.28,-0.2645,0.691,0.8691,66.1,81.9,1.239,0.011611,7,0.0,0
height_m30,height,height,1,001192.png,1,0.2885,-0.0048,-0.2885,-0.02,0.0145,-0.2837,-0.2685,0.687,0.9345,104.2,149.9,1.439,0.033542,3,0.31,0
height_m30,height,height,1,001192.png,1,0.2545,-0.1183,-0.2545,0.0398,0.0669,-0.1362,-0.1876,0.657,0.8823,37.3,46.0,1.235,0.00368,3,0.0,0
height_m30,height,height,1,001209.png,0,0.1634,-0.0753,-0.1634,-0.0298,-0.045,-0.0881,-0.1184,0.774,0.3786,74.7,153.9,2.061,0.02467,13,0.892,0
height_m30,height,scale,0,001209.png,0,0.1498,0.1531,0.1465,0.0496,-0.0212,0.0066,-0.1035,0.756,0.5922,49.0,106.8,2.177,0.011241,13,0.81,0
height_m30,height,translation_x,0,001209.png,0,0.1528,0.0158,-0.0645,-0.1528,-0.0262,-0.0487,0.0883,0.695,0.2967,29.8,70.4,2.362,0.004505,13,0.704,0
height_m30,height,height,1,001226.png,1,0.2861,-0.0509,-0.2861,-0.0158,0.002,-0.2352,-0.2703,0.677,0.9338,48.0,63.7,1.326,0.006571,4,0.175,0
height_m30,height,height,1,001276.png,1,0.2761,0.0222,-0.2761,-0.0165,0.0077,-0.2539,-0.2595,0.706,0.9034,79.6,152.9,1.92,0.026149,6,0.223,0
height_m30,height,height,1,001276.png,1,0.2821,-0.0623,-0.2821,-0.0248,0.0324,-0.2198,-0.2497,0.673,0.6576,24.7,32.3,1.308,0.001711,6,0.309,0
height_p30,height,height,1,000006.png,1,0.2156,-0.0592,0.2156,0.016,0.0624,-0.1564,-0.1532,0.782,0.8673,65.6,188.9,2.881,0.02675,4,0.0,0
height_p30,height,height,1,000019.png,1,0.3453,0.0398,0.3453,0.0019,0.0229,-0.3055,-0.3224,0.715,0.947,132.3,194.4,1.47,0.055217,2,0.0,0
height_p30,height,width,0,000060.png,0,0.2762,-0.2762,-0.0649,-0.1114,0.0218,0.2113,-0.1648,0.677,0.283,19.7,49.8,2.527,0.002105,2,0.0,0
height_p30,height,height,1,000075.png,1,0.2671,0.0145,0.2671,0.0049,-0.0285,-0.2526,-0.2386,0.778,0.9093,79.1,118.0,1.493,0.020031,5,0.145,0
height_p30,height,width,0,000075.png,0,0.1413,-0.1413,-0.0166,0.1143,0.0347,0.1247,-0.027,0.733,0.4814,25.3,49.2,1.942,0.002674,5,0.0,0
height_p30,height,height,1,000075.png,1,0.3257,0.0448,0.3257,0.0205,-0.007,-0.2809,-0.3051,0.722,0.8478,231.7,152.6,0.659,0.0759,5,0.0,1
height_p30,height,height,1,000107.png,1,0.3277,0.0046,0.3277,0.0093,0.0289,-0.3231,-0.2988,0.741,0.9311,132.6,200.4,1.511,0.057037,7,0.528,0
height_p30,height,height,1,000107.png,1,0.3471,0.0447,0.3471,0.0563,0.0816,-0.3024,-0.2655,0.67,0.5647,34.0,40.3,1.184,0.002943,7,0.438,0
height_p30,height,translation_x,0,000136.png,0,0.1025,-0.0008,-0.033,0.1025,-0.0467,-0.0322,0.0695,0.746,0.7895,27.8,35.1,1.264,0.002093,6,0.282,0
height_p30,height,height,1,000136.png,0,0.184,0.0376,0.184,-0.0099,0.1417,-0.1464,-0.0423,0.743,0.7836,36.9,68.8,1.865,0.005446,6,0.054,0
height_p30,height,height,1,000136.png,1,0.2762,0.002,0.2762,0.0446,0.0747,-0.2743,-0.2015,0.723,0.7798,51.1,166.6,3.257,0.018294,6,0.546,0
height_p30,height,scale,0,000136.png,1,0.2609,0.1698,0.3519,0.0714,-0.0001,-0.1821,-0.2805,0.632,0.7334,57.5,162.3,2.823,0.020033,6,0.403,0
height_p30,height,height,1,000178.png,1,0.3461,-0.0002,0.3461,0.0077,0.0004,-0.3459,-0.3384,0.733,0.9329,167.6,262.8,1.568,0.094583,8,0.431,1
height_p30,height,height,1,000178.png,1,0.3129,0.0879,0.3129,0.0484,0.0397,-0.2251,-0.2645,0.695,0.3452,51.0,56.0,1.098,0.006132,8,0.748,0
height_p30,height,height,1,000229.png,1,0.3216,0.0311,0.3216,0.0126,0.0205,-0.2906,-0.3011,0.734,0.8137,25.8,25.8,0.998,0.001428,1,0.0,0
height_p30,height,height,1,000286.png,1,0.2948,0.034,0.2948,0.0303,0.0059,-0.2607,-0.2645,0.73,0.8927,127.6,140.1,1.098,0.038397,11,0.608,0
height_p30,height,height,1,000295.png,1,0.3108,-0.0201,0.3108,-0.0064,-0.0267,-0.2907,-0.2842,0.751,0.9016,95.4,134.6,1.411,0.027569,2,0.0,0
height_p30,height,height,1,000357.png,1,0.2488,0.011,0.2488,0.0062,-0.007,-0.2378,-0.2418,0.791,0.9401,57.5,88.0,1.531,0.010847,8,0.373,0
height_p30,height,height,1,000357.png,1,0.3079,-0.0029,0.3079,-0.0172,-0.0094,-0.305,-0.2907,0.742,0.8381,40.3,71.8,1.782,0.006202,8,0.567,0
height_p30,height,height,1,000357.png,1,0.3541,0.0784,0.3541,-0.1061,-0.0603,-0.2757,-0.248,0.611,0.5936,39.9,56.8,1.424,0.004859,8,0.719,0
height_p30,height,height,1,000386.png,1,0.2639,-0.0093,0.2639,-0.0047,0.0136,-0.2546,-0.2503,0.785,0.9544,200.2,414.0,2.067,0.177638,8,0.241,1
height_p30,height,height,1,000386.png,1,0.2591,0.0167,0.2591,0.0486,0.0307,-0.2424,-0.2105,0.727,0.8681,34.5,47.0,1.362,0.003471,8,0.188,0
height_p30,height,scale,0,000386.png,0,0.1555,-0.1289,-0.182,0.0722,-0.0254,-0.0531,-0.1098,0.702,0.3354,82.4,189.6,2.303,0.033474,8,1.0,0
height_p30,height,scale,0,000421.png,0,0.324,-0.3787,-0.2693,-0.13,-0.052,0.1095,-0.2488,0.454,0.4469,27.3,66.8,2.445,0.00392,7,0.683,0
height_p30,height,height,1,000456.png,1,0.3072,-0.0077,0.3072,0.0001,0.042,-0.2996,-0.2652,0.76,0.906,82.1,98.0,1.193,0.017284,2,0.0,0
height_p30,height,height,1,000462.png,1,0.2084,-0.0747,0.2084,-0.0112,0.0862,-0.1336,-0.1222,0.776,0.705,71.4,161.9,2.267,0.024831,7,0.958,0
height_p30,height,height,1,000462.png,1,0.29,-0.0,0.29,-0.0,0.0036,-0.29,-0.2864,0.775,0.9322,99.5,179.3,1.802,0.038295,7,0.237,1
height_p30,height,height,1,000462.png,1,0.3015,-0.034,0.3015,0.0135,-0.004,-0.2675,-0.288,0.748,0.9278,210.2,284.5,1.354,0.128416,7,0.185,1
height_p30,height,height,1,000462.png,1,0.3207,-0.0067,0.3207,-0.0122,0.0011,-0.314,-0.3085,0.742,0.9171,129.2,238.0,1.842,0.066031,7,0.344,0
height_p30,height,height,1,000462.png,1,0.308,0.0451,0.308,-0.022,-0.0055,-0.2629,-0.286,0.732,0.8454,71.8,140.6,1.958,0.021678,7,0.396,0
height_p30,height,height,1,000493.png,1,0.2831,-0.0031,0.2831,0.0061,0.0013,-0.28,-0.277,0.771,0.8452,192.2,292.2,1.521,0.120576,4,0.0,1
height_p30,height,width,0,000493.png,0,0.1643,-0.1643,-0.0118,0.12,0.0117,0.1525,-0.0443,0.752,0.8197,34.4,42.6,1.238,0.003145,4,0.0,0
height_p30,height,translation_y,0,000521.png,0,0.1324,0.1183,-0.0291,0.0658,0.1324,0.0892,0.0141,0.684,0.5935,19.5,26.8,1.371,0.001121,4,0.0,0
height_p30,height,height,1,000539.png,0,0.1396,-0.0533,-0.1396,-0.0104,-0.038,-0.0862,-0.1016,0.815,0.8233,30.5,63.2,2.07,0.004145,7,0.278,0
height_p30,height,height,1,000539.png,1,0.2475,-0.0342,0.2475,-0.0314,0.0079,-0.2133,-0.2161,0.759,0.8231,33.3,71.8,2.158,0.005124,7,0.137,0
height_p30,height,width,0,000539.png,0,0.2256,0.2256,-0.0399,-0.1268,0.0656,0.1857,-0.0987,0.707,0.7479,23.8,45.0,1.888,0.002302,7,0.346,0
height_p30,height,width,0,000539.png,1,0.2833,-0.2833,0.155,0.0748,-0.0205,0.1283,-0.2085,0.645,0.6364,21.2,47.7,2.253,0.002168,7,0.411,0
height_p30,height,height,1,000539.png,1,0.4189,0.0934,0.4189,-0.0233,-0.0033,-0.3255,-0.3956,0.645,0.7228,20.7,36.8,1.776,0.001638,7,0.29,0
height_p30,height,height,1,000556.png,1,0.174,0.0482,0.174,0.0217,-0.0232,-0.1258,-0.1508,0.813,0.7901,29.3,40.6,1.387,0.002548,2,0.0,0
height_p30,height,width,0,000577.png,0,0.1938,0.1938,-0.1132,-0.1024,0.0588,0.0806,-0.0913,0.746,0.4308,130.9,69.6,0.532,0.019575,5,0.0,1
height_p30,height,height,1,000577.png,1,0.3352,0.0483,0.3352,-0.053,0.0105,-0.2869,-0.2822,0.68,0.8436,63.1,69.5,1.101,0.009411,5,0.468,0
height_p30,height,height,1,000581.png,1,0.3013,-0.1184,0.3013,-0.019,-0.0151,-0.1829,-0.2823,0.697,0.7119,35.6,40.9,1.147,0.003126,1,0.0,0
height_p30,height,height,1,000601.png,1,0.2248,-0.1387,0.2248,0.0068,0.0038,-0.0861,-0.218,0.722,0.6537,22.8,25.9,1.136,0.001267,2,0.0,0
height_p30,height,height,1,000612.png,1,0.3071,-0.009,0.3071,-0.0017,-0.0058,-0.2981,-0.3013,0.76,0.8479,77.9,116.7,1.498,0.01951,9,0.268,0
height_p30,height,height,1,000612.png,0,0.1528,0.0444,0.1528,-0.0866,0.0571,-0.1084,-0.0662,0.738,0.254,27.2,72.2,2.658,0.004215,9,0.671,0
height_p30,height,height,1,000612.png,1,0.3237,0.0775,0.3237,-0.0327,0.0331,-0.2462,-0.2906,0.701,0.6182,62.6,129.1,2.063,0.017343,9,0.493,0
height_p30,height,height,1,000612.png,0,0.2662,-0.1559,0.2662,0.0496,-0.1841,-0.1103,-0.0821,0.632,0.2632,46.1,133.0,2.888,0.013155,9,0.489,0
height_p30,height,width,0,000616.png,0,0.1483,0.1483,0.0428,-0.0549,0.0122,0.1055,-0.0934,0.835,0.6724,30.2,43.9,1.455,0.002843,3,0.05,0
height_p30,height,height,1,000623.png,1,0.2975,0.0135,0.2975,0.0092,0.0139,-0.284,-0.2836,0.757,0.9289,60.4,82.0,1.358,0.010633,7,0.0,0
height_p30,height,width,0,000623.png,0,0.1745,-0.1745,-0.0241,0.0363,-0.07,0.1504,-0.1045,0.723,0.3458,81.7,184.4,2.257,0.032358,7,0.031,0
height_p30,height,height,1,000630.png,1,0.3298,0.0311,0.3298,0.0154,-0.0053,-0.2987,-0.3144,0.729,0.8081,31.0,31.9,1.03,0.00212,1,0.0,0
height_p30,height,height,1,000647.png,1,0.3188,0.0568,0.3188,0.097,-0.098,-0.2621,-0.2209,0.637,0.2771,15.7,29.4,1.874,0.00099,6,0.0,0
height_p30,height,width,0,000657.png,0,0.1335,-0.1335,-0.0373,-0.0163,-0.0605,0.0962,-0.073,0.77,0.3552,15.7,21.1,1.348,0.000709,2,0.0,0
height_p30,height,translation_y,0,000657.png,0,0.1368,0.0088,-0.0465,-0.0259,-0.1368,-0.0376,0.0904,0.721,0.5261,17.4,21.1,1.211,0.000788,2,0.0,0
height_p30,height,width,0,000664.png,0,0.2198,0.2198,0.0663,0.0964,-0.0158,0.1536,-0.1235,0.769,0.5068,37.1,38.7,1.042,0.003103,5,0.599,0
height_p30,height,height,1,000714.png,1,0.3057,0.0123,0.3057,-0.0082,-0.0322,-0.2934,-0.2735,0.754,0.8779,57.8,76.4,1.321,0.009487,6,0.0,0
height_p30,height,height,1,000714.png,1,0.3614,-0.0046,0.3614,-0.0044,-0.0056,-0.3568,-0.3558,0.729,0.9332,99.0,181.7,1.836,0.038615,6,0.188,0
height_p30,height,width,0,000725.png,0,0.173,-0.173,-0.0084,-0.0649,0.0029,0.1645,-0.1081,0.82,0.7178,67.4,164.2,2.437,0.023699,7,0.272,0
height_p30,height,height,1,000725.png,0,0.1353,0.0702,-0.1353,0.035,0.0637,-0.0651,-0.0716,0.815,0.8326,185.2,130.5,0.705,0.051786,7,0.499,1
height_p30,height,height,1,000725.png,1,0.2935,-0.0098,0.2935,0.0118,0.0125,-0.2837,-0.2811,0.758,0.9114,107.0,235.2,2.199,0.053912,7,0.51,0
height_p30,height,height,1,000725.png,1,0.2368,-0.0936,0.2368,0.0756,-0.0268,-0.1432,-0.1612,0.706,0.7598,41.6,60.6,1.456,0.005402,7,0.243,0
height_p30,height,scale,0,000725.png,1,0.2572,0.2127,0.3018,0.1021,-0.0243,-0.0891,-0.1997,0.633,0.7433,86.1,138.4,1.608,0.025543,7,0.874,1
height_p30,height,width,0,000729.png,0,0.1238,0.1238,0.0875,-0.0762,0.0093,0.0363,-0.0476,0.797,0.6637,44.7,128.7,2.877,0.012365,6,0.479,0
height_p30,height,height,1,000729.png,1,0.3142,0.0074,0.3142,-0.0025,-0.0113,-0.3068,-0.3029,0.755,0.8966,138.1,297.1,2.151,0.0881,6,0.606,1
height_p30,height,width,0,000747.png,0,0.177,-0.177,-0.0386,-0.0779,0.0043,0.1384,-0.0991,0.791,0.4229,28.6,98.4,3.433,0.00605,5,0.0,0
height_p30,height,height,1,000747.png,0,0.2514,0.0713,0.2514,0.0237,0.0259,-0.18,-0.2255,0.746,0.6725,18.2,23.0,1.262,0.000897,5,0.0,0
height_p30,height,translation_y,0,000747.png,0,0.1316,-0.117,-0.0949,-0.056,0.1316,0.0221,0.0146,0.675,0.6663,27.7,30.3,1.094,0.001805,5,0.0,0
height_p30,height,scale,0,000747.png,1,0.2823,0.1481,0.4165,-0.0953,0.0145,-0.2683,-0.3212,0.594,0.372,30.6,38.5,1.261,0.002527,5,0.399,0
height_p30,height,width,0,000843.png,0,0.1251,-0.1251,0.0299,0.0239,-0.0637,0.0952,-0.0614,0.779,0.4797,18.8,25.8,1.373,0.001045,9,0.0,0
height_p30,height,height,1,000843.png,1,0.3058,0.001,0.3058,-0.0693,-0.0298,-0.3048,-0.2365,0.677,0.7798,45.1,66.9,1.481,0.006483,9,0.495,0
height_p30,height,width,0,000846.png,0,0.1361,0.1361,0.0026,-0.038,0.0226,0.1336,-0.0981,0.843,0.6837,22.7,58.7,2.582,0.002862,7,0.0,0
height_p30,height,translation_y,0,000846.png,0,0.1004,-0.074,-0.0744,-0.0067,-0.1004,-0.0005,0.0259,0.755,0.5192,15.9,26.5,1.66,0.000907,7,0.0,0
height_p30,height,width,0,000846.png,0,0.5633,0.5633,0.0676,0.0473,-0.1453,0.4957,-0.418,0.499,0.558,22.5,56.9,2.524,0.002752,7,0.0,0
height_p30,height,height,1,000851.png,1,0.4141,0.0283,0.4141,-0.0062,0.0354,-0.3859,-0.3787,0.688,0.8702,36.3,47.0,1.293,0.003669,2,0.0,0
height_p30,height,height,1,000854.png,1,0.2458,-0.0009,0.2458,0.012,-0.0555,-0.245,-0.1903,0.786,0.7341,19.3,35.4,1.836,0.001468,2,0.0,0
height_p30,height,height,1,000854.png,1,0.3241,0.0431,0.3241,-0.0079,0.0144,-0.281,-0.3097,0.724,0.9398,39.8,80.9,2.034,0.006916,2,0.0,0
height_p30,height,height,1,000859.png,1,0.187,0.0472,0.187,0.0606,-0.0324,-0.1398,-0.1264,0.752,0.6242,18.5,25.3,1.364,0.001007,6,0.0,0
height_p30,height,height,1,000859.png,1,0.2865,0.0517,0.2865,0.0276,-0.0147,-0.2348,-0.2589,0.737,0.7393,34.1,46.8,1.371,0.003432,6,0.129,0
height_p30,height,height,1,000859.png,1,0.3429,0.0279,0.3429,-0.0052,0.0108,-0.315,-0.3321,0.724,0.9184,116.8,165.8,1.419,0.041597,6,0.141,0
height_p30,height,width,0,000859.png,0,0.2669,0.2669,0.0911,-0.0987,0.0148,0.1758,-0.1682,0.723,0.6033,21.8,30.6,1.407,0.00143,6,0.304,0
height_p30,height,height,1,000859.png,1,0.2816,0.0321,0.2816,0.0449,-0.001,-0.2495,-0.2367,0.718,0.8109,71.8,91.2,1.27,0.014052,6,0.435,0
height_p30,height,scale,0,000859.png,1,0.3128,0.2538,0.3717,-0.136,-0.0309,-0.1179,-0.2357,0.573,0.6945,172.6,106.1,0.615,0.039311,6,0.0,1
height_p30,height,width,0,000882.png,1,0.1534,-0.1534,0.1422,0.0337,-0.0584,0.0112,-0.0951,0.756,0.6687,26.7,29.5,1.106,0.001689,9,0.104,0
height_p30,height,height,1,000882.png,1,0.2937,-0.0269,0.2937,-0.0344,0.05,-0.2668,-0.2436,0.729,0.897,34.9,37.5,1.075,0.002812,9,0.398,0
height_p30,height,height,1,000884.png,1,0.3475,-0.0063,0.3475,-0.0276,-0.0006,-0.3412,-0.3198,0.708,0.6428,48.1,61.9,1.287,0.006385,2,0.0,0
height_p30,height,width,0,000910.png,0,0.1353,0.1353,0.0072,0.0346,0.0019,0.1281,-0.1007,0.875,0.397,26.6,56.4,2.125,0.003219,8,0.643,0
height_p30,height,height,1,000910.png,1,0.3017,-0.0216,0.3017,-0.0108,-0.0167,-0.2802,-0.285,0.755,0.9111,152.0,293.2,1.929,0.095702,8,0.129,1
height_p30,height,height,1,000918.png,0,0.1811,-0.0888,-0.1811,-0.0156,0.0061,-0.0923,-0.1655,0.746,0.313,24.8,54.5,2.198,0.0029,7,0.0,0
height_p30,height,height,1,000936.png,1,0.2682,-0.0361,0.2682,0.0145,0.012,-0.2321,-0.2537,0.766,0.897,221.3,280.6,1.268,0.133307,12,0.178,1
height_p30,height,height,1,000936.png,1,0.2685,0.0352,0.2685,0.0219,-0.0308,-0.2333,-0.2377,0.756,0.8931,46.0,52.8,1.149,0.005217,12,0.439,0
height_p30,height,translation_y,0,000936.png,1,0.139,-0.1165,-0.0057,0.0275,-0.139,0.1108,0.0225,0.677,0.272,61.4,122.0,1.986,0.016092,12,0.756,0
height_p30,height,height,1,000936.png,0,0.252,-0.0251,0.252,-0.0563,0.2217,-0.227,-0.0304,0.611,0.3914,93.0,152.8,1.643,0.030519,12,0.98,1
height_p30,height,scale,0,000936.png,0,0.2317,-0.2473,-0.2161,0.0445,-0.0796,0.0312,-0.1677,0.59,0.3649,38.0,90.9,2.389,0.007423,12,0.978,0
height_p30,height,height,1,000970.png,1,0.2687,0.0298,0.2687,-0.0049,0.0091,-0.2389,-0.2597,0.765,0.8528,46.4,62.7,1.352,0.00624,6,0.481,0
height_p30,height,height,1,000970.png,1,0.3086,-0.0593,0.3086,0.0156,0.0107,-0.2493,-0.293,0.729,0.8386,32.5,41.0,1.262,0.00286,6,0.0,0
height_p30,height,height,1,000970.png,1,0.3325,0.0048,0.3325,-0.0199,0.0157,-0.3276,-0.3125,0.724,0.7915,37.3,124.1,3.325,0.009948,6,0.68,0
height_p30,height,height,1,000970.png,1,0.4293,0.0196,0.4293,-0.0122,-0.008,-0.4097,-0.4171,0.683,0.8594,76.9,162.2,2.108,0.026781,6,0.0,0
height_p30,height,height,1,000985.png,0,0.138,0.0059,0.138,0.0037,0.0644,-0.1321,-0.0736,0.872,0.344,58.9,128.5,2.182,0.016225,11,0.898,0
height_p30,height,height,1,000985.png,1,0.3352,-0.0085,0.3352,-0.0002,-0.0022,-0.3266,-0.3329,0.744,0.9115,71.4,104.8,1.468,0.016044,11,0.0,0
height_p30,height,height,1,000985.png,1,0.4137,0.0908,0.4137,0.0634,0.0148,-0.3229,-0.3503,0.629,0.5383,21.0,22.0,1.051,0.000991,11,0.0,0
height_p30,height,height,1,000998.png,0,0.1239,-0.0886,0.1239,0.0032,-0.0446,-0.0353,-0.0793,0.819,0.6931,31.7,40.4,1.273,0.002752,8,0.255,0
height_p30,height,height,1,000998.png,1,0.2467,-0.0024,0.2467,-0.0198,0.0473,-0.2444,-0.1994,0.774,0.8931,31.9,32.2,1.01,0.002208,8,0.0,0
height_p30,height,height,1,000998.png,1,0.28,-0.1022,0.28,0.0191,-0.003,-0.1777,-0.2609,0.717,0.8535,42.4,76.9,1.815,0.006993,8,0.176,0
height_p30,height,height,1,001012.png,1,0.3867,0.0177,0.3867,-0.0359,-0.0143,-0.369,-0.3508,0.676,0.8123,39.6,54.4,1.374,0.00462,6,0.282,0
height_p30,height,height,1,001013.png,0,0.127,-0.0574,0.127,-0.0287,0.0719,-0.0696,-0.0551,0.829,0.7421,116.2,154.6,1.331,0.038519,9,1.0,1
height_p30,height,height,1,001013.png,1,0.3085,0.0127,0.3085,-0.0207,-0.0071,-0.2958,-0.2878,0.736,0.8936,67.9,74.1,1.091,0.01078,9,0.0,0
height_p30,height,scale,0,001013.png,0,0.3094,-0.3237,-0.2951,0.0466,-0.1498,0.0286,-0.1739,0.475,0.3432,63.6,153.5,2.414,0.020907,9,1.0,0
height_p30,height,height,1,001044.png,1,0.32,-0.0062,0.32,-0.0133,-0.0003,-0.3139,-0.3068,0.741,0.82,32.7,58.1,1.777,0.004077,7,0.0,0
height_p30,height,height,1,001044.png,1,0.2846,-0.0187,0.2846,0.0812,-0.001,-0.2659,-0.2034,0.673,0.7804,35.1,80.9,2.306,0.006098,7,0.0,0
height_p30,height,height,1,001090.png,1,0.4246,-0.0773,0.4246,0.0645,0.0121,-0.3473,-0.3601,0.633,0.8062,29.5,34.0,1.154,0.002152,1,0.0,0
height_p30,height,width,0,001100.png,0,0.1324,0.1324,-0.085,-0.0545,-0.0394,0.0475,-0.0779,0.816,0.3675,29.8,57.1,1.918,0.003655,8,0.683,0
height_p30,height,height,1,001100.png,1,0.3339,0.0277,0.3339,0.0194,-0.0378,-0.3062,-0.2961,0.722,0.8259,36.4,91.5,2.516,0.00715,8,0.264,0
height_p30,height,height,1,001100.png,1,0.3299,0.0519,0.3299,-0.0138,0.008,-0.278,-0.3161,0.715,0.3692,92.4,123.5,1.337,0.024498,8,0.04,0
height_p30,height,height,1,001100.png,1,0.3009,-0.0986,0.3009,0.1774,-0.0961,-0.2024,-0.1236,0.553,0.3194,25.0,29.8,1.193,0.0016,8,0.311,0
height_p30,height,height,1,001135.png,1,0.3804,0.0327,0.3804,-0.0111,-0.0058,-0.3477,-0.3693,0.701,0.8107,80.1,120.0,1.498,0.02064,1,0.0,0
height_p30,height,height,1,001143.png,1,0.3496,-0.0059,0.3496,0.0031,-0.0319,-0.3437,-0.3177,0.738,0.8622,25.5,26.9,1.057,0.001476,4,0.0,0
height_p30,height,height,1,001158.png,1,0.2599,0.0094,0.2599,0.0004,0.0123,-0.2505,-0.2475,0.786,0.7646,53.5,74.9,1.4,0.008584,5,0.155,0
height_p30,height,height,1,001190.png,0,0.1368,-0.0087,0.1368,0.0287,0.0442,-0.1281,-0.0926,0.834,0.9055,100.2,131.4,1.311,0.028289,7,0.589,0
height_p30,height,height,1,001190.png,0,0.1299,-0.0982,0.1299,-0.026,0.0106,-0.0317,-0.1039,0.807,0.8596,65.7,94.7,1.441,0.013372,7,0.46,0
height_p30,height,height,1,001190.png,1,0.3188,-0.0099,0.3188,0.0151,0.0254,-0.3089,-0.2934,0.739,0.8691,66.1,81.9,1.239,0.011611,7,0.0,0
height_p30,height,height,1,001209.png,0,0.1634,-0.0753,-0.1634,-0.0298,-0.045,-0.0881,-0.1184,0.774,0.3786,74.7,153.9,2.061,0.02467,13,0.892,0
height_p30,height,height,1,001209.png,1,0.3342,-0.0495,0.3342,0.0221,-0.0085,-0.2847,-0.3122,0.721,0.9408,207.2,192.8,0.931,0.085771,13,0.27,1
height_p30,height,height,1,001209.png,1,0.1806,-0.0539,0.1806,-0.0866,0.0184,-0.1267,-0.094,0.72,0.4526,24.5,62.3,2.541,0.003284,13,0.716,0
height_p30,height,translation_x,0,001209.png,0,0.1528,0.0158,-0.0645,-0.1528,-0.0262,-0.0487,0.0883,0.695,0.2967,29.8,70.4,2.362,0.004505,13,0.704,0
height_p30,height,height,1,001209.png,1,0.3601,-0.0394,0.3601,-0.0732,-0.0784,-0.3207,-0.2817,0.648,0.7218,53.7,128.2,2.385,0.014787,13,0.724,0
height_p30,height,height,1,001276.png,1,0.3063,0.0605,0.3063,-0.0346,-0.0037,-0.2458,-0.2717,0.716,0.6732,73.8,104.8,1.42,0.016599,6,0.281,0
rot_m15,rotation,scale,1,000019.png,1,0.342,0.2563,0.4278,-0.0311,0.006,-0.1715,-0.3966,0.558,0.5221,18.1,22.9,1.266,0.000892,2,0.0,0
rot_m15,rotation,scale,1,000029.png,1,0.2733,0.2389,0.3077,0.0208,0.0526,-0.0688,-0.2551,0.617,0.5179,29.7,35.8,1.206,0.00228,1,0.0,0
rot_m15,rotation,width,1,000060.png,0,0.2762,-0.2762,-0.0649,-0.1114,0.0218,0.2113,-0.1648,0.677,0.283,19.7,49.8,2.527,0.002105,2,0.0,0
rot_m15,rotation,scale,1,000060.png,1,0.2382,0.2189,0.2575,0.0055,-0.0075,-0.0386,-0.2501,0.652,0.9226,61.4,63.5,1.034,0.008375,2,0.0,0
rot_m15,rotation,height,1,000066.png,1,0.3414,0.1118,0.3414,-0.0357,0.0637,-0.2296,-0.2777,0.671,0.8232,27.4,42.9,1.568,0.002523,2,0.0,0
rot_m15,rotation,scale,1,000066.png,1,0.2754,0.2175,0.3333,-0.0114,-0.0051,-0.1158,-0.3218,0.616,0.8335,34.9,38.7,1.109,0.002897,2,0.0,0
rot_m15,rotation,height,1,000075.png,1,0.3815,-0.0395,0.3815,0.1143,0.0347,-0.342,-0.2672,0.593,0.4814,25.3,49.2,1.942,0.002674,5,0.0,0
rot_m15,rotation,scale,1,000107.png,1,0.2026,0.1227,0.2824,-0.0117,-0.0183,-0.1597,-0.2641,0.695,0.8354,55.5,72.7,1.309,0.008661,7,0.0,0
rot_m15,rotation,height,1,000107.png,1,0.5061,0.0837,0.5061,-0.0039,0.0189,-0.4224,-0.4872,0.613,0.9097,195.2,427.0,2.188,0.178904,7,0.138,1
rot_m15,rotation,translation_x,0,000136.png,0,0.1025,-0.0008,-0.033,0.1025,-0.0467,-0.0322,0.0695,0.746,0.7895,27.8,35.1,1.264,0.002093,6,0.282,0
rot_m15,rotation,height,1,000136.png,0,0.184,0.0376,0.184,-0.0099,0.1417,-0.1464,-0.0423,0.743,0.7836,36.9,68.8,1.865,0.005446,6,0.054,0
rot_m15,rotation,height,1,000136.png,1,0.7929,0.0458,0.7929,0.0446,0.0747,-0.7471,-0.7182,0.516,0.7798,51.1,166.6,3.257,0.018294,6,0.57,0
rot_m15,rotation,scale,1,000136.png,1,0.5423,0.2253,0.8592,0.0714,-0.0001,-0.6339,-0.7878,0.439,0.7334,57.5,162.3,2.823,0.020033,6,0.428,0
rot_m15,rotation,scale,1,000178.png,1,0.2868,0.2889,0.2847,0.0484,0.0397,0.0042,-0.2404,0.604,0.3452,51.0,56.0,1.098,0.006132,8,0.705,0
rot_m15,rotation,height,1,000178.png,1,0.7673,0.0116,0.7673,0.0167,0.0021,-0.7557,-0.7506,0.55,0.812,48.3,149.1,3.088,0.015449,8,0.0,0
rot_m15,rotation,height,1,000178.png,1,0.7456,0.0579,0.7456,0.014,-0.0228,-0.6876,-0.7228,0.542,0.7215,52.7,160.6,3.048,0.018158,8,0.0,1
rot_m15,rotation,scale,1,000286.png,1,0.2414,0.1575,0.3253,-0.0174,0.0208,-0.1677,-0.3045,0.652,0.9428,79.6,110.0,1.381,0.018813,11,0.06,0
rot_m15,rotation,width,1,000357.png,1,0.2855,0.2855,0.1143,0.0,-0.0451,0.1712,-0.2404,0.698,0.8821,137.9,106.6,0.773,0.031517,8,0.337,1
rot_m15,rotation,height,1,000357.png,1,0.5217,0.0799,0.5217,0.0265,0.0097,-0.4418,-0.4952,0.609,0.9099,70.7,158.7,2.245,0.024048,8,0.385,0
rot_m15,rotation,scale,1,000357.png,1,0.3173,0.231,0.4037,-0.1061,-0.0603,-0.1727,-0.2975,0.579,0.5936,39.9,56.8,1.424,0.004859,8,0.565,0
rot_m15,rotation,scale,1,000386.png,0,0.1555,-0.1289,-0.182,0.0722,-0.0254,-0.0531,-0.1098,0.702,0.3354,82.4,189.6,2.303,0.033474,8,1.0,0
rot_m15,rotation,height,1,000386.png,1,0.3584,0.0844,0.3584,-0.0191,0.0436,-0.274,-0.3148,0.679,0.5563,125.1,214.8,1.717,0.057581,8,1.0,1
rot_m15,rotation,scale,1,000386.png,1,0.2497,0.1751,0.3243,0.021,-0.0117,-0.1492,-0.3032,0.643,0.8383,38.4,45.6,1.189,0.003753,8,0.0,0
rot_m15,rotation,height,1,000386.png,1,0.4692,0.0786,0.4692,-0.0047,0.0136,-0.3905,-0.4556,0.631,0.9544,200.2,414.0,2.067,0.177638,8,0.301,1
rot_m15,rotation,width,1,000421.png,1,0.3225,-0.3225,0.099,-0.13,-0.052,0.2236,-0.1926,0.632,0.4469,27.3,66.8,2.445,0.00392,7,0.63,0
rot_m15,rotation,height,1,000421.png,1,0.6024,0.0533,0.6024,-0.0094,0.0214,-0.549,-0.581,0.592,0.8709,33.7,85.6,2.541,0.006191,7,0.0,0
rot_m15,rotation,width,1,000493.png,0,0.1643,-0.1643,-0.0118,0.12,0.0117,0.1525,-0.0443,0.752,0.8197,34.4,42.6,1.238,0.003145,4,0.0,0
rot_m15,rotation,height,1,000493.png,1,0.275,0.1192,0.275,-0.0202,-0.0128,-0.1558,-0.2548,0.701,0.8875,44.0,59.7,1.355,0.005641,4,0.021,0
rot_m15,rotation,height,1,000512.png,1,0.4562,0.104,0.4562,-0.0193,-0.0199,-0.3522,-0.4363,0.622,0.864,31.9,57.1,1.791,0.003905,1,0.0,0
rot_m15,rotation,translation_y,0,000521.png,0,0.1324,0.1183,-0.0291,0.0658,0.1324,0.0892,0.0141,0.684,0.5935,19.5,26.8,1.371,0.001121,4,0.0,0
rot_m15,rotation,height,1,000537.png,1,0.4257,0.0706,0.4257,0.0527,-0.0232,-0.3551,-0.3729,0.636,0.5992,21.4,36.5,1.704,0.001679,2,0.017,0
rot_m15,rotation,height,1,000539.png,1,0.3382,0.022,0.3382,-0.0104,-0.038,-0.3162,-0.3002,0.731,0.8233,30.5,63.2,2.07,0.004145,7,0.22,0
rot_m15,rotation,width,1,000539.png,0,0.2256,0.2256,-0.0399,-0.1268,0.0656,0.1857,-0.0987,0.707,0.7479,23.8,45.0,1.888,0.002302,7,0.389,0
rot_m15,rotation,height,1,000539.png,1,0.2761,-0.2056,0.2761,0.0748,-0.0205,-0.0704,-0.2013,0.651,0.6364,21.2,47.7,2.253,0.002168,7,0.479,0
rot_m15,rotation,height,1,000539.png,1,0.4664,0.048,0.4664,-0.0314,0.0079,-0.4184,-0.4349,0.643,0.8231,33.3,71.8,2.158,0.005124,7,0.158,0
rot_m15,rotation,height,1,000539.png,1,0.4112,0.0014,0.4112,-0.1234,-0.1124,-0.4099,-0.2878,0.571,0.2871,22.9,44.7,1.954,0.002193,7,0.339,0
rot_m15,rotation,scale,1,000556.png,1,0.2147,0.181,0.2485,0.0217,-0.0232,-0.0675,-0.2252,0.678,0.7901,29.3,40.6,1.387,0.002548,2,0.0,0
rot_m15,rotation,height,1,000556.png,1,0.7104,0.0453,0.7104,0.0206,0.0262,-0.6651,-0.6842,0.559,0.8385,28.9,85.0,2.944,0.005274,2,0.0,0
rot_m15,rotation,width,1,000577.png,0,0.1938,0.1938,-0.1132,-0.1024,0.0588,0.0806,-0.0913,0.746,0.4308,130.9,69.6,0.532,0.019575,5,0.0,1
rot_m15,rotation,height,1,000601.png,1,0.1632,0.0466,0.1632,0.0068,0.0038,-0.1166,-0.1564,0.821,0.6537,22.8,25.9,1.136,0.001267,2,0.0,0
rot_m15,rotation,scale,1,000612.png,1,0.2432,0.131,0.3553,-0.0017,-0.0058,-0.2243,-0.3496,0.652,0.8479,77.9,116.7,1.498,0.01951,9,0.254,0
rot_m15,rotation,scale,1,000612.png,1,0.2619,0.1432,0.3806,0.0034,-0.0085,-0.2374,-0.3721,0.634,0.9204,160.1,250.8,1.567,0.086198,9,0.518,1
rot_m15,rotation,height,1,000612.png,0,0.2662,-0.1559,0.2662,0.0496,-0.1841,-0.1103,-0.0821,0.632,0.2632,46.1,133.0,2.888,0.013155,9,0.395,0
rot_m15,rotation,height,1,000612.png,1,0.4995,0.0751,0.4995,0.0092,-0.0073,-0.4244,-0.4904,0.62,0.7897,101.1,234.7,2.321,0.050957,9,0.508,0
rot_m15,rotation,scale,1,000612.png,1,0.4765,0.121,0.832,-0.0866,0.0571,-0.7109,-0.7454,0.468,0.254,27.2,72.2,2.658,0.004215,9,0.447,0
rot_m15,rotation,scale,1,000616.png,1,0.2331,0.1707,0.2956,-0.0021,-0.0233,-0.1249,-0.2722,0.659,0.9233,117.0,150.6,1.287,0.037845,3,0.027,0
rot_m15,rotation,scale,1,000616.png,1,0.3671,0.2947,0.4395,-0.0549,0.0122,-0.1448,-0.3846,0.537,0.6724,30.2,43.9,1.455,0.002843,3,0.079,0
rot_m15,rotation,width,1,000623.png,0,0.1745,-0.1745,-0.0241,0.0363,-0.07,0.1504,-0.1045,0.723,0.3458,81.7,184.4,2.257,0.032358,7,0.031,0
rot_m15,rotation,height,1,000623.png,1,0.2481,0.0429,0.2481,0.065,-0.0783,-0.2053,-0.1698,0.711,0.3264,27.1,40.6,1.501,0.002364,7,0.11,0
rot_m15,rotation,scale,1,000623.png,1,0.2447,0.1691,0.3203,0.0092,0.0139,-0.1512,-0.3064,0.648,0.9289,60.4,82.0,1.358,0.010633,7,0.0,0
rot_m15,rotation,width,1,000657.png,0,0.1335,-0.1335,-0.0373,-0.0163,-0.0605,0.0962,-0.073,0.77,0.3552,15.7,21.1,1.348,0.000709,2,0.0,0
rot_m15,rotation,translation_y,0,000657.png,0,0.1368,0.0088,-0.0465,-0.0259,-0.1368,-0.0376,0.0904,0.721,0.5261,17.4,21.1,1.211,0.000788,2,0.0,0
rot_m15,rotation,scale,1,000664.png,1,0.401,0.4432,0.3588,0.0964,-0.0158,0.0844,-0.3468,0.51,0.5068,37.1,38.7,1.042,0.003103,5,0.521,0
rot_m15,rotation,scale,1,000682.png,1,0.2103,0.1523,0.2684,-0.0009,-0.02,-0.1161,-0.2484,0.684,0.6042,23.1,28.7,1.244,0.001423,2,0.0,0
rot_m15,rotation,scale,1,000682.png,1,0.2285,0.1588,0.2983,0.0134,0.0437,-0.1395,-0.2546,0.665,0.9155,210.6,322.8,1.533,0.145975,2,0.0,1
rot_m15,rotation,height,1,000683.png,1,0.3224,0.0828,0.3224,0.0259,0.0091,-0.2396,-0.2965,0.698,0.809,26.2,43.0,1.641,0.002424,4,0.0,0
rot_m15,rotation,scale,1,000714.png,1,0.2454,0.1746,0.3162,-0.0082,-0.0322,-0.1416,-0.2841,0.647,0.8779,57.8,76.4,1.321,0.009487,6,0.0,0
rot_m15,rotation,height,1,000714.png,1,0.4524,0.11,0.4524,0.0037,0.0143,-0.3424,-0.4381,0.62,0.9058,88.9,167.5,1.883,0.031979,6,0.365,0
rot_m15,rotation,height,1,000714.png,1,0.4846,0.1091,0.4846,-0.0044,-0.0056,-0.3755,-0.479,0.607,0.9332,99.0,181.7,1.836,0.038615,6,0.296,0
rot_m15,rotation,height,1,000714.png,1,0.7065,0.1013,0.7065,-0.0009,-0.0256,-0.6052,-0.6808,0.532,0.8907,69.7,185.3,2.659,0.027722,6,0.168,0
rot_m15,rotation,height,1,000725.png,0,0.1353,0.0702,-0.1353,0.035,0.0637,-0.0651,-0.0716,0.815,0.8326,185.2,130.5,0.705,0.051786,7,0.611,1
rot_m15,rotation,width,1,000725.png,0,0.2127,0.2127,0.0014,0.1021,-0.0243,0.2113,-0.1106,0.789,0.7433,86.1,138.4,1.608,0.025543,7,0.932,1
rot_m15,rotation,height,1,000725.png,1,0.4795,-0.0959,0.4795,-0.0649,0.0029,-0.3836,-0.4146,0.612,0.7178,67.4,164.2,2.437,0.023699,7,0.358,0
rot_m15,rotation,height,1,000725.png,1,0.5247,0.0735,0.5247,0.0118,0.0125,-0.4512,-0.5123,0.611,0.9114,107.0,235.2,2.199,0.053912,7,0.332,0
rot_m15,rotation,width,1,000729.png,0,0.1238,0.1238,0.0875,-0.0762,0.0093,0.0363,-0.0476,0.797,0.6637,44.7,128.7,2.877,0.012365,6,0.479,0
rot_m15,rotation,height,1,000747.png,0,0.2514,0.0713,0.2514,0.0237,0.0259,-0.18,-0.2255,0.746,0.6725,18.2,23.0,1.262,0.000897,5,0.0,0
rot_m15,rotation,translation_y,0,000747.png,0,0.1316,-0.117,-0.0949,-0.056,0.1316,0.0221,0.0146,0.675,0.6663,27.7,30.3,1.094,0.001805,5,0.0,0
rot_m15,rotation,height,1,000747.png,1,0.3675,0.1137,0.3675,-0.0045,0.0679,-0.2538,-0.2995,0.657,0.8177,31.3,51.5,1.647,0.003457,5,0.484,0
rot_m15,rotation,height,1,000747.png,1,0.66,-0.1326,0.66,-0.0779,0.0043,-0.5274,-0.5821,0.54,0.4229,28.6,98.4,3.433,0.00605,5,0.0,0
rot_m15,rotation,scale,1,000747.png,1,0.3799,0.3327,0.4271,-0.0953,0.0145,-0.0943,-0.3318,0.526,0.372,30.6,38.5,1.261,0.002527,5,0.531,0
rot_m15,rotation,scale,1,000829.png,1,0.2122,0.1476,0.2768,0.0073,0.0312,-0.1292,-0.2456,0.682,0.9332,63.1,85.3,1.353,0.011555,2,0.154,0
rot_m15,rotation,width,1,000843.png,0,0.1251,-0.1251,0.0299,0.0239,-0.0637,0.0952,-0.0614,0.779,0.4797,18.8,25.8,1.373,0.001045,9,0.0,0
rot_m15,rotation,scale,1,000843.png,1,0.2206,0.1497,0.2916,-0.0159,-0.0506,-0.1419,-0.241,0.673,0.4749,30.2,43.0,1.426,0.002784,9,0.274,0
rot_m15,rotation,scale,1,000843.png,1,0.2527,0.1272,0.3781,0.0081,-0.0224,-0.251,-0.3558,0.644,0.9357,123.0,195.0,1.586,0.051494,9,0.024,0
rot_m15,rotation,height,1,000846.png,1,0.2746,0.0155,0.2746,0.007,-0.0514,-0.2592,-0.2233,0.773,0.5703,32.5,70.1,2.157,0.00489,7,0.174,0
rot_m15,rotation,translation_y,0,000846.png,0,0.1004,-0.074,-0.0744,-0.0067,-0.1004,-0.0005,0.0259,0.755,0.5192,15.9,26.5,1.66,0.000907,7,0.0,0
rot_m15,rotation,width,1,000846.png,0,0.5633,0.5633,0.0676,0.0473,-0.1453,0.4957,-0.418,0.499,0.558,22.5,56.9,2.524,0.002752,7,0.0,0
rot_m15,rotation,scale,1,000846.png,1,0.4628,0.1979,0.7276,-0.038,0.0226,-0.5296,-0.6896,0.483,0.6837,22.7,58.7,2.582,0.002862,7,0.0,0
rot_m15,rotation,scale,1,000851.png,1,0.2952,0.3195,0.2709,-0.0345,-0.016,0.0485,-0.2849,0.596,0.7529,28.7,30.6,1.065,0.001889,2,0.0,0
rot_m15,rotation,width,1,000859.png,0,0.2538,0.2538,0.0552,-0.136,-0.0309,0.1986,-0.1178,0.74,0.6945,172.6,106.1,0.615,0.039311,6,0.0,1
rot_m15,rotation,width,1,000859.png,0,0.2669,0.2669,0.0911,-0.0987,0.0148,0.1758,-0.1682,0.723,0.6033,21.8,30.6,1.407,0.00143,6,0.395,0
rot_m15,rotation,scale,1,000859.png,1,0.2659,0.2027,0.3291,0.0276,-0.0147,-0.1265,-0.3015,0.626,0.7393,34.1,46.8,1.371,0.003432,6,0.142,0
rot_m15,rotation,scale,1,000882.png,0,0.1374,-0.1534,-0.1214,0.0337,-0.0584,0.032,-0.0951,0.744,0.6687,26.7,29.5,1.106,0.001689,9,0.104,0
rot_m15,rotation,scale,1,000882.png,1,0.2058,0.1796,0.2319,-0.0344,0.05,-0.0523,-0.1819,0.688,0.897,34.9,37.5,1.075,0.002812,9,0.394,0
rot_m15,rotation,height,1,000882.png,1,0.486,0.0367,0.486,0.024,0.0303,-0.4494,-0.4557,0.643,0.9542,68.3,143.6,2.102,0.021075,9,0.0,0
rot_m15,rotation,height,1,000897.png,1,0.2627,0.0993,0.2627,-0.0012,-0.028,-0.1634,-0.2347,0.72,0.5824,20.9,24.5,1.174,0.001098,2,0.0,0
rot_m15,rotation,height,1,000910.png,1,0.4556,0.0795,0.4556,-0.0108,-0.0167,-0.3761,-0.4389,0.636,0.9111,152.0,293.2,1.929,0.095702,8,0.125,1
rot_m15,rotation,scale,1,000910.png,1,0.4083,0.2193,0.5973,0.0346,0.0019,-0.3781,-0.5627,0.513,0.397,26.6,56.4,2.125,0.003219,8,0.523,0
rot_m15,rotation,height,1,000918.png,1,0.3093,-0.0234,0.3093,-0.0156,0.0061,-0.2859,-0.2937,0.745,0.313,24.8,54.5,2.198,0.0029,7,0.0,0
rot_m15,rotation,scale,1,000918.png,1,0.2456,0.1782,0.313,-0.0244,0.0903,-0.1348,-0.2227,0.646,0.4645,33.0,40.0,1.213,0.002836,7,0.609,0
rot_m15,rotation,scale,1,000930.png,1,0.1927,0.1512,0.2343,0.0344,0.041,-0.0831,-0.1933,0.704,0.8378,37.8,46.3,1.224,0.003755,3,0.0,0
rot_m15,rotation,height,1,000930.png,1,0.4209,0.0969,0.4209,0.0124,-0.0094,-0.324,-0.4085,0.642,0.9407,212.8,373.5,1.755,0.170625,3,0.039,1
rot_m15,rotation,height,1,000936.png,1,0.193,-0.0469,0.193,0.0275,-0.139,-0.146,-0.054,0.74,0.272,61.4,122.0,1.986,0.016092,12,0.713,0
rot_m15,rotation,scale,1,000936.png,1,0.2351,0.2198,0.2503,0.0219,-0.0308,-0.0305,-0.2195,0.656,0.8931,46.0,52.8,1.149,0.005217,12,0.291,0
rot_m15,rotation,scale,1,000936.png,0,0.2317,-0.2473,-0.2161,0.0445,-0.0796,0.0312,-0.1677,0.59,0.3649,38.0,90.9,2.389,0.007423,12,0.978,0
rot_m15,rotation,height,1,000936.png,1,0.7376,0.0618,0.7376,-0.0169,0.0114,-0.6758,-0.7207,0.542,0.821,78.5,219.6,2.796,0.037044,12,0.681,0
rot_m15,rotation,scale,1,000936.png,1,0.3814,0.139,0.6239,-0.0563,0.2217,-0.4849,-0.4022,0.541,0.3914,93.0,152.8,1.643,0.030519,12,0.807,1
rot_m15,rotation,scale,1,000985.png,1,0.2445,0.132,0.357,-0.0443,0.0327,-0.225,-0.3128,0.651,0.8125,42.1,68.7,1.633,0.006193,11,0.35,0
rot_m15,rotation,height,1,000985.png,1,0.6673,0.1066,0.6673,0.0037,0.0644,-0.5607,-0.6029,0.542,0.344,58.9,128.5,2.182,0.016225,11,0.772,0
rot_m15,rotation,height,1,000998.png,0,0.1239,-0.0886,0.1239,0.0032,-0.0446,-0.0353,-0.0793,0.819,0.6931,31.7,40.4,1.273,0.002752,8,0.255,0
rot_m15,rotation,height,1,000998.png,1,0.3727,0.0076,0.3727,0.0191,-0.003,-0.3652,-0.3537,0.704,0.8535,42.4,76.9,1.815,0.006993,8,0.196,0
rot_m15,rotation,scale,1,000998.png,1,0.1983,0.2094,0.1871,-0.0198,0.0473,0.0223,-0.1621,0.697,0.8931,31.9,32.2,1.01,0.002208,8,0.0,0
rot_m15,rotation,height,1,000998.png,1,0.5677,0.1072,0.5677,0.0026,0.0125,-0.4605,-0.5552,0.576,0.8867,72.3,150.9,2.087,0.023435,8,0.157,0
rot_m15,rotation,height,1,001012.png,1,0.2876,0.0323,0.2876,-0.0066,0.0156,-0.2553,-0.2721,0.752,0.8673,44.3,64.2,1.45,0.006107,6,0.407,0
rot_m15,rotation,height,1,001013.png,0,0.127,-0.0574,0.127,-0.0287,0.0719,-0.0696,-0.0551,0.829,0.7421,116.2,154.6,1.331,0.038519,9,1.0,1
rot_m15,rotation,scale,1,001013.png,1,0.2551,0.1443,0.366,-0.0131,-0.0043,-0.2218,-0.3529,0.64,0.9351,69.1,103.8,1.502,0.015372,9,0.176,0
rot_m15,rotation,height,1,001013.png,1,0.466,0.1108,0.466,-0.0015,-0.0003,-0.3552,-0.4645,0.614,0.9229,193.8,370.6,1.912,0.153954,9,0.163,1
rot_m15,rotation,scale,1,001013.png,0,0.3094,-0.3237,-0.2951,0.0466,-0.1498,0.0286,-0.1739,0.475,0.3432,63.6,153.5,2.414,0.020907,9,1.0,0
rot_m15,rotation,height,1,001044.png,1,0.4716,0.081,0.4716,0.0066,0.0007,-0.3906,-0.465,0.629,0.9414,185.0,367.7,1.987,0.1461,7,0.146,1
rot_m15,rotation,width,1,001100.png,0,0.1324,0.1324,-0.085,-0.0545,-0.0394,0.0475,-0.0779,0.816,0.3675,29.8,57.1,1.918,0.003655,8,0.683,0
rot_m15,rotation,scale,1,001100.png,1,0.1984,0.2393,0.1575,-0.0064,-0.0157,0.0818,-0.2236,0.697,0.8266,113.2,100.6,0.888,0.024442,8,0.0,1
rot_m15,rotation,height,1,001100.png,1,0.4293,0.098,0.4293,-0.0091,-0.0066,-0.3313,-0.4202,0.637,0.9273,159.6,280.7,1.758,0.096218,8,0.14,1
rot_m15,rotation,translation_x,0,001100.png,0,0.1774,-0.0986,0.0007,0.1774,-0.0961,0.0979,0.0788,0.581,0.3194,25.0,29.8,1.193,0.0016,8,0.351,0
rot_m15,rotation,scale,1,001135.png,1,0.3035,0.181,0.426,-0.0111,-0.0058,-0.245,-0.4149,0.594,0.8107,80.1,120.0,1.498,0.02064,1,0.0,0
rot_m15,rotation,scale,1,001143.png,1,0.2446,0.2146,0.2746,0.0031,-0.0319,-0.0601,-0.2427,0.646,0.8622,25.5,26.9,1.057,0.001476,4,0.0,0
rot_m15,rotation,height,1,001143.png,1,0.4525,0.0818,0.4525,-0.0071,-0.0247,-0.3707,-0.4278,0.636,0.9242,107.4,211.2,1.966,0.048717,4,0.0,1
rot_m15,rotation,scale,1,001167.png,1,0.3808,0.144,0.6175,-0.0603,0.0773,-0.4735,-0.5402,0.54,0.8813,31.4,66.3,2.108,0.004473,1,0.0,0
rot_m15,rotation,height,1,001190.png,0,0.1299,-0.0982,0.1299,-0.026,0.0106,-0.0317,-0.1039,0.807,0.8596,65.7,94.7,1.441,0.013372,7,0.67,0
rot_m15,rotation,scale,1,001190.png,1,0.3082,0.1819,0.4345,0.0287,0.0442,-0.2526,-0.3903,0.59,0.9055,100.2,131.4,1.311,0.028289,7,0.515,0
rot_m15,rotation,scale,1,001209.png,0,0.1498,0.1531,0.1465,0.0496,-0.0212,0.0066,-0.1035,0.756,0.5922,49.0,106.8,2.177,0.011241,13,0.915,0
rot_m15,rotation,height,1,001209.png,1,0.3014,-0.0018,0.3014,-0.0298,-0.045,-0.2996,-0.2564,0.729,0.3786,74.7,153.9,2.061,0.02467,13,0.747,0
rot_m15,rotation,height,1,001209.png,1,0.4994,0.0064,0.4994,-0.0866,0.0184,-0.493,-0.4128,0.576,0.4526,24.5,62.3,2.541,0.003284,13,0.8,0
rot_m15,rotation,height,1,001209.png,1,0.5246,0.0837,0.5246,-0.1528,-0.0262,-0.441,-0.3718,0.504,0.2967,29.8,70.4,2.362,0.004505,13,0.561,0
rot_m15,rotation,height,1,001276.png,1,0.308,0.1087,0.308,-0.0248,0.0324,-0.1992,-0.2756,0.69,0.6576,24.7,32.3,1.308,0.001711,6,0.226,0
rot_p15,rotation,scale,1,000019.png,1,0.2909,0.1867,0.3951,0.0019,0.0229,-0.2085,-0.3722,0.604,0.947,132.3,194.4,1.47,0.055217,2,0.0,0
rot_p15,rotation,scale,1,000019.png,1,0.342,0.2563,0.4278,-0.0311,0.006,-0.1715,-0.3966,0.558,0.5221,18.1,22.9,1.266,0.000892,2,0.0,0
rot_p15,rotation,width,1,000060.png,0,0.2762,-0.2762,-0.0649,-0.1114,0.0218,0.2113,-0.1648,0.677,0.283,19.7,49.8,2.527,0.002105,2,0.0,0
rot_p15,rotation,height,1,000066.png,1,0.3414,0.1118,0.3414,-0.0357,0.0637,-0.2296,-0.2777,0.671,0.8232,27.4,42.9,1.568,0.002523,2,0.0,0
rot_p15,rotation,scale,1,000066.png,1,0.2754,0.2175,0.3333,-0.0114,-0.0051,-0.1158,-0.3218,0.616,0.8335,34.9,38.7,1.109,0.002897,2,0.0,0
rot_p15,rotation,width,1,000075.png,0,0.1413,-0.1413,-0.0166,0.1143,0.0347,0.1247,-0.027,0.733,0.4814,25.3,49.2,1.942,0.002674,5,0.0,0
rot_p15,rotation,scale,1,000075.png,1,0.2473,0.1668,0.3278,-0.0126,0.0031,-0.161,-0.3152,0.645,0.9116,55.8,79.3,1.42,0.009504,5,0.327,0
rot_p15,rotation,scale,1,000075.png,1,0.2865,0.4099,0.1631,0.0205,-0.007,0.2469,-0.3894,0.61,0.8478,231.7,152.6,0.659,0.0759,5,0.0,1
rot_p15,rotation,height,1,000088.png,1,0.7574,0.0931,0.7574,0.0119,0.0108,-0.6643,-0.7455,0.521,0.8502,59.7,187.4,3.139,0.024025,1,0.0,0
rot_p15,rotation,scale,1,000107.png,1,0.2026,0.1227,0.2824,-0.0117,-0.0183,-0.1597,-0.2641,0.695,0.8354,55.5,72.7,1.309,0.008661,7,0.0,0
rot_p15,rotation,width,1,000136.png,0,0.1698,0.1698,0.04,0.0714,-0.0001,0.1299,-0.0984,0.822,0.7334,57.5,162.3,2.823,0.020033,6,0.403,0
rot_p15,rotation,scale,1,000136.png,1,0.2121,0.1631,0.2611,0.1025,-0.0467,-0.098,-0.1585,0.658,0.7895,27.8,35.1,1.264,0.002093,6,0.435,0
rot_p15,rotation,scale,1,000136.png,1,0.2561,0.1837,0.3284,0.018,-0.0123,-0.1447,-0.3104,0.636,0.8907,39.2,52.7,1.345,0.004433,6,0.192,0
rot_p15,rotation,scale,1,000136.png,1,0.4056,0.1666,0.6446,-0.0099,0.1417,-0.4781,-0.5029,0.521,0.7836,36.9,68.8,1.865,0.005446,6,0.079,0
rot_p15,rotation,height,1,000178.png,1,0.2376,0.0739,0.2376,-0.0063,0.0586,-0.1637,-0.179,0.752,0.6405,32.4,42.7,1.32,0.002968,8,0.368,0
rot_p15,rotation,height,1,000178.png,1,0.4576,0.1007,0.4576,-0.0019,0.0017,-0.357,-0.4558,0.623,0.9442,183.9,352.7,1.917,0.139285,8,0.262,1
rot_p15,rotation,height,1,000178.png,1,0.7673,0.0116,0.7673,0.0167,0.0021,-0.7557,-0.7506,0.55,0.812,48.3,149.1,3.088,0.015449,8,0.0,0
rot_p15,rotation,scale,1,000194.png,1,0.2125,0.12,0.3049,-0.0039,0.0122,-0.1849,-0.2927,0.684,0.9091,56.5,80.6,1.425,0.009776,2,0.0,0
rot_p15,rotation,scale,1,000194.png,1,0.251,0.1752,0.3268,0.0221,0.04,-0.1516,-0.2869,0.641,0.8732,28.7,37.0,1.29,0.002279,2,0.0,0
rot_p15,rotation,scale,1,000286.png,1,0.1678,0.1207,0.2148,-0.052,-0.016,-0.0941,-0.1629,0.734,0.3258,50.2,59.9,1.194,0.006454,11,0.663,0
rot_p15,rotation,scale,1,000286.png,1,0.2447,0.2336,0.2558,0.0303,0.0059,-0.0222,-0.2255,0.645,0.8927,127.6,140.1,1.098,0.038397,11,0.586,0
rot_p15,rotation,height,1,000286.png,1,0.8254,0.1093,0.8254,0.0508,0.0531,-0.7161,-0.7722,0.494,0.7037,28.3,83.6,2.961,0.005074,11,0.0,0
rot_p15,rotation,scale,1,000292.png,1,0.215,0.1962,0.2338,0.0042,0.0187,-0.0376,-0.2151,0.678,0.9173,65.0,68.3,1.052,0.009531,1,0.0,0
rot_p15,rotation,translation_x,0,000357.png,0,0.1061,0.0784,0.0416,-0.1061,-0.0603,0.0368,0.0277,0.73,0.5936,39.9,56.8,1.424,0.004859,8,0.661,0
rot_p15,rotation,height,1,000357.png,1,0.4317,0.1092,0.4317,-0.0172,-0.0094,-0.3225,-0.4146,0.63,0.8381,40.3,71.8,1.782,0.006202,8,0.532,0
rot_p15,rotation,scale,1,000386.png,0,0.1555,-0.1289,-0.182,0.0722,-0.0254,-0.0531,-0.1098,0.702,0.3354,82.4,189.6,2.303,0.033474,8,1.0,0
rot_p15,rotation,height,1,000386.png,1,0.3584,0.0844,0.3584,-0.0191,0.0436,-0.274,-0.3148,0.679,0.5563,125.1,214.8,1.717,0.057581,8,0.867,1
rot_p15,rotation,scale,1,000386.png,1,0.2497,0.1751,0.3243,0.021,-0.0117,-0.1492,-0.3032,0.643,0.8383,38.4,45.6,1.189,0.003753,8,0.0,0
rot_p15,rotation,scale,1,000421.png,1,0.2195,0.1946,0.2443,0.0008,0.0026,-0.0497,-0.2417,0.673,0.9319,207.8,224.8,1.082,0.100285,7,0.027,1
rot_p15,rotation,height,1,000421.png,1,0.5757,0.0454,0.5757,0.0135,0.0421,-0.5303,-0.5337,0.607,0.6543,31.4,73.9,2.351,0.004991,7,0.619,0
rot_p15,rotation,height,1,000421.png,1,0.7152,0.0566,0.7152,0.0425,0.0453,-0.6586,-0.6698,0.54,0.8724,36.3,110.7,3.052,0.008618,7,0.326,0
rot_p15,rotation,scale,1,000421.png,0,0.324,-0.3787,-0.2693,-0.13,-0.052,0.1095,-0.2488,0.454,0.4469,27.3,66.8,2.445,0.00392,7,0.744,0
rot_p15,rotation,scale,1,000456.png,1,0.2359,0.1818,0.2899,0.0163,0.0261,-0.1081,-0.2638,0.656,0.6662,29.2,33.0,1.128,0.00207,2,0.057,0
rot_p15,rotation,scale,1,000462.png,1,0.215,0.1245,0.3055,0.0135,-0.004,-0.181,-0.292,0.681,0.9278,210.2,284.5,1.354,0.128416,7,0.155,1
rot_p15,rotation,scale,1,000493.png,1,0.2383,0.131,0.3457,0.0061,0.0013,-0.2148,-0.3396,0.657,0.8452,192.2,292.2,1.521,0.120576,4,0.0,1
rot_p15,rotation,height,1,000493.png,1,0.2223,0.0138,0.2223,0.12,0.0117,-0.2085,-0.1023,0.656,0.8197,34.4,42.6,1.238,0.003145,4,0.0,0
rot_p15,rotation,translation_y,0,000521.png,0,0.1324,0.1183,-0.0291,0.0658,0.1324,0.0892,0.0141,0.684,0.5935,19.5,26.8,1.371,0.001121,4,0.0,0
rot_p15,rotation,scale,1,000521.png,1,0.3185,0.1298,0.5071,-0.0367,0.0282,-0.3773,-0.4704,0.587,0.7181,42.6,78.8,1.848,0.007214,4,0.405,0
rot_p15,rotation,height,1,000539.png,0,0.1396,-0.0533,-0.1396,-0.0104,-0.038,-0.0862,-0.1016,0.815,0.8233,30.5,63.2,2.07,0.004145,7,0.278,0
rot_p15,rotation,width,1,000539.png,0,0.2256,0.2256,-0.0399,-0.1268,0.0656,0.1857,-0.0987,0.707,0.7479,23.8,45.0,1.888,0.002302,7,0.346,0
rot_p15,rotation,width,1,000539.png,0,0.2833,-0.2833,-0.1115,0.0748,-0.0205,0.1718,-0.2085,0.637,0.6364,21.2,47.7,2.253,0.002168,7,0.476,0
rot_p15,rotation,height,1,000539.png,1,0.4112,0.0014,0.4112,-0.1234,-0.1124,-0.4099,-0.2878,0.571,0.2871,22.9,44.7,1.954,0.002193,7,0.212,0
rot_p15,rotation,width,1,000577.png,0,0.1938,0.1938,-0.1132,-0.1024,0.0588,0.0806,-0.0913,0.746,0.4308,130.9,69.6,0.532,0.019575,5,0.0,1
rot_p15,rotation,width,1,000601.png,0,0.1387,-0.1387,-0.0578,0.0068,0.0038,0.0809,-0.1319,0.811,0.6537,22.8,25.9,1.136,0.001267,2,0.0,0
rot_p15,rotation,height,1,000612.png,0,0.1528,0.0444,0.1528,-0.0866,0.0571,-0.1084,-0.0662,0.738,0.254,27.2,72.2,2.658,0.004215,9,0.671,0
rot_p15,rotation,scale,1,000612.png,1,0.2619,0.1432,0.3806,0.0034,-0.0085,-0.2374,-0.3721,0.634,0.9204,160.1,250.8,1.567,0.086198,9,0.518,1
rot_p15,rotation,height,1,000612.png,0,0.2662,-0.1559,0.2662,0.0496,-0.1841,-0.1103,-0.0821,0.632,0.2632,46.1,133.0,2.888,0.013155,9,0.395,0
rot_p15,rotation,width,1,000616.png,0,0.1483,0.1483,0.0428,-0.0549,0.0122,0.1055,-0.0934,0.835,0.6724,30.2,43.9,1.455,0.002843,3,0.05,0
rot_p15,rotation,width,1,000623.png,0,0.1745,-0.1745,-0.0241,0.0363,-0.07,0.1504,-0.1045,0.723,0.3458,81.7,184.4,2.257,0.032358,7,0.031,0
rot_p15,rotation,height,1,000647.png,1,0.3506,0.0592,0.3506,0.0227,-0.0033,-0.2914,-0.3279,0.699,0.4465,48.3,74.9,1.551,0.007756,6,0.225,0
rot_p15,rotation,scale,1,000647.png,1,0.3267,0.1608,0.4925,0.097,-0.098,-0.3317,-0.3946,0.562,0.2771,15.7,29.4,1.874,0.00099,6,0.0,0
rot_p15,rotation,height,1,000657.png,1,0.2321,0.0218,0.2321,-0.0163,-0.0605,-0.2103,-0.1716,0.787,0.3552,15.7,21.1,1.348,0.000709,2,0.0,0
rot_p15,rotation,scale,1,000657.png,1,0.2078,0.1783,0.2373,-0.0259,-0.1368,-0.059,-0.1005,0.665,0.5261,17.4,21.1,1.211,0.000788,2,0.0,0
rot_p15,rotation,width,1,000664.png,0,0.2198,0.2198,0.0663,0.0964,-0.0158,0.1536,-0.1235,0.769,0.5068,37.1,38.7,1.042,0.003103,5,0.599,0
rot_p15,rotation,height,1,000664.png,1,0.1789,0.1103,0.1789,0.0284,0.0185,-0.0686,-0.1505,0.764,0.7865,32.9,34.9,1.06,0.002479,5,0.179,0
rot_p15,rotation,scale,1,000682.png,1,0.2103,0.1523,0.2684,-0.0009,-0.02,-0.1161,-0.2484,0.684,0.6042,23.1,28.7,1.244,0.001423,2,0.0,0
rot_p15,rotation,height,1,000683.png,1,0.3113,0.1106,0.3113,0.0731,0.0064,-0.2007,-0.2382,0.666,0.6305,24.7,36.5,1.478,0.001934,4,0.0,0
rot_p15,rotation,scale,1,000714.png,1,0.2454,0.1746,0.3162,-0.0082,-0.0322,-0.1416,-0.2841,0.647,0.8779,57.8,76.4,1.321,0.009487,6,0.0,0
rot_p15,rotation,height,1,000714.png,1,0.7065,0.1013,0.7065,-0.0009,-0.0256,-0.6052,-0.6808,0.532,0.8907,69.7,185.3,2.659,0.027722,6,0.168,0
rot_p15,rotation,height,1,000725.png,1,0.2495,0.036,0.2495,0.0582,-0.001,-0.2135,-0.1913,0.719,0.6005,29.2,42.2,1.444,0.002646,7,0.545,0
rot_p15,rotation,width,1,000725.png,1,0.3514,0.3514,0.0304,0.035,0.0637,0.3209,-0.2876,0.66,0.8326,185.2,130.5,0.705,0.051786,7,0.452,1
rot_p15,rotation,height,1,000725.png,1,0.4795,-0.0959,0.4795,-0.0649,0.0029,-0.3836,-0.4146,0.612,0.7178,67.4,164.2,2.437,0.023699,7,0.242,0
rot_p15,rotation,width,1,000725.png,1,0.4207,0.4207,0.0243,0.1419,-0.1751,0.3964,-0.2456,0.517,0.3226,123.7,129.9,1.05,0.03443,7,0.692,1
rot_p15,rotation,width,1,000729.png,0,0.1238,0.1238,0.0875,-0.0762,0.0093,0.0363,-0.0476,0.797,0.6637,44.7,128.7,2.877,0.012365,6,0.525,0
rot_p15,rotation,scale,1,000729.png,1,0.2635,0.2776,0.2495,0.0043,-0.0335,0.0281,-0.2441,0.626,0.8823,203.1,183.0,0.901,0.079777,6,0.493,1
rot_p15,rotation,scale,1,000729.png,1,0.4257,0.1319,0.7196,-0.0277,-0.0121,-0.5877,-0.6919,0.514,0.7516,84.6,230.4,2.724,0.041851,6,0.365,0
rot_p15,rotation,width,1,000747.png,0,0.177,-0.177,-0.0386,-0.0779,0.0043,0.1384,-0.0991,0.791,0.4229,28.6,98.4,3.433,0.00605,5,0.0,0
rot_p15,rotation,width,1,000747.png,0,0.1481,0.1481,0.0896,-0.0953,0.0145,0.0586,-0.0529,0.769,0.372,30.6,38.5,1.261,0.002527,5,0.446,0
rot_p15,rotation,height,1,000747.png,0,0.2514,0.0713,0.2514,0.0237,0.0259,-0.18,-0.2255,0.746,0.6725,18.2,23.0,1.262,0.000897,5,0.0,0
rot_p15,rotation,translation_y,0,000747.png,0,0.1316,-0.117,-0.0949,-0.056,0.1316,0.0221,0.0146,0.675,0.6663,27.7,30.3,1.094,0.001805,5,0.0,0
rot_p15,rotation,scale,1,000829.png,1,0.2122,0.1476,0.2768,0.0073,0.0312,-0.1292,-0.2456,0.682,0.9332,63.1,85.3,1.353,0.011555,2,0.154,0
rot_p15,rotation,width,1,000843.png,0,0.1251,-0.1251,0.0299,0.0239,-0.0637,0.0952,-0.0614,0.779,0.4797,18.8,25.8,1.373,0.001045,9,0.0,0
rot_p15,rotation,translation_y,0,000846.png,0,0.1004,-0.074,-0.0744,-0.0067,-0.1004,-0.0005,0.0259,0.755,0.5192,15.9,26.5,1.66,0.000907,7,0.0,0
rot_p15,rotation,height,1,000846.png,0,0.2328,-0.044,-0.2328,0.007,-0.0514,-0.1888,-0.1815,0.733,0.5703,32.5,70.1,2.157,0.00489,7,0.462,0
rot_p15,rotation,scale,1,000846.png,1,0.2716,0.142,0.4012,0.0111,0.0118,-0.2592,-0.3894,0.625,0.8854,73.3,115.1,1.57,0.018109,7,0.057,0
rot_p15,rotation,height,1,000846.png,1,0.6637,0.0717,0.6637,-0.0499,-0.009,-0.592,-0.6137,0.549,0.7039,23.6,61.4,2.606,0.003106,7,0.0,0
rot_p15,rotation,width,1,000846.png,0,0.5633,0.5633,0.0676,0.0473,-0.1453,0.4957,-0.418,0.499,0.558,22.5,56.9,2.524,0.002752,7,0.0,0
rot_p15,rotation,scale,1,000846.png,1,0.4628,0.1979,0.7276,-0.038,0.0226,-0.5296,-0.6896,0.483,0.6837,22.7,58.7,2.582,0.002862,7,0.0,0
rot_p15,rotation,height,1,000854.png,1,0.4005,0.1002,0.4005,0.012,-0.0555,-0.3004,-0.345,0.649,0.7341,19.3,35.4,1.836,0.001468,2,0.0,0
rot_p15,rotation,width,1,000859.png,0,0.2538,0.2538,0.0552,-0.136,-0.0309,0.1986,-0.1178,0.74,0.6945,172.6,106.1,0.615,0.039311,6,0.0,1
rot_p15,rotation,scale,1,000859.png,1,0.4698,0.4244,0.5153,-0.0987,0.0148,-0.0909,-0.4166,0.463,0.6033,21.8,30.6,1.407,0.00143,6,0.325,0
rot_p15,rotation,scale,1,000882.png,1,0.2267,0.1761,0.2774,0.0212,0.0154,-0.1013,-0.2562,0.666,0.7227,97.7,121.5,1.243,0.025492,9,0.648,0
rot_p15,rotation,height,1,000882.png,1,0.4107,0.1115,0.4107,-0.0047,0.0051,-0.2992,-0.4056,0.638,0.9336,195.2,348.8,1.787,0.146193,9,0.136,1
rot_p15,rotation,scale,1,000884.png,1,0.2502,0.1683,0.3321,-0.0276,-0.0006,-0.1638,-0.3045,0.643,0.6428,48.1,61.9,1.287,0.006385,2,0.0,0
rot_p15,rotation,scale,1,000893.png,1,0.4054,0.1215,0.6894,0.0078,-0.0131,-0.5679,-0.6762,0.528,0.899,52.1,127.3,2.444,0.01424,1,0.0,0
rot_p15,rotation,height,1,000897.png,1,0.2627,0.0993,0.2627,-0.0012,-0.028,-0.1634,-0.2347,0.72,0.5824,20.9,24.5,1.174,0.001098,2,0.0,0
rot_p15,rotation,height,1,000910.png,1,0.3838,0.094,0.3838,0.0004,0.0158,-0.2898,-0.3679,0.661,0.882,98.3,169.7,1.726,0.035839,8,0.54,0
rot_p15,rotation,scale,1,000910.png,1,0.2499,0.1756,0.3242,-0.0101,0.0258,-0.1486,-0.2984,0.642,0.8397,89.8,121.3,1.351,0.023377,8,0.168,0
rot_p15,rotation,height,1,000910.png,1,0.4556,0.0795,0.4556,-0.0108,-0.0167,-0.3761,-0.4389,0.636,0.9111,152.0,293.2,1.929,0.095702,8,0.195,1
rot_p15,rotation,scale,1,000910.png,1,0.4083,0.2193,0.5973,0.0346,0.0019,-0.3781,-0.5627,0.513,0.397,26.6,56.4,2.125,0.003219,8,0.523,0
rot_p15,rotation,height,1,000918.png,1,0.3093,-0.0234,0.3093,-0.0156,0.0061,-0.2859,-0.2937,0.745,0.313,24.8,54.5,2.198,0.0029,7,0.0,0
rot_p15,rotation,scale,1,000918.png,1,0.2456,0.1782,0.313,-0.0244,0.0903,-0.1348,-0.2227,0.646,0.4645,33.0,40.0,1.213,0.002836,7,0.609,0
rot_p15,rotation,scale,1,000918.png,1,0.2699,0.2773,0.2624,0.0158,0.0048,0.0149,-0.2615,0.62,0.8902,54.6,55.5,1.017,0.006505,7,0.444,0
rot_p15,rotation,scale,1,000930.png,1,0.2549,0.2153,0.2944,-0.0142,0.0008,-0.0792,-0.2802,0.636,0.9158,83.6,113.3,1.356,0.020334,3,0.342,0
rot_p15,rotation,scale,1,000936.png,1,0.1944,0.1301,0.2587,0.0145,0.012,-0.1285,-0.2442,0.703,0.897,221.3,280.6,1.268,0.133307,12,0.175,1
rot_p15,rotation,scale,1,000936.png,1,0.2351,0.2198,0.2503,0.0219,-0.0308,-0.0305,-0.2195,0.656,0.8931,46.0,52.8,1.149,0.005217,12,0.291,0
rot_p15,rotation,height,1,000936.png,0,0.2352,-0.1165,-0.2352,0.0275,-0.139,-0.1187,-0.0962,0.645,0.272,61.4,122.0,1.986,0.016092,12,0.832,0
rot_p15,rotation,height,1,000936.png,0,0.252,-0.0251,0.252,-0.0563,0.2217,-0.227,-0.0304,0.611,0.3914,93.0,152.8,1.643,0.030519,12,0.98,1
rot_p15,rotation,scale,1,000936.png,0,0.2317,-0.2473,-0.2161,0.0445,-0.0796,0.0312,-0.1677,0.59,0.3649,38.0,90.9,2.389,0.007423,12,0.978,0
rot_p15,rotation,height,1,000970.png,1,0.2795,0.1152,0.2795,0.0156,0.0107,-0.1643,-0.2639,0.701,0.8386,32.5,41.0,1.262,0.00286,6,0.0,0
rot_p15,rotation,scale,1,000970.png,1,0.2423,0.1815,0.3032,-0.0049,0.0091,-0.1217,-0.2941,0.649,0.8528,46.4,62.7,1.352,0.00624,6,0.468,0
rot_p15,rotation,height,1,000970.png,0,0.1929,-0.1454,0.1929,-0.1463,-0.1135,-0.0475,-0.0467,0.613,0.7915,37.3,124.1,3.325,0.009948,6,0.967,0
rot_p15,rotation,height,1,000985.png,0,0.138,0.0059,0.138,0.0037,0.0644,-0.1321,-0.0736,0.872,0.344,58.9,128.5,2.182,0.016225,11,0.898,0
rot_p15,rotation,scale,1,000985.png,1,0.2445,0.132,0.357,-0.0443,0.0327,-0.225,-0.3128,0.651,0.8125,42.1,68.7,1.633,0.006193,11,0.35,0
rot_p15,rotation,scale,1,000985.png,1,0.2609,0.2186,0.3031,-0.0613,0.0426,-0.0845,-0.2418,0.63,0.2608,21.5,27.0,1.255,0.001249,11,0.173,0
rot_p15,rotation,scale,1,000985.png,1,0.3343,0.3215,0.347,0.0634,0.0148,-0.0255,-0.2836,0.562,0.5383,21.0,22.0,1.051,0.000991,11,0.0,0
rot_p15,rotation,height,1,000998.png,0,0.1239,-0.0886,0.1239,0.0032,-0.0446,-0.0353,-0.0793,0.819,0.6931,31.7,40.4,1.273,0.002752,8,0.255,0
rot_p15,rotation,scale,1,001012.png,1,0.2552,0.1698,0.3406,0.0106,0.032,-0.1708,-0.3087,0.638,0.8787,82.4,118.9,1.442,0.021043,6,0.109,0
rot_p15,rotation,scale,1,001012.png,1,0.2881,0.184,0.3921,-0.0359,-0.0143,-0.2082,-0.3562,0.607,0.8123,39.6,54.4,1.374,0.00462,6,0.473,0
rot_p15,rotation,height,1,001013.png,0,0.127,-0.0574,0.127,-0.0287,0.0719,-0.0696,-0.0551,0.829,0.7421,116.2,154.6,1.331,0.038519,9,1.0,1
rot_p15,rotation,scale,1,001013.png,1,0.2376,0.217,0.2582,-0.0207,-0.0071,-0.0413,-0.2375,0.653,0.8936,67.9,74.1,1.091,0.01078,9,0.0,0
rot_p15,rotation,scale,1,001013.png,0,0.3094,-0.3237,-0.2951,0.0466,-0.1498,0.0286,-0.1739,0.475,0.3432,63.6,153.5,2.414,0.020907,9,1.0,0
rot_p15,rotation,height,1,001044.png,1,0.2743,0.1089,0.2743,-0.0089,-0.0209,-0.1653,-0.2533,0.708,0.8868,142.5,197.9,1.388,0.060545,7,0.59,0
rot_p15,rotation,height,1,001044.png,1,0.4716,0.081,0.4716,0.0066,0.0007,-0.3906,-0.465,0.629,0.9414,185.0,367.7,1.987,0.1461,7,0.217,1
rot_p15,rotation,height,1,001044.png,1,0.4379,0.1079,0.4379,-0.0133,-0.0003,-0.3301,-0.4247,0.628,0.82,32.7,58.1,1.777,0.004077,7,0.077,0
rot_p15,rotation,scale,1,001100.png,1,0.1984,0.2393,0.1575,-0.0064,-0.0157,0.0818,-0.2236,0.697,0.8266,113.2,100.6,0.888,0.024442,8,0.0,1
rot_p15,rotation,scale,1,001100.png,1,0.2831,0.2142,0.3521,-0.0138,0.008,-0.1379,-0.3383,0.609,0.3692,92.4,123.5,1.337,0.024498,8,0.089,0
rot_p15,rotation,translation_x,0,001100.png,0,0.1774,-0.0986,0.0007,0.1774,-0.0961,0.0979,0.0788,0.581,0.3194,25.0,29.8,1.193,0.0016,8,0.351,0
rot_p15,rotation,scale,1,001100.png,1,0.3317,0.2173,0.4461,-0.0545,-0.0394,-0.2287,-0.3915,0.568,0.3675,29.8,57.1,1.918,0.003655,8,0.571,0
rot_p15,rotation,scale,1,001135.png,1,0.3035,0.181,0.426,-0.0111,-0.0058,-0.245,-0.4149,0.594,0.8107,80.1,120.0,1.498,0.02064,1,0.0,0
rot_p15,rotation,scale,1,001158.png,1,0.2557,0.2402,0.2713,0.0351,-0.0248,-0.0312,-0.2363,0.634,0.836,29.3,31.7,1.08,0.001994,5,0.0,0
rot_p15,rotation,height,1,001190.png,0,0.1299,-0.0982,0.1299,-0.026,0.0106,-0.0317,-0.1039,0.807,0.8596,65.7,94.7,1.441,0.013372,7,0.67,0
rot_p15,rotation,scale,1,001190.png,1,0.3082,0.1819,0.4345,0.0287,0.0442,-0.2526,-0.3903,0.59,0.9055,100.2,131.4,1.311,0.028289,7,0.698,0
rot_p15,rotation,height,1,001190.png,1,0.64,0.0607,0.64,0.0015,-0.001,-0.5793,-0.6385,0.575,0.9413,173.2,458.3,2.646,0.170417,7,0.113,1
rot_p15,rotation,height,1,001209.png,0,0.1634,-0.0753,-0.1634,-0.0298,-0.045,-0.0881,-0.1184,0.774,0.3786,74.7,153.9,2.061,0.02467,13,0.892,0
rot_p15,rotation,translation_x,0,001209.png,0,0.1528,0.0158,-0.0645,-0.1528,-0.0262,-0.0487,0.0883,0.695,0.2967,29.8,70.4,2.362,0.004505,13,0.704,0
rot_p15,rotation,scale,1,001209.png,1,0.2119,0.2035,0.2203,0.0221,-0.0085,-0.0168,-0.1982,0.681,0.9408,207.2,192.8,0.931,0.085771,13,0.299,1
rot_p15,rotation,scale,1,001209.png,1,0.2606,0.2225,0.2988,0.0237,-0.0006,-0.0763,-0.2751,0.63,0.9475,39.0,42.8,1.097,0.003584,13,0.005,0
rot_p15,rotation,height,1,001209.png,1,0.4994,0.0064,0.4994,-0.0866,0.0184,-0.493,-0.4128,0.576,0.4526,24.5,62.3,2.541,0.003284,13,0.578,0
rot_p15,rotation,height,1,001209.png,1,0.6035,0.0414,0.6035,-0.0732,-0.0784,-0.5621,-0.5252,0.55,0.7218,53.7,128.2,2.385,0.014787,13,0.609,0
rot_p15,rotation,height,1,001226.png,1,0.3107,0.1158,0.3107,-0.0158,0.002,-0.1948,-0.2948,0.684,0.9338,48.0,63.7,1.326,0.006571,4,0.125,0
rot_p15,rotation,height,1,001226.png,1,0.5232,0.0785,0.5232,0.0027,0.0065,-0.4447,-0.5167,0.609,0.9257,117.4,258.5,2.202,0.065177,4,0.0,0
rot_p15,rotation,scale,1,001276.png,1,0.3169,0.1268,0.507,-0.0165,0.0077,-0.3802,-0.4904,0.589,0.9034,79.6,152.9,1.92,0.026149,6,0.183,0
width_m15,width,width,1,000006.png,1,0.2099,-0.2099,0.002,-0.0473,-0.0149,0.2079,-0.1626,0.769,0.7365,33.4,73.8,2.206,0.005328,4,0.0,0
width_m15,width,width,1,000060.png,1,0.1534,-0.1534,0.026,0.0055,-0.0075,0.1274,-0.146,0.828,0.9226,61.4,63.5,1.034,0.008375,2,0.0,0
width_m15,width,width,1,000060.png,0,0.2762,-0.2762,-0.0649,-0.1114,0.0218,0.2113,-0.1648,0.677,0.283,19.7,49.8,2.527,0.002105,2,0.0,0
width_m15,width,width,1,000066.png,1,0.1511,-0.1511,0.0834,-0.0114,-0.0051,0.0677,-0.1397,0.793,0.8335,34.9,38.7,1.109,0.002897,2,0.0,0
width_m15,width,width,1,000075.png,1,0.1314,-0.1314,-0.0141,-0.0126,0.0031,0.1173,-0.1188,0.856,0.9116,55.8,79.3,1.42,0.009504,5,0.339,0
width_m15,width,width,1,000075.png,1,0.2701,-0.2701,-0.0166,0.1143,0.0347,0.2535,-0.1558,0.685,0.4814,25.3,49.2,1.942,0.002674,5,0.0,0
width_m15,width,width,1,000107.png,1,0.1844,-0.1844,-0.0091,-0.0117,-0.0183,0.1753,-0.1661,0.788,0.8354,55.5,72.7,1.309,0.008661,7,0.0,0
width_m15,width,width,1,000107.png,1,0.2153,-0.2153,0.0224,0.0229,0.0911,0.1929,-0.1242,0.668,0.7325,48.0,66.9,1.393,0.006901,7,0.855,0
width_m15,width,width,1,000136.png,1,0.1492,-0.1492,-0.0028,-0.0033,-0.0004,0.1464,-0.1459,0.848,0.9678,164.1,370.3,2.257,0.13049,6,0.0,1
width_m15,width,width,1,000136.png,0,0.1698,0.1698,0.04,0.0714,-0.0001,0.1299,-0.0984,0.822,0.7334,57.5,162.3,2.823,0.020033,6,0.348,0
width_m15,width,translation_x,0,000136.png,0,0.1025,-0.0008,-0.033,0.1025,-0.0467,-0.0322,0.0695,0.746,0.7895,27.8,35.1,1.264,0.002093,6,0.282,0
width_m15,width,height,0,000136.png,0,0.184,0.0376,0.184,-0.0099,0.1417,-0.1464,-0.0423,0.743,0.7836,36.9,68.8,1.865,0.005446,6,0.0,0
width_m15,width,width,1,000136.png,1,0.1483,-0.1483,-0.0183,0.0446,0.0747,0.13,-0.0736,0.739,0.7798,51.1,166.6,3.257,0.018294,6,0.554,0
width_m15,width,width,1,000178.png,1,0.1863,-0.1863,0.0375,0.0167,0.0021,0.1488,-0.1696,0.79,0.812,48.3,149.1,3.088,0.015449,8,0.0,0
width_m15,width,width,1,000286.png,1,0.1403,-0.1403,0.0158,-0.0093,-0.0099,0.1245,-0.1304,0.845,0.8689,179.2,282.1,1.575,0.108536,11,0.577,1
width_m15,width,width,1,000286.png,1,0.1463,-0.1463,0.0003,-0.0174,0.0208,0.146,-0.1255,0.821,0.9428,79.6,110.0,1.381,0.018813,11,0.022,0
width_m15,width,width,1,000286.png,1,0.1707,-0.1707,0.0871,0.0015,-0.0053,0.0835,-0.1654,0.773,0.8155,26.3,80.2,3.056,0.004522,11,0.087,0
width_m15,width,width,1,000286.png,1,0.196,-0.196,-0.0449,-0.052,-0.016,0.151,-0.144,0.768,0.3258,50.2,59.9,1.194,0.006454,11,0.841,0
width_m15,width,width,1,000286.png,1,0.2268,-0.2268,0.0259,0.0422,0.0489,0.2009,-0.1779,0.711,0.6718,31.1,40.2,1.293,0.002681,11,0.46,0
width_m15,width,width,1,000357.png,1,0.1406,-0.1406,-0.0394,0.0062,-0.007,0.1012,-0.1336,0.825,0.9401,57.5,88.0,1.531,0.010847,8,0.347,0
width_m15,width,translation_x,0,000357.png,0,0.1061,0.0784,0.0416,-0.1061,-0.0603,0.0368,0.0277,0.73,0.5936,39.9,56.8,1.424,0.004859,8,0.569,0
width_m15,width,width,1,000386.png,1,0.1579,-0.1579,-0.0278,-0.0047,0.0136,0.1301,-0.1443,0.819,0.9544,200.2,414.0,2.067,0.177638,8,0.315,1
width_m15,width,scale,0,000386.png,0,0.1555,-0.1289,-0.182,0.0722,-0.0254,-0.0531,-0.1098,0.702,0.3354,82.4,189.6,2.303,0.033474,8,1.0,0
width_m15,width,width,1,000421.png,1,0.1792,-0.1792,0.0231,0.0135,0.0421,0.1561,-0.1371,0.762,0.6543,31.4,73.9,2.351,0.004991,7,0.515,0
width_m15,width,scale,0,000421.png,0,0.324,-0.3787,-0.2693,-0.13,-0.052,0.1095,-0.2488,0.454,0.4469,27.3,66.8,2.445,0.00392,7,0.683,0
width_m15,width,width,1,000456.png,1,0.1701,-0.1701,0.0404,0.0163,0.0261,0.1297,-0.144,0.794,0.6662,29.2,33.0,1.128,0.00207,2,0.0,0
width_m15,width,width,1,000462.png,1,0.15,-0.15,-0.0077,-0.0,0.0036,0.1423,-0.1464,0.843,0.9322,99.5,179.3,1.802,0.038295,7,0.202,0
width_m15,width,width,1,000462.png,1,0.1391,-0.1391,-0.0211,0.0053,-0.0098,0.1181,-0.1294,0.843,0.8345,99.8,206.8,2.072,0.044304,7,0.504,0
width_m15,width,width,1,000462.png,1,0.1557,-0.1557,0.0159,-0.0122,0.0011,0.1398,-0.1435,0.833,0.9171,129.2,238.0,1.842,0.066031,7,0.332,0
width_m15,width,width,1,000493.png,1,0.1331,-0.1331,-0.0029,-0.0219,-0.0012,0.1303,-0.1112,0.864,0.5733,25.5,35.0,1.372,0.001913,4,0.0,0
width_m15,width,width,1,000493.png,0,0.1643,-0.1643,-0.0118,0.12,0.0117,0.1525,-0.0443,0.752,0.8197,34.4,42.6,1.238,0.003145,4,0.0,0
width_m15,width,width,1,000521.png,1,0.1576,-0.1576,-0.0278,-0.0003,0.0332,0.1298,-0.1244,0.79,0.8935,61.4,132.9,2.166,0.017505,4,0.197,0
width_m15,width,translation_y,0,000521.png,0,0.1324,0.1183,-0.0291,0.0658,0.1324,0.0892,0.0141,0.684,0.5935,19.5,26.8,1.371,0.001121,4,0.0,0
width_m15,width,width,1,000537.png,1,0.1592,-0.1592,0.0682,-0.0012,0.0465,0.091,-0.1127,0.778,0.811,24.3,48.0,1.972,0.002506,2,0.0,0
width_m15,width,width,1,000537.png,1,0.1976,-0.1976,0.0448,0.0527,-0.0232,0.1527,-0.1448,0.773,0.5992,21.4,36.5,1.704,0.001679,2,0.0,0
width_m15,width,width,1,000539.png,0,0.2256,0.2256,-0.0399,-0.1268,0.0656,0.1857,-0.0987,0.707,0.7479,23.8,45.0,1.888,0.002302,7,0.265,0
width_m15,width,scale,0,000539.png,1,0.1674,-0.1953,-0.1396,-0.0104,-0.038,0.0558,-0.1574,0.692,0.8233,30.5,63.2,2.07,0.004145,7,0.25,0
width_m15,width,width,1,000539.png,0,0.2833,-0.2833,-0.1115,0.0748,-0.0205,0.1718,-0.2085,0.637,0.6364,21.2,47.7,2.253,0.002168,7,0.411,0
width_m15,width,width,1,000581.png,1,0.2506,-0.2506,0.001,-0.019,-0.0151,0.2496,-0.2316,0.73,0.7119,35.6,40.9,1.147,0.003126,1,0.0,0
width_m15,width,width,1,000601.png,0,0.1387,-0.1387,-0.0578,0.0068,0.0038,0.0809,-0.1319,0.811,0.6537,22.8,25.9,1.136,0.001267,2,0.0,0
width_m15,width,width,1,000601.png,1,0.1432,-0.1432,-0.0349,-0.0279,0.0912,0.1082,-0.052,0.718,0.736,34.4,66.0,1.919,0.004878,2,0.0,0
width_m15,width,width,1,000612.png,1,0.1576,-0.1576,0.0055,-0.0017,-0.0058,0.1522,-0.1519,0.834,0.8479,77.9,116.7,1.498,0.01951,9,0.334,0
width_m15,width,height,0,000612.png,1,0.1528,-0.1123,0.1528,-0.0866,0.0571,-0.0405,-0.0662,0.735,0.254,27.2,72.2,2.658,0.004215,9,0.714,0
width_m15,width,height,0,000612.png,0,0.2662,-0.1559,0.2662,0.0496,-0.1841,-0.1103,-0.0821,0.632,0.2632,46.1,133.0,2.888,0.013155,9,0.331,0
width_m15,width,width,1,000616.png,0,0.1483,0.1483,0.0428,-0.0549,0.0122,0.1055,-0.0934,0.835,0.6724,30.2,43.9,1.455,0.002843,3,0.05,0
width_m15,width,width,1,000623.png,1,0.1767,-0.1767,0.0122,0.0137,-0.0102,0.1645,-0.1629,0.809,0.9055,163.6,241.7,1.478,0.08489,7,0.0,1
width_m15,width,width,1,000623.png,0,0.1745,-0.1745,-0.0241,0.0363,-0.07,0.1504,-0.1045,0.723,0.3458,81.7,184.4,2.257,0.032358,7,0.031,0
width_m15,width,width,1,000647.png,1,0.1922,-0.1922,0.0382,0.0936,0.024,0.154,-0.0986,0.777,0.6811,22.1,33.1,1.501,0.001568,6,0.0,0
width_m15,width,width,1,000657.png,0,0.1335,-0.1335,-0.0373,-0.0163,-0.0605,0.0962,-0.073,0.77,0.3552,15.7,21.1,1.348,0.000709,2,0.0,0
width_m15,width,translation_y,0,000657.png,0,0.1368,0.0088,-0.0465,-0.0259,-0.1368,-0.0376,0.0904,0.721,0.5261,17.4,21.1,1.211,0.000788,2,0.0,0
width_m15,width,width,1,000664.png,1,0.1619,-0.1619,-0.03,0.016,-0.0121,0.1319,-0.146,0.813,0.9321,122.1,186.7,1.529,0.049257,5,0.045,0
width_m15,width,width,1,000683.png,1,0.1782,-0.1782,-0.0561,0.0259,0.0091,0.1221,-0.1522,0.776,0.809,26.2,43.0,1.641,0.002424,4,0.0,0
width_m15,width,width,1,000683.png,1,0.1601,-0.1601,-0.0659,0.029,0.0432,0.0943,-0.1169,0.769,0.3519,16.8,20.6,1.226,0.000743,4,0.0,0
width_m15,width,width,1,000714.png,1,0.1435,-0.1435,-0.0049,0.0037,0.0143,0.1386,-0.1293,0.834,0.9058,88.9,167.5,1.883,0.031979,6,0.252,0
width_m15,width,width,1,000725.png,0,0.173,-0.173,-0.0084,-0.0649,0.0029,0.1645,-0.1081,0.82,0.7178,67.4,164.2,2.437,0.023699,7,0.27,0
width_m15,width,height,0,000725.png,0,0.1353,0.0702,-0.1353,0.035,0.0637,-0.0651,-0.0716,0.815,0.8326,185.2,130.5,0.705,0.051786,7,0.414,1
width_m15,width,width,1,000725.png,1,0.1638,-0.1638,0.0132,0.0022,-0.0255,0.1506,-0.1383,0.799,0.829,29.1,32.9,1.129,0.002053,7,0.0,0
width_m15,width,width,1,000725.png,0,0.2127,0.2127,0.0014,0.1021,-0.0243,0.2113,-0.1106,0.789,0.7433,86.1,138.4,1.608,0.025543,7,0.852,1
width_m15,width,width,1,000725.png,1,0.2377,-0.2377,-0.0534,0.0582,-0.001,0.1842,-0.1795,0.722,0.6005,29.2,42.2,1.444,0.002646,7,0.664,0
width_m15,width,width,1,000729.png,1,0.1437,-0.1437,0.0109,-0.0025,-0.0113,0.1328,-0.1324,0.839,0.8966,138.1,297.1,2.151,0.0881,6,0.638,0
width_m15,width,width,1,000729.png,0,0.1238,0.1238,0.0875,-0.0762,0.0093,0.0363,-0.0476,0.797,0.6637,44.7,128.7,2.877,0.012365,6,0.351,0
width_m15,width,width,1,000729.png,1,0.15,-0.15,-0.0274,-0.0175,0.0396,0.1226,-0.1104,0.787,0.8454,52.2,69.9,1.34,0.007835,6,0.0,0
width_m15,width,height,0,000747.png,0,0.2514,0.0713,0.2514,0.0237,0.0259,-0.18,-0.2255,0.746,0.6725,18.2,23.0,1.262,0.000897,5,0.0,0
width_m15,width,translation_y,0,000747.png,0,0.1316,-0.117,-0.0949,-0.056,0.1316,0.0221,0.0146,0.675,0.6663,27.7,30.3,1.094,0.001805,5,0.0,0
width_m15,width,width,1,000747.png,1,0.3004,-0.3004,-0.0386,-0.0779,0.0043,0.2618,-0.2226,0.673,0.4229,28.6,98.4,3.433,0.00605,5,0.0,0
width_m15,width,width,1,000779.png,1,0.151,-0.151,-0.0075,0.0012,0.0026,0.1434,-0.1484,0.843,0.8938,94.7,245.2,2.589,0.049877,1,0.0,0
width_m15,width,width,1,000843.png,1,0.1702,-0.1702,-0.0062,-0.0119,0.0084,0.164,-0.1583,0.817,0.943,164.3,203.4,1.238,0.071776,9,0.029,1
width_m15,width,width,1,000843.png,1,0.1492,-0.1492,0.0045,-0.0693,-0.0298,0.1447,-0.0799,0.805,0.7798,45.1,66.9,1.481,0.006483,9,0.566,0
width_m15,width,width,1,000843.png,0,0.1251,-0.1251,0.0299,0.0239,-0.0637,0.0952,-0.0614,0.779,0.4797,18.8,25.8,1.373,0.001045,9,0.0,0
width_m15,width,width,1,000846.png,0,0.1361,0.1361,0.0026,-0.038,0.0226,0.1336,-0.0981,0.843,0.6837,22.7,58.7,2.582,0.002862,7,0.0,0
width_m15,width,width,1,000846.png,1,0.1441,-0.1441,0.0272,0.0111,0.0118,0.1169,-0.1323,0.836,0.8854,73.3,115.1,1.57,0.018109,7,0.024,0
width_m15,width,translation_y,0,000846.png,0,0.1004,-0.074,-0.0744,-0.0067,-0.1004,-0.0005,0.0259,0.755,0.5192,15.9,26.5,1.66,0.000907,7,0.0,0
width_m15,width,height,0,000846.png,0,0.2328,-0.044,-0.2328,0.007,-0.0514,-0.1888,-0.1815,0.733,0.5703,32.5,70.1,2.157,0.00489,7,0.105,0
width_m15,width,width,1,000846.png,0,0.5633,0.5633,0.0676,0.0473,-0.1453,0.4957,-0.418,0.499,0.558,22.5,56.9,2.524,0.002752,7,0.0,0
width_m15,width,width,1,000851.png,1,0.126,-0.126,0.0878,-0.0062,0.0354,0.0382,-0.0906,0.812,0.8702,36.3,47.0,1.293,0.003669,2,0.0,0
width_m15,width,width,1,000859.png,1,0.1227,-0.1227,-0.0141,0.0449,-0.001,0.1086,-0.0778,0.865,0.8109,71.8,91.2,1.27,0.014052,6,0.423,0
width_m15,width,width,1,000859.png,0,0.2538,0.2538,0.0552,-0.136,-0.0309,0.1986,-0.1178,0.74,0.6945,172.6,106.1,0.615,0.039311,6,0.0,1
width_m15,width,width,1,000859.png,0,0.2669,0.2669,0.0911,-0.0987,0.0148,0.1758,-0.1682,0.723,0.6033,21.8,30.6,1.407,0.00143,6,0.304,0
width_m15,width,width,1,000882.png,1,0.1746,-0.1746,0.0407,-0.0049,0.0054,0.1339,-0.1692,0.799,0.9392,158.1,218.8,1.384,0.074309,9,0.279,0
width_m15,width,width,1,000882.png,1,0.1728,-0.1728,-0.0049,-0.0344,0.05,0.168,-0.1228,0.754,0.897,34.9,37.5,1.075,0.002812,9,0.387,0
width_m15,width,scale,0,000882.png,0,0.1374,-0.1534,-0.1214,0.0337,-0.0584,0.032,-0.0951,0.744,0.6687,26.7,29.5,1.106,0.001689,9,0.104,0
width_m15,width,width,1,000918.png,1,0.205,-0.205,0.0103,-0.0748,0.0473,0.1948,-0.1302,0.731,0.7536,41.2,56.8,1.377,0.005025,7,0.594,0
width_m15,width,width,1,000918.png,1,0.1579,-0.1579,0.0372,-0.0244,0.0903,0.1208,-0.0676,0.716,0.4645,33.0,40.0,1.213,0.002836,7,0.63,0
width_m15,width,scale,0,000918.png,1,0.2033,-0.2255,-0.1811,-0.0156,0.0061,0.0444,-0.2099,0.634,0.313,24.8,54.5,2.198,0.0029,7,0.0,0
width_m15,width,width,1,000930.png,1,0.1648,-0.1648,-0.0444,0.0344,0.041,0.1204,-0.1238,0.77,0.8378,37.8,46.3,1.224,0.003755,3,0.0,0
width_m15,width,width,1,000933.png,1,0.1462,-0.1462,-0.007,0.0153,0.0189,0.1392,-0.1274,0.824,0.8974,43.4,60.5,1.395,0.005629,1,0.0,0
width_m15,width,width,1,000936.png,1,0.1201,-0.1201,-0.0242,0.0219,-0.0308,0.0959,-0.0892,0.828,0.8931,46.0,52.8,1.149,0.005217,12,0.411,0
width_m15,width,height,0,000936.png,0,0.2352,-0.1165,-0.2352,0.0275,-0.139,-0.1187,-0.0962,0.645,0.272,61.4,122.0,1.986,0.016092,12,0.832,0
width_m15,width,height,0,000936.png,0,0.252,-0.0251,0.252,-0.0563,0.2217,-0.227,-0.0304,0.611,0.3914,93.0,152.8,1.643,0.030519,12,0.98,1
width_m15,width,scale,0,000936.png,0,0.2317,-0.2473,-0.2161,0.0445,-0.0796,0.0312,-0.1677,0.59,0.3649,38.0,90.9,2.389,0.007423,12,0.978,0
width_m15,width,height,0,000985.png,0,0.138,0.0059,0.138,0.0037,0.0644,-0.1321,-0.0736,0.872,0.344,58.9,128.5,2.182,0.016225,11,0.898,0
width_m15,width,width,1,000985.png,1,0.1479,-0.1479,-0.014,-0.0119,0.0091,0.134,-0.136,0.837,0.9612,182.6,376.0,2.058,0.147156,11,0.135,1
width_m15,width,height,0,000998.png,0,0.1239,-0.0886,0.1239,0.0032,-0.0446,-0.0353,-0.0793,0.819,0.6931,31.7,40.4,1.273,0.002752,8,0.127,0
width_m15,width,width,1,000998.png,1,0.1411,-0.1411,0.0579,0.0026,0.0125,0.0832,-0.1286,0.818,0.8867,72.3,150.9,2.087,0.023435,8,0.154,0
width_m15,width,width,1,000998.png,1,0.2047,-0.2047,-0.0041,-0.0386,0.0139,0.2006,-0.166,0.775,0.8246,63.7,78.7,1.236,0.010773,8,0.614,0
width_m15,width,width,1,001012.png,1,0.1272,-0.1272,-0.0088,0.0106,0.032,0.1184,-0.0952,0.821,0.8787,82.4,118.9,1.442,0.021043,6,0.041,0
width_m15,width,width,1,001012.png,1,0.1468,-0.1468,-0.0258,0.0013,0.0203,0.121,-0.1265,0.82,0.9453,194.8,360.5,1.851,0.15073,6,0.0,1
width_m15,width,width,1,001013.png,1,0.1392,-0.1392,0.0065,-0.0207,-0.0071,0.1326,-0.1184,0.85,0.8936,67.9,74.1,1.091,0.01078,9,0.0,0
width_m15,width,height,0,001013.png,0,0.127,-0.0574,0.127,-0.0287,0.0719,-0.0696,-0.0551,0.829,0.7421,116.2,154.6,1.331,0.038519,9,1.0,1
width_m15,width,scale,0,001013.png,1,0.3601,-0.4251,-0.2951,0.0466,-0.1498,0.13,-0.2754,0.403,0.3432,63.6,153.5,2.414,0.020907,9,1.0,0
width_m15,width,width,1,001044.png,1,0.1818,-0.1818,-0.0389,-0.0089,-0.0209,0.143,-0.1609,0.784,0.8868,142.5,197.9,1.388,0.060545,7,0.468,0
width_m15,width,width,1,001100.png,1,0.1265,-0.1265,0.0261,0.0194,-0.0378,0.1004,-0.0887,0.816,0.8259,36.4,91.5,2.516,0.00715,8,0.295,0
width_m15,width,width,1,001100.png,1,0.1561,-0.1561,-0.038,-0.0064,-0.0157,0.118,-0.1404,0.812,0.8266,113.2,100.6,0.888,0.024442,8,0.0,0
width_m15,width,width,1,001100.png,1,0.1536,-0.1536,0.0573,0.036,-0.004,0.0963,-0.1176,0.807,0.5951,43.2,51.7,1.194,0.004795,8,0.047,0
width_m15,width,width,1,001100.png,1,0.2338,-0.2338,0.0007,0.1774,-0.0961,0.233,-0.0564,0.565,0.3194,25.0,29.8,1.193,0.0016,8,0.163,0
width_m15,width,width,1,001143.png,1,0.162,-0.162,-0.0157,-0.0071,-0.0247,0.1464,-0.1374,0.799,0.9242,107.4,211.2,1.966,0.048717,4,0.0,0
width_m15,width,width,1,001158.png,1,0.1534,-0.1534,-0.1171,-0.0384,-0.0189,0.0363,-0.115,0.748,0.677,132.3,231.4,1.748,0.065623,5,0.0,0
width_m15,width,width,1,001190.png,1,0.1518,-0.1518,-0.0096,0.0015,-0.001,0.1423,-0.1503,0.84,0.9413,173.2,458.3,2.646,0.170417,7,0.076,1
width_m15,width,height,0,001190.png,0,0.1368,-0.0087,0.1368,0.0287,0.0442,-0.1281,-0.0926,0.834,0.9055,100.2,131.4,1.311,0.028289,7,0.341,0
width_m15,width,width,1,001190.png,1,0.2335,-0.2335,0.1299,-0.026,0.0106,0.1036,-0.2075,0.697,0.8596,65.7,94.7,1.441,0.013372,7,0.463,0
width_m15,width,width,1,001192.png,1,0.2506,-0.2506,0.0649,0.0398,0.0669,0.1856,-0.1836,0.673,0.8823,37.3,46.0,1.235,0.00368,3,0.0,0
width_m15,width,width,1,001209.png,1,0.1418,-0.1418,0.0477,0.0237,-0.0006,0.094,-0.1181,0.824,0.9475,39.0,42.8,1.097,0.003584,13,0.0,0
width_m15,width,width,1,001209.png,1,0.1574,-0.1574,-0.0158,0.0071,0.0163,0.1416,-0.141,0.816,0.9294,161.4,276.3,1.712,0.09574,13,0.282,0
width_m15,width,width,1,001209.png,1,0.1634,-0.1634,0.0397,-0.0274,0.0167,0.1236,-0.1359,0.81,0.7334,81.5,160.9,1.974,0.028147,13,0.713,0
width_m15,width,height,0,001209.png,1,0.1465,-0.0199,0.1465,0.0496,-0.0212,-0.1266,-0.0969,0.795,0.5922,49.0,106.8,2.177,0.011241,13,0.871,0
width_m15,width,height,0,001209.png,0,0.1634,-0.0753,-0.1634,-0.0298,-0.045,-0.0881,-0.1184,0.774,0.3786,74.7,153.9,2.061,0.02467,13,0.808,0
width_m15,width,width,1,001209.png,1,0.2452,-0.2452,0.0659,0.0851,-0.003,0.1793,-0.1601,0.719,0.6785,18.5,30.3,1.643,0.001203,13,0.0,0
width_m15,width,translation_x,0,001209.png,0,0.1528,0.0158,-0.0645,-0.1528,-0.0262,-0.0487,0.0883,0.695,0.2967,29.8,70.4,2.362,0.004505,13,0.704,0
width_m15,width,width,1,001226.png,1,0.168,-0.168,-0.0604,0.0071,0.0241,0.1076,-0.1439,0.782,0.4366,18.7,24.6,1.314,0.000986,4,0.0,0
width_p15,width,width,1,000006.png,1,0.1827,0.1827,0.0045,-0.0176,-0.0066,0.1782,-0.165,0.835,0.3256,40.6,68.3,1.68,0.005989,4,0.197,0
width_p15,width,width,1,000029.png,1,0.2164,0.2164,0.012,0.0208,0.0526,0.2044,-0.1638,0.746,0.5179,29.7,35.8,1.206,0.00228,1,0.0,0
width_p15,width,width,1,000060.png,1,0.1454,0.1454,0.026,0.0055,-0.0075,0.1193,-0.1379,0.851,0.9226,61.4,63.5,1.034,0.008375,2,0.0,0
width_p15,width,width,1,000060.png,0,0.2762,-0.2762,-0.0649,-0.1114,0.0218,0.2113,-0.1648,0.677,0.283,19.7,49.8,2.527,0.002105,2,0.0,0
width_p15,width,width,1,000066.png,1,0.132,0.132,-0.0248,-0.0357,0.0637,0.1072,-0.0682,0.783,0.8232,27.4,42.9,1.568,0.002523,2,0.0,0
width_p15,width,width,1,000075.png,1,0.1751,0.1751,-0.0141,-0.0126,0.0031,0.161,-0.1625,0.841,0.9116,55.8,79.3,1.42,0.009504,5,0.371,0
width_p15,width,width,1,000075.png,0,0.1413,-0.1413,-0.0166,0.1143,0.0347,0.1247,-0.027,0.733,0.4814,25.3,49.2,1.942,0.002674,5,0.0,0
width_p15,width,width,1,000091.png,1,0.5296,-0.5296,-0.0493,0.1926,-0.0931,0.4803,-0.337,0.402,0.29,30.3,72.0,2.379,0.004681,1,0.0,0
width_p15,width,width,1,000107.png,1,0.2014,0.2014,0.0362,0.0563,0.0816,0.1651,-0.1198,0.716,0.5647,34.0,40.3,1.184,0.002943,7,0.496,0
width_p15,width,translation_x,0,000136.png,0,0.1025,-0.0008,-0.033,0.1025,-0.0467,-0.0322,0.0695,0.746,0.7895,27.8,35.1,1.264,0.002093,6,0.282,0
width_p15,width,height,0,000136.png,0,0.184,0.0376,0.184,-0.0099,0.1417,-0.1464,-0.0423,0.743,0.7836,36.9,68.8,1.865,0.005446,6,0.054,0
width_p15,width,width,1,000136.png,1,0.3453,0.3453,0.04,0.0714,-0.0001,0.3054,-0.2739,0.715,0.7334,57.5,162.3,2.823,0.020033,6,0.405,0
width_p15,width,width,1,000286.png,1,0.1201,0.1201,0.0117,-0.0001,0.022,0.1084,-0.0981,0.856,0.8626,57.6,79.3,1.376,0.009811,11,0.502,0
width_p15,width,width,1,000292.png,1,0.1313,0.1313,-0.0001,0.0042,0.0187,0.1312,-0.1126,0.853,0.9173,65.0,68.3,1.052,0.009531,1,0.0,0
width_p15,width,width,1,000295.png,1,0.1269,0.1269,0.0083,-0.0064,-0.0267,0.1185,-0.1002,0.844,0.9016,95.4,134.6,1.411,0.027569,2,0.0,0
width_p15,width,width,1,000332.png,1,0.2088,0.2088,0.0267,-0.0264,0.0028,0.1821,-0.1824,0.806,0.8599,36.5,46.3,1.268,0.003655,1,0.0,0
width_p15,width,width,1,000357.png,1,0.1467,0.1467,0.0061,-0.0172,-0.0094,0.1406,-0.1295,0.857,0.8381,40.3,71.8,1.782,0.006202,8,0.589,0
width_p15,width,translation_x,0,000357.png,0,0.1061,0.0784,0.0416,-0.1061,-0.0603,0.0368,0.0277,0.73,0.5936,39.9,56.8,1.424,0.004859,8,0.661,0
width_p15,width,width,1,000386.png,1,0.1393,0.1393,-0.0278,-0.0047,0.0136,0.1115,-0.1257,0.856,0.9544,200.2,414.0,2.067,0.177638,8,0.273,1
width_p15,width,scale,0,000386.png,0,0.1555,-0.1289,-0.182,0.0722,-0.0254,-0.0531,-0.1098,0.702,0.3354,82.4,189.6,2.303,0.033474,8,1.0,0
width_p15,width,width,1,000421.png,1,0.1344,0.1344,-0.0128,-0.0094,0.0214,0.1215,-0.113,0.847,0.8709,33.7,85.6,2.541,0.006191,7,0.0,0
width_p15,width,width,1,000421.png,1,0.1621,0.1621,-0.0506,0.0425,0.0453,0.1114,-0.1168,0.792,0.8724,36.3,110.7,3.052,0.008618,7,0.344,0
width_p15,width,scale,0,000421.png,1,0.2774,-0.2856,-0.2693,-0.13,-0.052,0.0163,-0.1556,0.522,0.4469,27.3,66.8,2.445,0.00392,7,0.835,0
width_p15,width,width,1,000493.png,0,0.1643,-0.1643,-0.0118,0.12,0.0117,0.1525,-0.0443,0.752,0.8197,34.4,42.6,1.238,0.003145,4,0.0,0
width_p15,width,width,1,000521.png,1,0.286,0.286,-0.0291,0.0658,0.1324,0.2569,-0.1536,0.611,0.5935,19.5,26.8,1.371,0.001121,4,0.0,0
width_p15,width,height,0,000539.png,0,0.1396,-0.0533,-0.1396,-0.0104,-0.038,-0.0862,-0.1016,0.815,0.8233,30.5,63.2,2.07,0.004145,7,0.278,0
width_p15,width,width,1,000539.png,0,0.2256,0.2256,-0.0399,-0.1268,0.0656,0.1857,-0.0987,0.707,0.7479,23.8,45.0,1.888,0.002302,7,0.346,0
width_p15,width,width,1,000539.png,0,0.2833,-0.2833,-0.1115,0.0748,-0.0205,0.1718,-0.2085,0.637,0.6364,21.2,47.7,2.253,0.002168,7,0.411,0
width_p15,width,width,1,000577.png,1,0.1226,0.1226,0.0044,-0.0115,-0.0159,0.1183,-0.1067,0.864,0.9033,123.6,173.1,1.4,0.045926,5,0.206,0
width_p15,width,width,1,000577.png,0,0.1938,0.1938,-0.1132,-0.1024,0.0588,0.0806,-0.0913,0.746,0.4308,130.9,69.6,0.532,0.019575,5,0.0,1
width_p15,width,width,1,000601.png,0,0.1387,-0.1387,-0.0578,0.0068,0.0038,0.0809,-0.1319,0.811,0.6537,22.8,25.9,1.136,0.001267,2,0.0,0
width_p15,width,width,1,000612.png,1,0.1397,0.1397,0.0055,-0.0017,-0.0058,0.1342,-0.1339,0.868,0.8479,77.9,116.7,1.498,0.01951,9,0.363,0
width_p15,width,width,1,000612.png,1,0.1635,0.1635,0.0044,0.0034,-0.0085,0.1591,-0.1551,0.846,0.9204,160.1,250.8,1.567,0.086198,9,0.708,1
width_p15,width,width,1,000612.png,1,0.1673,0.1673,-0.0473,0.0046,-0.02,0.12,-0.1474,0.822,0.7687,127.5,302.0,2.368,0.082686,9,0.776,1
width_p15,width,width,1,000612.png,1,0.1214,0.1214,0.018,0.0152,0.0448,0.1034,-0.0766,0.819,0.7403,45.4,146.3,3.226,0.014246,9,0.499,0
width_p15,width,width,1,000612.png,1,0.169,0.169,-0.063,-0.0513,0.0011,0.106,-0.1178,0.809,0.4595,30.8,84.8,2.751,0.005615,9,0.666,0
width_p15,width,scale,0,000612.png,1,0.1769,0.201,0.1528,-0.0866,0.0571,0.0482,-0.1144,0.722,0.254,27.2,72.2,2.658,0.004215,9,0.702,0
width_p15,width,height,0,000612.png,0,0.2662,-0.1559,0.2662,0.0496,-0.1841,-0.1103,-0.0821,0.632,0.2632,46.1,133.0,2.888,0.013155,9,0.395,0
width_p15,width,width,1,000616.png,0,0.1483,0.1483,0.0428,-0.0549,0.0122,0.1055,-0.0934,0.835,0.6724,30.2,43.9,1.455,0.002843,3,0.118,0
width_p15,width,width,1,000623.png,1,0.1673,0.1673,0.0199,0.0014,0.0206,0.1474,-0.1466,0.824,0.7567,51.0,78.3,1.536,0.008579,7,0.391,0
width_p15,width,width,1,000623.png,0,0.1745,-0.1745,-0.0241,0.0363,-0.07,0.1504,-0.1045,0.723,0.3458,81.7,184.4,2.257,0.032358,7,0.049,0
width_p15,width,width,1,000630.png,1,0.1858,0.1858,0.0229,0.0154,-0.0053,0.1629,-0.1704,0.824,0.8081,31.0,31.9,1.03,0.00212,1,0.0,0
width_p15,width,width,1,000647.png,1,0.2153,0.2153,0.0145,0.097,-0.098,0.2008,-0.1173,0.687,0.2771,15.7,29.4,1.874,0.00099,6,0.0,0
width_p15,width,width,1,000657.png,0,0.1335,-0.1335,-0.0373,-0.0163,-0.0605,0.0962,-0.073,0.77,0.3552,15.7,21.1,1.348,0.000709,2,0.0,0
width_p15,width,translation_y,0,000657.png,0,0.1368,0.0088,-0.0465,-0.0259,-0.1368,-0.0376,0.0904,0.721,0.5261,17.4,21.1,1.211,0.000788,2,0.0,0
width_p15,width,width,1,000664.png,1,0.1338,0.1338,-0.03,0.016,-0.0121,0.1038,-0.1179,0.859,0.9321,122.1,186.7,1.529,0.049257,5,0.064,0
width_p15,width,width,1,000664.png,1,0.2523,0.2523,0.0125,-0.0778,-0.0118,0.2397,-0.1745,0.781,0.8075,33.7,49.7,1.476,0.00362,5,0.75,0
width_p15,width,width,1,000664.png,0,0.2198,0.2198,0.0663,0.0964,-0.0158,0.1536,-0.1235,0.769,0.5068,37.1,38.7,1.042,0.003103,5,0.599,0
width_p15,width,width,1,000714.png,1,0.1587,0.1587,-0.0049,0.0037,0.0143,0.1538,-0.1445,0.841,0.9058,88.9,167.5,1.883,0.031979,6,0.308,0
width_p15,width,width,1,000714.png,1,0.192,0.192,0.0281,-0.0009,-0.0256,0.1639,-0.1663,0.799,0.8907,69.7,185.3,2.659,0.027722,6,0.288,0
width_p15,width,width,1,000725.png,1,0.1387,0.1387,-0.005,0.0118,0.0125,0.1337,-0.1263,0.858,0.9114,107.0,235.2,2.199,0.053912,7,0.522,0
width_p15,width,width,1,000725.png,1,0.1313,0.1313,0.0132,0.0022,-0.0255,0.118,-0.1057,0.842,0.829,29.1,32.9,1.129,0.002053,7,0.0,0
width_p15,width,width,1,000725.png,1,0.2308,0.2308,-0.1353,0.035,0.0637,0.0955,-0.1671,0.721,0.8326,185.2,130.5,0.705,0.051786,7,0.445,1
width_p15,width,width,1,000725.png,1,0.3946,0.3946,0.0014,0.1021,-0.0243,0.3932,-0.2925,0.688,0.7433,86.1,138.4,1.608,0.025543,7,0.893,1
width_p15,width,width,1,000729.png,1,0.162,0.162,0.0497,0.0043,-0.0335,0.1124,-0.1285,0.807,0.8823,203.1,183.0,0.901,0.079777,6,0.612,1
width_p15,width,width,1,000729.png,0,0.1238,0.1238,0.0875,-0.0762,0.0093,0.0363,-0.0476,0.797,0.6637,44.7,128.7,2.877,0.012365,6,0.607,0
width_p15,width,width,1,000729.png,1,0.2348,0.2348,-0.0035,-0.0277,-0.0121,0.2314,-0.2072,0.792,0.7516,84.6,230.4,2.724,0.041851,6,0.459,0
width_p15,width,width,1,000747.png,0,0.1481,0.1481,0.0896,-0.0953,0.0145,0.0586,-0.0529,0.769,0.372,30.6,38.5,1.261,0.002527,5,0.446,0
width_p15,width,height,0,000747.png,0,0.2514,0.0713,0.2514,0.0237,0.0259,-0.18,-0.2255,0.746,0.6725,18.2,23.0,1.262,0.000897,5,0.0,0
width_p15,width,translation_y,0,000747.png,0,0.1316,-0.117,-0.0949,-0.056,0.1316,0.0221,0.0146,0.675,0.6663,27.7,30.3,1.094,0.001805,5,0.0,0
width_p15,width,width,1,000829.png,1,0.1477,0.1477,-0.04,0.0073,0.0312,0.1077,-0.1165,0.823,0.9332,63.1,85.3,1.353,0.011555,2,0.187,0
width_p15,width,width,1,000843.png,1,0.1205,0.1205,-0.0529,0.0057,-0.0173,0.0676,-0.1032,0.85,0.929,101.0,195.6,1.937,0.042391,9,0.154,0
width_p15,width,width,1,000843.png,1,0.1472,0.1472,0.0028,0.0081,-0.0224,0.1444,-0.1248,0.836,0.9357,123.0,195.0,1.586,0.051494,9,0.025,0
width_p15,width,width,1,000843.png,0,0.1251,-0.1251,0.0299,0.0239,-0.0637,0.0952,-0.0614,0.779,0.4797,18.8,25.8,1.373,0.001045,9,0.0,0
width_p15,width,width,1,000846.png,1,0.1552,0.1552,0.0208,-0.0499,-0.009,0.1343,-0.1053,0.848,0.7039,23.6,61.4,2.606,0.003106,7,0.0,0
width_p15,width,width,1,000846.png,0,0.1361,0.1361,0.0026,-0.038,0.0226,0.1336,-0.0981,0.843,0.6837,22.7,58.7,2.582,0.002862,7,0.0,0
width_p15,width,translation_y,0,000846.png,1,0.1004,0.0649,-0.0744,-0.0067,-0.1004,-0.0095,0.0259,0.768,0.5192,15.9,26.5,1.66,0.000907,7,0.0,0
width_p15,width,height,0,000846.png,0,0.2328,-0.044,-0.2328,0.007,-0.0514,-0.1888,-0.1815,0.733,0.5703,32.5,70.1,2.157,0.00489,7,0.168,0
width_p15,width,width,1,000846.png,1,0.7978,0.7978,0.0676,0.0473,-0.1453,0.7302,-0.6525,0.438,0.558,22.5,56.9,2.524,0.002752,7,0.0,0
width_p15,width,width,1,000851.png,1,0.2821,0.2821,-0.0023,-0.0345,-0.016,0.2798,-0.2476,0.758,0.7529,28.7,30.6,1.065,0.001889,2,0.0,0
width_p15,width,width,1,000859.png,1,0.1869,0.1869,-0.0141,0.0449,-0.001,0.1728,-0.142,0.832,0.8109,71.8,91.2,1.27,0.014052,6,0.443,0
width_p15,width,width,1,000859.png,1,0.2095,0.2095,-0.0104,0.0276,-0.0147,0.1991,-0.1818,0.805,0.7393,34.1,46.8,1.371,0.003432,6,0.192,0
width_p15,width,width,1,000859.png,1,0.2043,0.2043,-0.0869,0.0606,-0.0324,0.1174,-0.1437,0.77,0.6242,18.5,25.3,1.364,0.001007,6,0.0,0
width_p15,width,width,1,000859.png,0,0.2538,0.2538,0.0552,-0.136,-0.0309,0.1986,-0.1178,0.74,0.6945,172.6,106.1,0.615,0.039311,6,0.0,1
width_p15,width,width,1,000859.png,0,0.2669,0.2669,0.0911,-0.0987,0.0148,0.1758,-0.1682,0.723,0.6033,21.8,30.6,1.407,0.00143,6,0.399,0
width_p15,width,width,1,000882.png,1,0.165,0.165,-0.0438,0.0065,-0.0255,0.1212,-0.1395,0.82,0.9212,141.5,204.5,1.445,0.062106,9,0.02,1
width_p15,width,scale,0,000882.png,0,0.1374,-0.1534,-0.1214,0.0337,-0.0584,0.032,-0.0951,0.744,0.6687,26.7,29.5,1.106,0.001689,9,0.277,0
width_p15,width,width,1,000884.png,1,0.1427,0.1427,0.0365,-0.0276,-0.0006,0.1062,-0.1151,0.844,0.6428,48.1,61.9,1.287,0.006385,2,0.0,0
width_p15,width,width,1,000893.png,1,0.2009,0.2009,0.065,0.0078,-0.0131,0.1359,-0.1878,0.782,0.899,52.1,127.3,2.444,0.01424,1,0.0,0
width_p15,width,width,1,000897.png,1,0.21,0.21,0.0864,0.0028,0.0011,0.1235,-0.2071,0.761,0.7559,38.4,85.3,2.222,0.007023,2,0.0,0
width_p15,width,width,1,000910.png,0,0.1353,0.1353,0.0072,0.0346,0.0019,0.1281,-0.1007,0.875,0.397,26.6,56.4,2.125,0.003219,8,0.643,0
width_p15,width,width,1,000910.png,1,0.1276,0.1276,-0.0209,0.0004,0.0158,0.1068,-0.1118,0.861,0.882,98.3,169.7,1.726,0.035839,8,0.436,0
width_p15,width,height,0,000918.png,1,0.1811,0.0479,-0.1811,-0.0156,0.0061,-0.1332,-0.1655,0.788,0.313,24.8,54.5,2.198,0.0029,7,0.0,0
width_p15,width,width,1,000930.png,1,0.1287,0.1287,0.0095,0.0124,-0.0094,0.1192,-0.1163,0.87,0.9407,212.8,373.5,1.755,0.170625,3,0.058,1
width_p15,width,width,1,000930.png,1,0.13,0.13,-0.0444,0.0344,0.041,0.0855,-0.089,0.82,0.8378,37.8,46.3,1.224,0.003755,3,0.0,0
width_p15,width,width,1,000936.png,1,0.1504,0.1504,-0.0246,0.0002,0.0093,0.1258,-0.1411,0.851,0.9273,190.2,213.1,1.12,0.087037,12,0.43,1
width_p15,width,width,1,000936.png,1,0.2535,0.2535,0.1033,-0.0632,0.0295,0.1502,-0.1903,0.723,0.4093,36.3,86.2,2.374,0.006724,12,0.807,0
width_p15,width,width,1,000936.png,1,0.2815,0.2815,0.1113,-0.0498,0.0425,0.1702,-0.2318,0.702,0.6846,52.8,108.5,2.055,0.012298,12,0.787,0
width_p15,width,height,0,000936.png,1,0.2352,0.016,-0.2352,0.0275,-0.139,-0.2191,-0.0962,0.695,0.272,61.4,122.0,1.986,0.016092,12,0.832,0
width_p15,width,scale,0,000936.png,1,0.1866,0.1211,0.252,-0.0563,0.2217,-0.1309,-0.0304,0.603,0.3914,93.0,152.8,1.643,0.030519,12,0.98,1
width_p15,width,scale,0,000936.png,0,0.2317,-0.2473,-0.2161,0.0445,-0.0796,0.0312,-0.1677,0.59,0.3649,38.0,90.9,2.389,0.007423,12,0.978,0
width_p15,width,width,1,000970.png,1,0.1843,0.1843,-0.024,-0.0049,0.0091,0.1602,-0.1752,0.827,0.8528,46.4,62.7,1.352,0.00624,6,0.529,0
width_p15,width,width,1,000985.png,1,0.1457,0.1457,-0.0006,-0.0053,-0.0034,0.1451,-0.1404,0.867,0.9135,72.0,100.0,1.388,0.015438,11,0.239,0
width_p15,width,width,1,000985.png,1,0.1402,0.1402,0.027,-0.0002,-0.0022,0.1131,-0.138,0.854,0.9115,71.4,104.8,1.468,0.016044,11,0.011,0
width_p15,width,width,1,000985.png,1,0.1665,0.1665,-0.039,-0.0443,0.0327,0.1274,-0.1222,0.808,0.8125,42.1,68.7,1.633,0.006193,11,0.463,0
width_p15,width,scale,0,000985.png,1,0.1474,0.1568,0.138,0.0037,0.0644,0.0188,-0.0923,0.76,0.344,58.9,128.5,2.182,0.016225,11,0.898,0
width_p15,width,height,0,000998.png,0,0.1239,-0.0886,0.1239,0.0032,-0.0446,-0.0353,-0.0793,0.819,0.6931,31.7,40.4,1.273,0.002752,8,0.255,0
width_p15,width,width,1,000998.png,1,0.1473,0.1473,-0.041,-0.0198,0.0473,0.1063,-0.1,0.798,0.8931,31.9,32.2,1.01,0.002208,8,0.0,0
width_p15,width,width,1,000998.png,1,0.2432,0.2432,0.0401,-0.0212,0.009,0.2032,-0.2221,0.773,0.808,57.1,97.3,1.703,0.011932,8,0.343,0
width_p15,width,width,1,001012.png,1,0.1809,0.1809,-0.0088,0.0106,0.032,0.1721,-0.149,0.798,0.8787,82.4,118.9,1.442,0.021043,6,0.098,0
width_p15,width,height,0,001013.png,0,0.127,-0.0574,0.127,-0.0287,0.0719,-0.0696,-0.0551,0.829,0.7421,116.2,154.6,1.331,0.038519,9,1.0,1
width_p15,width,scale,0,001013.png,1,0.2587,-0.2222,-0.2951,0.0466,-0.1498,-0.0729,-0.1453,0.546,0.3432,63.6,153.5,2.414,0.020907,9,1.0,0
width_p15,width,width,1,001100.png,0,0.1324,0.1324,-0.085,-0.0545,-0.0394,0.0475,-0.0779,0.816,0.3675,29.8,57.1,1.918,0.003655,8,0.792,0
width_p15,width,width,1,001100.png,1,0.1818,0.1818,0.0261,0.0194,-0.0378,0.1557,-0.144,0.788,0.8259,36.4,91.5,2.516,0.00715,8,0.346,0
width_p15,width,translation_x,0,001100.png,0,0.1774,-0.0986,0.0007,0.1774,-0.0961,0.0979,0.0788,0.581,0.3194,25.0,29.8,1.193,0.0016,8,0.351,0
width_p15,width,width,1,001190.png,1,0.1386,0.1386,0.0145,0.0151,0.0254,0.1241,-0.1132,0.837,0.8691,66.1,81.9,1.239,0.011611,7,0.0,0
width_p15,width,height,0,001190.png,0,0.1368,-0.0087,0.1368,0.0287,0.0442,-0.1281,-0.0926,0.834,0.9055,100.2,131.4,1.311,0.028289,7,0.589,0
width_p15,width,height,0,001190.png,0,0.1299,-0.0982,0.1299,-0.026,0.0106,-0.0317,-0.1039,0.807,0.8596,65.7,94.7,1.441,0.013372,7,0.46,0
width_p15,width,width,1,001190.png,1,0.2477,0.2477,0.0794,-0.049,-0.0046,0.1683,-0.1987,0.743,0.3952,31.2,37.9,1.218,0.002539,7,0.536,0
width_p15,width,width,1,001209.png,1,0.2185,0.2185,-0.0037,0.0187,-0.0175,0.2147,-0.1997,0.795,0.9016,101.7,192.9,1.896,0.042126,13,0.476,0
width_p15,width,height,0,001209.png,0,0.1634,-0.0753,-0.1634,-0.0298,-0.045,-0.0881,-0.1184,0.774,0.3786,74.7,153.9,2.061,0.02467,13,0.892,0
width_p15,width,width,1,001209.png,1,0.1681,0.1681,-0.0645,-0.1528,-0.0262,0.1036,-0.0153,0.713,0.2967,29.8,70.4,2.362,0.004505,13,0.684,0
width_p15,width,width,1,001226.png,1,0.1456,0.1456,-0.0108,0.0027,0.0065,0.1348,-0.1391,0.863,0.9257,117.4,258.5,2.202,0.065177,4,0.0,0
height_m15,height,height,1,000006.png,1,0.1462,0.0284,-0.1462,-0.0176,-0.0066,-0.1178,-0.1285,0.828,0.3256,40.6,68.3,1.68,0.005989,4,0.23,0
height_m15,height,scale,0,000060.png,1,0.2407,-0.2762,-0.2052,-0.1114,0.0218,0.071,-0.1648,0.575,0.283,19.7,49.8,2.527,0.002105,2,0.0,0
height_m15,height,width,0,000075.png,0,0.1413,-0.1413,-0.0166,0.1143,0.0347,0.1247,-0.027,0.733,0.4814,25.3,49.2,1.942,0.002674,5,0.0,0
height_m15,height,height,1,000088.png,1,0.2057,0.0519,-0.2057,0.0119,0.0108,-0.1537,-0.1938,0.763,0.8502,59.7,187.4,3.139,0.024025,1,0.0,0
height_m15,height,height,1,000107.png,1,0.131,-0.0768,-0.131,0.0229,0.0911,-0.0542,-0.0399,0.761,0.7325,48.0,66.9,1.393,0.006901,7,0.802,0
height_m15,height,width,0,000136.png,1,0.1698,0.1698,-0.116,0.0714,-0.0001,0.0538,-0.0984,0.769,0.7334,57.5,162.3,2.823,0.020033,6,0.441,0
height_m15,height,translation_x,0,000136.png,0,0.1025,-0.0008,-0.033,0.1025,-0.0467,-0.0322,0.0695,0.746,0.7895,27.8,35.1,1.264,0.002093,6,0.282,0
height_m15,height,height,1,000136.png,0,0.184,0.0376,0.184,-0.0099,0.1417,-0.1464,-0.0423,0.743,0.7836,36.9,68.8,1.865,0.005446,6,0.054,0
height_m15,height,height,1,000178.png,1,0.125,0.015,-0.125,-0.0274,0.0145,-0.11,-0.0976,0.832,0.9092,62.7,85.1,1.357,0.011449,8,0.504,0
height_m15,height,height,1,000229.png,1,0.1358,0.0311,-0.1358,0.0126,0.0205,-0.1048,-0.1153,0.842,0.8137,25.8,25.8,0.998,0.001428,1,0.0,0
height_m15,height,height,1,000286.png,1,0.1473,-0.0006,-0.1473,0.0014,0.005,-0.1467,-0.1423,0.85,0.9116,197.4,355.8,1.803,0.15079,11,0.414,0
height_m15,height,height,1,000286.png,1,0.1365,0.0114,-0.1365,-0.0093,-0.0099,-0.1251,-0.1267,0.849,0.8689,179.2,282.1,1.575,0.108536,11,0.561,1
height_m15,height,height,1,000286.png,1,0.1401,-0.026,-0.1401,-0.0001,0.022,-0.1141,-0.1181,0.838,0.8626,57.6,79.3,1.376,0.009811,11,0.505,0
height_m15,height,height,1,000357.png,1,0.1571,-0.0102,-0.1571,0.0026,0.0157,-0.1468,-0.1414,0.834,0.9183,126.9,244.8,1.929,0.066579,8,0.266,0
height_m15,height,height,1,000357.png,1,0.1835,0.011,-0.1835,0.0062,-0.007,-0.1725,-0.1765,0.808,0.9401,57.5,88.0,1.531,0.010847,8,0.319,0
height_m15,height,height,1,000357.png,1,0.1732,0.0019,-0.1732,0.0265,0.0097,-0.1713,-0.1467,0.788,0.9099,70.7,158.7,2.245,0.024048,8,0.316,0
height_m15,height,height,1,000386.png,1,0.1767,0.0167,-0.1767,0.0486,0.0307,-0.1601,-0.1281,0.755,0.8681,34.5,47.0,1.362,0.003471,8,0.211,0
height_m15,height,scale,0,000386.png,0,0.1555,-0.1289,-0.182,0.0722,-0.0254,-0.0531,-0.1098,0.702,0.3354,82.4,189.6,2.303,0.033474,8,1.0,0
height_m15,height,height,1,000421.png,1,0.1325,-0.0599,-0.1325,-0.0158,0.0565,-0.0726,-0.076,0.816,0.6508,19.8,41.9,2.121,0.001777,7,0.0,0
height_m15,height,height,1,000421.png,1,0.193,0.0105,-0.193,0.0425,0.0453,-0.1825,-0.1477,0.748,0.8724,36.3,110.7,3.052,0.008618,7,0.318,0
height_m15,height,scale,0,000421.png,0,0.324,-0.3787,-0.2693,-0.13,-0.052,0.1095,-0.2488,0.454,0.4469,27.3,66.8,2.445,0.00392,7,0.683,0
height_m15,height,height,1,000460.png,1,0.1901,0.0054,-0.1901,0.0142,0.0184,-0.1847,-0.1718,0.79,0.8993,105.4,319.8,3.033,0.074461,1,0.0,0
height_m15,height,height,1,000462.png,1,0.1365,-0.0067,-0.1365,-0.0122,0.0011,-0.1298,-0.1243,0.844,0.9171,129.2,238.0,1.842,0.066031,7,0.393,0
height_m15,height,height,1,000462.png,1,0.1448,0.0451,-0.1448,-0.022,-0.0055,-0.0997,-0.1227,0.823,0.8454,71.8,140.6,1.958,0.021678,7,0.397,0
height_m15,height,height,1,000462.png,1,0.149,-0.034,-0.149,0.0135,-0.004,-0.115,-0.1355,0.822,0.9278,210.2,284.5,1.354,0.128416,7,0.185,1
height_m15,height,width,0,000493.png,0,0.1643,-0.1643,-0.0118,0.12,0.0117,0.1525,-0.0443,0.752,0.8197,34.4,42.6,1.238,0.003145,4,0.0,0
height_m15,height,height,1,000521.png,1,0.1747,0.1183,-0.1747,0.0658,0.1324,-0.0564,-0.0423,0.675,0.5935,19.5,26.8,1.371,0.001121,4,0.0,0
height_m15,height,height,1,000536.png,1,0.1623,-0.0007,-0.1623,-0.0012,0.0051,-0.1616,-0.1572,0.836,0.9347,158.0,161.8,1.023,0.05489,2,0.0,0
height_m15,height,height,1,000539.png,0,0.1396,-0.0533,-0.1396,-0.0104,-0.038,-0.0862,-0.1016,0.815,0.8233,30.5,63.2,2.07,0.004145,7,0.278,0
height_m15,height,height,1,000539.png,1,0.185,0.0063,-0.185,0.0135,0.0147,-0.1787,-0.1702,0.796,0.8726,40.2,105.9,2.634,0.009142,7,0.08,0
height_m15,height,height,1,000539.png,1,0.1332,0.1074,-0.1332,0.0537,-0.0546,-0.0258,-0.0786,0.793,0.7565,44.0,39.9,0.907,0.003766,7,0.0,1
height_m15,height,height,1,000539.png,1,0.1843,-0.0342,-0.1843,-0.0314,0.0079,-0.1502,-0.1529,0.767,0.8231,33.3,71.8,2.158,0.005124,7,0.149,0
height_m15,height,width,0,000539.png,0,0.2256,0.2256,-0.0399,-0.1268,0.0656,0.1857,-0.0987,0.707,0.7479,23.8,45.0,1.888,0.002302,7,0.346,0
height_m15,height,width,0,000539.png,0,0.2833,-0.2833,-0.1115,0.0748,-0.0205,0.1718,-0.2085,0.637,0.6364,21.2,47.7,2.253,0.002168,7,0.411,0
height_m15,height,height,1,000556.png,1,0.1602,-0.0077,-0.1602,0.0206,0.0262,-0.1524,-0.134,0.808,0.8385,28.9,85.0,2.944,0.005274,2,0.0,0
height_m15,height,height,1,000577.png,1,0.1463,-0.0238,-0.1463,-0.0115,-0.0159,-0.1225,-0.1304,0.833,0.9033,123.6,173.1,1.4,0.045926,5,0.196,0
height_m15,height,height,1,000577.png,1,0.1355,0.0468,-0.1355,0.0313,0.0293,-0.0887,-0.1042,0.819,0.8528,30.6,46.1,1.506,0.003024,5,0.0,0
height_m15,height,height,1,000577.png,1,0.127,0.0483,-0.127,-0.053,0.0105,-0.0787,-0.074,0.794,0.8436,63.1,69.5,1.101,0.009411,5,0.486,0
height_m15,height,height,1,000577.png,1,0.2462,0.1938,-0.2462,-0.1024,0.0588,-0.0524,-0.1438,0.652,0.4308,130.9,69.6,0.532,0.019575,5,0.0,1
height_m15,height,width,0,000601.png,0,0.1387,-0.1387,-0.0578,0.0068,0.0038,0.0809,-0.1319,0.811,0.6537,22.8,25.9,1.136,0.001267,2,0.0,0
height_m15,height,height,1,000612.png,1,0.1347,-0.0248,-0.1347,0.0152,0.0448,-0.1098,-0.0899,0.839,0.7403,45.4,146.3,3.226,0.014246,9,0.479,0
height_m15,height,height,1,000612.png,1,0.1345,0.0775,-0.1345,-0.0327,0.0331,-0.057,-0.1013,0.811,0.6182,62.6,129.1,2.063,0.017343,9,0.518,0
height_m15,height,height,1,000612.png,1,0.2122,0.006,-0.2122,0.0092,-0.0073,-0.2061,-0.203,0.776,0.7897,101.1,234.7,2.321,0.050957,9,0.644,0
height_m15,height,height,1,000612.png,0,0.1528,0.0444,0.1528,-0.0866,0.0571,-0.1084,-0.0662,0.738,0.254,27.2,72.2,2.658,0.004215,9,0.671,0
height_m15,height,height,1,000612.png,1,0.3608,-0.0762,0.3608,-0.0843,-0.1836,-0.2845,-0.1772,0.633,0.3412,36.4,121.5,3.336,0.009507,9,0.359,0
height_m15,height,width,0,000616.png,0,0.1483,0.1483,0.0428,-0.0549,0.0122,0.1055,-0.0934,0.835,0.6724,30.2,43.9,1.455,0.002843,3,0.05,0
height_m15,height,height,1,000623.png,1,0.1516,0.0135,-0.1516,0.0092,0.0139,-0.1381,-0.1377,0.835,0.9289,60.4,82.0,1.358,0.010633,7,0.0,0
height_m15,height,width,0,000623.png,0,0.1745,-0.1745,-0.0241,0.0363,-0.07,0.1504,-0.1045,0.723,0.3458,81.7,184.4,2.257,0.032358,7,0.031,0
height_m15,height,height,1,000623.png,1,0.1926,0.0393,-0.1926,-0.0667,-0.0519,-0.1533,-0.1259,0.719,0.7259,43.5,61.7,1.419,0.005753,7,0.665,0
height_m15,height,height,1,000630.png,1,0.1305,0.0311,-0.1305,0.0154,-0.0053,-0.0994,-0.1151,0.847,0.8081,31.0,31.9,1.03,0.00212,1,0.0,0
height_m15,height,height,1,000647.png,1,0.1368,-0.0789,-0.1368,0.0227,-0.0033,-0.0579,-0.1141,0.795,0.4465,48.3,74.9,1.551,0.007756,6,0.336,0
height_m15,height,width,0,000657.png,0,0.1335,-0.1335,-0.0373,-0.0163,-0.0605,0.0962,-0.073,0.77,0.3552,15.7,21.1,1.348,0.000709,2,0.0,0
height_m15,height,height,1,000657.png,1,0.1895,0.0088,-0.1895,-0.0259,-0.1368,-0.1806,-0.0526,0.706,0.5261,17.4,21.1,1.211,0.000788,2,0.0,0
height_m15,height,height,1,000664.png,1,0.1755,-0.014,-0.1755,0.016,-0.0121,-0.1615,-0.1595,0.8,0.9321,122.1,186.7,1.529,0.049257,5,0.042,0
height_m15,height,width,0,000664.png,0,0.2198,0.2198,0.0663,0.0964,-0.0158,0.1536,-0.1235,0.769,0.5068,37.1,38.7,1.042,0.003103,5,0.599,0
height_m15,height,height,1,000664.png,1,0.1813,-0.094,-0.1813,0.0284,0.0185,-0.0872,-0.1528,0.742,0.7865,32.9,34.9,1.06,0.002479,5,0.143,0
height_m15,height,height,1,000683.png,1,0.1977,-0.0331,-0.1977,0.0259,0.0091,-0.1646,-0.1718,0.763,0.809,26.2,43.0,1.641,0.002424,4,0.0,0
height_m15,height,height,1,000683.png,1,0.206,-0.0119,-0.206,0.029,0.0432,-0.1941,-0.1628,0.752,0.3519,16.8,20.6,1.226,0.000743,4,0.0,0
height_m15,height,height,1,000683.png,1,0.1739,-0.0264,-0.1739,0.0731,0.0064,-0.1475,-0.1008,0.719,0.6305,24.7,36.5,1.478,0.001934,4,0.0,0
height_m15,height,height,1,000714.png,1,0.1463,0.0123,-0.1463,-0.0082,-0.0322,-0.134,-0.1141,0.842,0.8779,57.8,76.4,1.321,0.009487,6,0.0,0
height_m15,height,height,1,000714.png,1,0.1542,0.0076,-0.1542,0.0037,0.0143,-0.1466,-0.1399,0.84,0.9058,88.9,167.5,1.883,0.031979,6,0.306,0
height_m15,height,height,1,000725.png,1,0.1388,-0.0163,-0.1388,0.0022,-0.0255,-0.1225,-0.1132,0.847,0.829,29.1,32.9,1.129,0.002053,7,0.0,0
height_m15,height,width,0,000725.png,0,0.173,-0.173,-0.0084,-0.0649,0.0029,0.1645,-0.1081,0.82,0.7178,67.4,164.2,2.437,0.023699,7,0.27,0
height_m15,height,width,0,000725.png,1,0.2127,0.2127,-0.1488,0.1021,-0.0243,0.0639,-0.1106,0.721,0.7433,86.1,138.4,1.608,0.025543,7,0.874,1
height_m15,height,height,1,000725.png,1,0.265,0.0702,-0.265,0.035,0.0637,-0.1948,-0.2013,0.699,0.8326,185.2,130.5,0.705,0.051786,7,0.412,1
height_m15,height,width,0,000729.png,1,0.1238,0.1238,-0.0756,-0.0762,0.0093,0.0482,-0.0476,0.808,0.6637,44.7,128.7,2.877,0.012365,6,0.478,0
height_m15,height,height,1,000729.png,1,0.1529,0.0738,-0.1529,-0.0277,-0.0121,-0.0792,-0.1253,0.797,0.7516,84.6,230.4,2.724,0.041851,6,0.477,0
height_m15,height,width,0,000747.png,1,0.1481,0.1481,-0.0739,-0.0953,0.0145,0.0743,-0.0529,0.784,0.372,30.6,38.5,1.261,0.002527,5,0.475,0
height_m15,height,height,1,000747.png,0,0.2514,0.0713,0.2514,0.0237,0.0259,-0.18,-0.2255,0.746,0.6725,18.2,23.0,1.262,0.000897,5,0.0,0
height_m15,height,translation_y,0,000747.png,0,0.1316,-0.117,-0.0949,-0.056,0.1316,0.0221,0.0146,0.675,0.6663,27.7,30.3,1.094,0.001805,5,0.0,0
height_m15,height,scale,0,000747.png,1,0.1799,-0.177,-0.1828,-0.0779,0.0043,-0.0058,-0.105,0.673,0.4229,28.6,98.4,3.433,0.00605,5,0.0,0
height_m15,height,height,1,000779.png,1,0.1564,-0.0011,-0.1564,0.0012,0.0026,-0.1553,-0.1538,0.842,0.8938,94.7,245.2,2.589,0.049877,1,0.0,0
height_m15,height,height,1,000843.png,1,0.195,-0.0256,-0.195,0.0057,-0.0173,-0.1694,-0.1776,0.784,0.929,101.0,195.6,1.937,0.042391,9,0.12,0
height_m15,height,height,1,000843.png,1,0.1686,0.0472,-0.1686,-0.0367,-0.0128,-0.1213,-0.1319,0.781,0.5868,21.4,28.7,1.338,0.001319,9,0.0,0
height_m15,height,width,0,000843.png,0,0.1251,-0.1251,0.0299,0.0239,-0.0637,0.0952,-0.0614,0.779,0.4797,18.8,25.8,1.373,0.001045,9,0.0,0
height_m15,height,height,1,000843.png,1,0.1462,0.001,-0.1462,-0.0693,-0.0298,-0.1452,-0.0769,0.75,0.7798,45.1,66.9,1.481,0.006483,9,0.556,0
height_m15,height,height,1,000846.png,1,0.1269,0.0069,-0.1269,0.0111,0.0118,-0.12,-0.1151,0.856,0.8854,73.3,115.1,1.57,0.018109,7,0.02,0
height_m15,height,height,1,000846.png,1,0.1478,0.1361,-0.1478,-0.038,0.0226,-0.0117,-0.1098,0.764,0.6837,22.7,58.7,2.582,0.002862,7,0.0,0
height_m15,height,translation_y,0,000846.png,0,0.1004,-0.074,-0.0744,-0.0067,-0.1004,-0.0005,0.0259,0.755,0.5192,15.9,26.5,1.66,0.000907,7,0.0,0
height_m15,height,height,1,000846.png,0,0.2328,-0.044,-0.2328,0.007,-0.0514,-0.1888,-0.1815,0.733,0.5703,32.5,70.1,2.157,0.00489,7,0.09,0
height_m15,height,width,0,000846.png,0,0.5633,0.5633,0.0676,0.0473,-0.1453,0.4957,-0.418,0.499,0.558,22.5,56.9,2.524,0.002752,7,0.0,0
height_m15,height,height,1,000851.png,1,0.1519,0.1149,-0.1519,-0.0345,-0.016,-0.0371,-0.1174,0.773,0.7529,28.7,30.6,1.065,0.001889,2,0.0,0
height_m15,height,height,1,000859.png,1,0.1588,0.0517,-0.1588,0.0276,-0.0147,-0.1071,-0.1312,0.804,0.7393,34.1,46.8,1.371,0.003432,6,0.198,0
height_m15,height,height,1,000859.png,1,0.162,0.0321,-0.162,0.0449,-0.001,-0.1299,-0.1171,0.774,0.8109,71.8,91.2,1.27,0.014052,6,0.435,0
height_m15,height,width,0,000859.png,0,0.2669,0.2669,0.0911,-0.0987,0.0148,0.1758,-0.1682,0.723,0.6033,21.8,30.6,1.407,0.00143,6,0.304,0
height_m15,height,width,0,000859.png,1,0.2538,0.2538,-0.1031,-0.136,-0.0309,0.1507,-0.1178,0.719,0.6945,172.6,106.1,0.615,0.039311,6,0.0,1
height_m15,height,height,1,000882.png,1,0.1447,-0.055,-0.1447,0.024,0.0303,-0.0896,-0.1143,0.808,0.9542,68.3,143.6,2.102,0.021075,9,0.0,0
height_m15,height,scale,0,000882.png,0,0.1374,-0.1534,-0.1214,0.0337,-0.0584,0.032,-0.0951,0.744,0.6687,26.7,29.5,1.106,0.001689,9,0.103,0
height_m15,height,height,1,000884.png,1,0.1815,-0.0632,-0.1815,0.014,-0.0337,-0.1183,-0.1479,0.767,0.8593,74.7,100.9,1.35,0.016175,2,0.0,0
height_m15,height,width,0,000910.png,0,0.1353,0.1353,0.0072,0.0346,0.0019,0.1281,-0.1007,0.875,0.397,26.6,56.4,2.125,0.003219,8,0.643,0
height_m15,height,height,1,000910.png,1,0.1299,0.1137,-0.1299,-0.0629,0.0358,-0.0162,-0.067,0.783,0.6419,43.2,45.7,1.058,0.004237,8,0.065,0
height_m15,height,height,1,000918.png,1,0.1356,-0.0516,-0.1356,-0.0199,0.015,-0.084,-0.1157,0.82,0.8583,54.4,69.3,1.274,0.00809,7,0.353,0
height_m15,height,height,1,000918.png,1,0.1335,0.0495,-0.1335,-0.0385,-0.0698,-0.0841,-0.0637,0.805,0.2541,46.7,43.5,0.932,0.004365,7,0.813,0
height_m15,height,height,1,000918.png,1,0.1841,0.0211,-0.1841,0.0022,0.016,-0.1631,-0.1682,0.802,0.9528,201.3,399.0,1.982,0.172467,7,0.0,1
height_m15,height,height,1,000918.png,0,0.1811,-0.0888,-0.1811,-0.0156,0.0061,-0.0923,-0.1655,0.746,0.313,24.8,54.5,2.198,0.0029,7,0.0,0
height_m15,height,height,1,000918.png,1,0.1413,-0.0648,-0.1413,-0.0748,0.0473,-0.0765,-0.0664,0.74,0.7536,41.2,56.8,1.377,0.005025,7,0.58,0
height_m15,height,height,1,000930.png,1,0.1914,0.0701,-0.1914,-0.0142,0.0008,-0.1212,-0.1771,0.765,0.9158,83.6,113.3,1.356,0.020334,3,0.321,0
height_m15,height,height,1,000936.png,0,0.2352,-0.1165,-0.2352,0.0275,-0.139,-0.1187,-0.0962,0.645,0.272,61.4,122.0,1.986,0.016092,12,0.832,0
height_m15,height,height,1,000936.png,0,0.252,-0.0251,0.252,-0.0563,0.2217,-0.227,-0.0304,0.611,0.3914,93.0,152.8,1.643,0.030519,12,0.98,1
height_m15,height,scale,0,000936.png,0,0.2317,-0.2473,-0.2161,0.0445,-0.0796,0.0312,-0.1677,0.59,0.3649,38.0,90.9,2.389,0.007423,12,0.978,0
height_m15,height,height,1,000970.png,1,0.1704,0.0298,-0.1704,-0.0049,0.0091,-0.1406,-0.1614,0.81,0.8528,46.4,62.7,1.352,0.00624,6,0.496,0
height_m15,height,height,1,000970.png,1,0.18,0.0495,-0.18,-0.0151,-0.0127,-0.1305,-0.1649,0.788,0.8941,79.5,122.6,1.541,0.020937,6,0.147,0
height_m15,height,height,1,000985.png,0,0.138,0.0059,0.138,0.0037,0.0644,-0.1321,-0.0736,0.872,0.344,58.9,128.5,2.182,0.016225,11,0.697,0
height_m15,height,height,1,000985.png,1,0.1619,0.0024,-0.1619,-0.0119,0.0091,-0.1595,-0.15,0.82,0.9612,182.6,376.0,2.058,0.147156,11,0.105,0
height_m15,height,height,1,000985.png,1,0.1758,-0.0076,-0.1758,-0.0488,0.0187,-0.1682,-0.127,0.753,0.8876,46.9,63.5,1.356,0.00638,11,0.57,0
height_m15,height,height,1,000998.png,0,0.1239,-0.0886,0.1239,0.0032,-0.0446,-0.0353,-0.0793,0.819,0.6931,31.7,40.4,1.273,0.002752,8,0.255,0
height_m15,height,height,1,000998.png,1,0.1631,-0.1022,-0.1631,0.0191,-0.003,-0.0608,-0.144,0.751,0.8535,42.4,76.9,1.815,0.006993,8,0.213,0
height_m15,height,height,1,001013.png,1,0.1416,0.0045,-0.1416,-0.0131,-0.0043,-0.1371,-0.1285,0.838,0.9351,69.1,103.8,1.502,0.015372,9,0.097,0
height_m15,height,height,1,001013.png,1,0.1213,0.0951,-0.1213,0.0301,0.0121,-0.0261,-0.0912,0.811,0.5107,28.2,37.9,1.343,0.002292,9,0.367,0
height_m15,height,height,1,001013.png,1,0.2011,-0.0883,-0.2011,0.0507,-0.0073,-0.1128,-0.1504,0.719,0.8661,38.2,57.8,1.513,0.004735,9,0.373,0
height_m15,height,scale,0,001013.png,0,0.3094,-0.3237,-0.2951,0.0466,-0.1498,0.0286,-0.1739,0.475,0.3432,63.6,153.5,2.414,0.020907,9,1.0,0
height_m15,height,height,1,001044.png,1,0.1506,-0.0156,-0.1506,0.0066,0.0007,-0.1349,-0.144,0.836,0.9414,185.0,367.7,1.987,0.1461,7,0.172,1
height_m15,height,height,1,001044.png,1,0.1831,0.0009,-0.1831,0.0187,0.0555,-0.1822,-0.1275,0.79,0.8275,35.2,53.5,1.522,0.004043,7,0.0,0
height_m15,height,height,1,001044.png,1,0.183,-0.0375,-0.183,-0.0089,-0.0209,-0.1456,-0.1621,0.786,0.8868,142.5,197.9,1.388,0.060545,7,0.442,0
height_m15,height,height,1,001100.png,1,0.1304,0.0519,-0.1304,-0.0138,0.008,-0.0785,-0.1166,0.832,0.3692,92.4,123.5,1.337,0.024498,8,0.049,0
height_m15,height,width,0,001100.png,0,0.1324,0.1324,-0.085,-0.0545,-0.0394,0.0475,-0.0779,0.816,0.3675,29.8,57.1,1.918,0.003655,8,0.683,0
height_m15,height,translation_x,0,001100.png,0,0.1774,-0.0986,0.0007,0.1774,-0.0961,0.0979,0.0788,0.581,0.3194,25.0,29.8,1.193,0.0016,8,0.351,0
height_m15,height,height,1,001190.png,0,0.1299,-0.0982,0.1299,-0.026,0.0106,-0.0317,-0.1039,0.807,0.8596,65.7,94.7,1.441,0.013372,7,0.399,0
height_m15,height,height,1,001192.png,1,0.136,-0.0048,-0.136,-0.02,0.0145,-0.1312,-0.1161,0.832,0.9345,104.2,149.9,1.439,0.033542,3,0.294,0
height_m15,height,height,1,001209.png,1,0.1532,0.0595,-0.1532,0.0187,-0.0175,-0.0936,-0.1344,0.806,0.9016,101.7,192.9,1.896,0.042126,13,0.472,0
height_m15,height,scale,0,001209.png,0,0.1498,0.1531,0.1465,0.0496,-0.0212,0.0066,-0.1035,0.756,0.5922,49.0,106.8,2.177,0.011241,13,0.744,0
height_m15,height,translation_x,0,001209.png,1,0.1278,0.1104,-0.012,0.1278,0.0499,0.0984,0.0174,0.717,0.7218,53.7,128.2,2.385,0.014787,13,0.892,0
height_m15,height,translation_x,0,001209.png,0,0.1528,0.0158,-0.0645,-0.1528,-0.0262,-0.0487,0.0883,0.695,0.2967,29.8,70.4,2.362,0.004505,13,0.704,0
height_m15,height,height,1,001209.png,1,0.2281,-0.0539,-0.2281,-0.0866,0.0184,-0.1742,-0.1415,0.654,0.4526,24.5,62.3,2.541,0.003284,13,0.779,0
height_m15,height,height,1,001226.png,1,0.1592,-0.0039,-0.1592,0.0027,0.0065,-0.1553,-0.1527,0.836,0.9257,117.4,258.5,2.202,0.065177,4,0.0,0
height_m15,height,height,1,001276.png,1,0.121,0.0222,-0.121,-0.0165,0.0077,-0.0988,-0.1044,0.854,0.9034,79.6,152.9,1.92,0.026149,6,0.208,0
height_m15,height,height,1,001276.png,1,0.1538,0.0028,-0.1538,0.0004,0.0504,-0.1509,-0.1033,0.844,0.9029,51.1,65.3,1.277,0.00717,6,0.549,0
height_m15,height,height,1,001276.png,1,0.1283,-0.0623,-0.1283,-0.0248,0.0324,-0.0659,-0.0959,0.817,0.6576,24.7,32.3,1.308,0.001711,6,0.287,0
height_p15,height,height,1,000006.png,1,0.1523,-0.0705,0.1523,-0.0473,-0.0149,-0.0818,-0.105,0.795,0.7365,33.4,73.8,2.206,0.005328,4,0.0,0
height_p15,height,height,1,000019.png,1,0.1901,0.0398,0.1901,0.0019,0.0229,-0.1503,-0.1672,0.808,0.947,132.3,194.4,1.47,0.055217,2,0.0,0
height_p15,height,height,1,000029.png,1,0.1638,0.0577,0.1638,0.0208,0.0526,-0.1061,-0.1112,0.812,0.5179,29.7,35.8,1.206,0.00228,1,0.0,0
height_p15,height,width,0,000060.png,1,0.2762,-0.2762,0.0754,-0.1114,0.0218,0.2008,-0.1648,0.686,0.283,19.7,49.8,2.527,0.002105,2,0.0,0
height_p15,height,height,1,000075.png,1,0.1727,0.0448,0.1727,0.0205,-0.007,-0.1279,-0.1522,0.816,0.8478,231.7,152.6,0.659,0.0759,5,0.0,1
height_p15,height,width,0,000075.png,0,0.1413,-0.1413,-0.0166,0.1143,0.0347,0.1247,-0.027,0.733,0.4814,25.3,49.2,1.942,0.002674,5,0.0,0
height_p15,height,height,1,000107.png,1,0.1396,-0.0404,0.1396,-0.0117,-0.0183,-0.0991,-0.1213,0.846,0.8354,55.5,72.7,1.309,0.008661,7,0.0,0
height_p15,height,height,1,000107.png,1,0.1757,-0.0768,0.1757,0.0229,0.0911,-0.0989,-0.0846,0.79,0.7325,48.0,66.9,1.393,0.006901,7,0.763,0
height_p15,height,height,1,000136.png,1,0.1567,0.0251,0.1567,0.018,-0.0123,-0.1316,-0.1388,0.835,0.8907,39.2,52.7,1.345,0.004433,6,0.118,0
height_p15,height,width,0,000136.png,0,0.1698,0.1698,0.04,0.0714,-0.0001,0.1299,-0.0984,0.822,0.7334,57.5,162.3,2.823,0.020033,6,0.403,0
height_p15,height,translation_x,0,000136.png,0,0.1025,-0.0008,-0.033,0.1025,-0.0467,-0.0322,0.0695,0.746,0.7895,27.8,35.1,1.264,0.002093,6,0.306,0
height_p15,height,height,1,000136.png,0,0.184,0.0376,0.184,-0.0099,0.1417,-0.1464,-0.0423,0.743,0.7836,36.9,68.8,1.865,0.005446,6,0.054,0
height_p15,height,height,1,000194.png,1,0.1808,0.0034,0.1808,0.0221,0.04,-0.1773,-0.1408,0.813,0.8732,28.7,37.0,1.29,0.002279,2,0.0,0
height_p15,height,height,1,000286.png,1,0.1682,0.0114,0.1682,-0.0093,-0.0099,-0.1568,-0.1583,0.841,0.8689,179.2,282.1,1.575,0.108536,11,0.528,1
height_p15,height,height,1,000286.png,1,0.1634,-0.026,0.1634,-0.0001,0.022,-0.1374,-0.1414,0.84,0.8626,57.6,79.3,1.376,0.009811,11,0.484,0
height_p15,height,height,1,000286.png,1,0.1454,0.034,0.1454,0.0303,0.0059,-0.1113,-0.1151,0.824,0.8927,127.6,140.1,1.098,0.038397,11,0.641,0
height_p15,height,height,1,000286.png,1,0.1798,-0.0903,0.1798,0.0422,0.0489,-0.0895,-0.1309,0.782,0.6718,31.1,40.2,1.293,0.002681,11,0.582,0
height_p15,height,height,1,000286.png,1,0.2126,0.053,0.2126,0.0508,0.0531,-0.1595,-0.1594,0.75,0.7037,28.3,83.6,2.961,0.005074,11,0.0,0
height_p15,height,height,1,000357.png,1,0.1404,-0.0102,0.1404,0.0026,0.0157,-0.1302,-0.1248,0.869,0.9183,126.9,244.8,1.929,0.066579,8,0.273,0
height_p15,height,height,1,000357.png,1,0.157,-0.0029,0.157,-0.0172,-0.0094,-0.1541,-0.1398,0.837,0.8381,40.3,71.8,1.782,0.006202,8,0.75,0
height_p15,height,translation_x,0,000357.png,0,0.1061,0.0784,0.0416,-0.1061,-0.0603,0.0368,0.0277,0.73,0.5936,39.9,56.8,1.424,0.004859,8,0.661,0
height_p15,height,scale,0,000386.png,0,0.1555,-0.1289,-0.182,0.0722,-0.0254,-0.0531,-0.1098,0.702,0.3354,82.4,189.6,2.303,0.033474,8,1.0,0
height_p15,height,height,1,000421.png,1,0.1519,-0.0114,0.1519,0.0008,0.0026,-0.1405,-0.1493,0.86,0.9319,207.8,224.8,1.082,0.100285,7,0.007,1
height_p15,height,height,1,000421.png,1,0.1737,-0.0599,0.1737,-0.0158,0.0565,-0.1138,-0.1172,0.808,0.6508,19.8,41.9,2.121,0.001777,7,0.0,0
height_p15,height,scale,0,000421.png,1,0.2692,-0.3787,-0.1596,-0.13,-0.052,0.2191,-0.2488,0.522,0.4469,27.3,66.8,2.445,0.00392,7,0.683,0
height_p15,height,height,1,000456.png,1,0.1965,-0.0237,0.1965,0.0163,0.0261,-0.1728,-0.1704,0.812,0.6662,29.2,33.0,1.128,0.00207,2,0.0,0
height_p15,height,height,1,000462.png,1,0.1411,-0.0,0.1411,-0.0,0.0036,-0.1411,-0.1375,0.876,0.9322,99.5,179.3,1.802,0.038295,7,0.214,1
height_p15,height,height,1,000462.png,1,0.1513,-0.034,0.1513,0.0135,-0.004,-0.1173,-0.1378,0.843,0.9278,210.2,284.5,1.354,0.128416,7,0.185,1
height_p15,height,height,1,000462.png,1,0.1683,-0.0067,0.1683,-0.0122,0.0011,-0.1616,-0.1561,0.837,0.9171,129.2,238.0,1.842,0.066031,7,0.364,0
height_p15,height,width,0,000493.png,0,0.1643,-0.1643,-0.0118,0.12,0.0117,0.1525,-0.0443,0.752,0.8197,34.4,42.6,1.238,0.003145,4,0.0,0
height_p15,height,height,1,000512.png,1,0.1881,-0.0117,0.1881,-0.0193,-0.0199,-0.1765,-0.1682,0.813,0.864,31.9,57.1,1.791,0.003905,1,0.0,0
height_p15,height,height,1,000521.png,1,0.2033,0.0654,0.2033,0.0392,0.0511,-0.138,-0.1523,0.771,0.8512,25.9,25.7,0.994,0.001432,4,0.0,0
height_p15,height,translation_y,0,000521.png,0,0.1324,0.1183,-0.0291,0.0658,0.1324,0.0892,0.0141,0.684,0.5935,19.5,26.8,1.371,0.001121,4,0.0,0
height_p15,height,height,1,000537.png,1,0.2285,-0.0108,0.2285,-0.0012,0.0465,-0.2176,-0.1819,0.807,0.811,24.3,48.0,1.972,0.002506,2,0.0,0
height_p15,height,height,1,000539.png,0,0.1396,-0.0533,-0.1396,-0.0104,-0.038,-0.0862,-0.1016,0.815,0.8233,30.5,63.2,2.07,0.004145,7,0.278,0
height_p15,height,height,1,000539.png,1,0.1728,0.1074,0.1728,0.0537,-0.0546,-0.0654,-0.1182,0.77,0.7565,44.0,39.9,0.907,0.003766,7,0.0,1
height_p15,height,width,0,000539.png,0,0.2256,0.2256,-0.0399,-0.1268,0.0656,0.1857,-0.0987,0.707,0.7479,23.8,45.0,1.888,0.002302,7,0.346,0
height_p15,height,width,0,000539.png,1,0.2833,-0.2833,0.0218,0.0748,-0.0205,0.2615,-0.2085,0.694,0.6364,21.2,47.7,2.253,0.002168,7,0.399,0
height_p15,height,height,1,000577.png,1,0.155,-0.0238,0.155,-0.0115,-0.0159,-0.1312,-0.1391,0.848,0.9033,123.6,173.1,1.4,0.045926,5,0.184,0
height_p15,height,height,1,000577.png,1,0.1812,0.0483,0.1812,-0.053,0.0105,-0.1329,-0.1282,0.766,0.8436,63.1,69.5,1.101,0.009411,5,0.486,0
height_p15,height,width,0,000577.png,0,0.1938,0.1938,-0.1132,-0.1024,0.0588,0.0806,-0.0913,0.746,0.4308,130.9,69.6,0.532,0.019575,5,0.0,1
height_p15,height,width,0,000601.png,0,0.1387,-0.1387,-0.0578,0.0068,0.0038,0.0809,-0.1319,0.811,0.6537,22.8,25.9,1.136,0.001267,2,0.0,0
height_p15,height,height,1,000612.png,0,0.1528,0.0444,0.1528,-0.0866,0.0571,-0.1084,-0.0662,0.738,0.254,27.2,72.2,2.658,0.004215,9,0.671,0
height_p15,height,height,1,000612.png,0,0.2662,-0.1559,0.2662,0.0496,-0.1841,-0.1103,-0.0821,0.632,0.2632,46.1,133.0,2.888,0.013155,9,0.395,0
height_p15,height,height,1,000616.png,1,0.144,0.0048,0.144,-0.0021,-0.0233,-0.1392,-0.1206,0.87,0.9233,117.0,150.6,1.287,0.037845,3,0.004,0
height_p15,height,scale,0,000616.png,1,0.1737,0.1483,0.1992,-0.0549,0.0122,-0.0509,-0.1443,0.726,0.6724,30.2,43.9,1.455,0.002843,3,0.048,0
height_p15,height,width,0,000623.png,0,0.1745,-0.1745,-0.0241,0.0363,-0.07,0.1504,-0.1045,0.723,0.3458,81.7,184.4,2.257,0.032358,7,0.031,0
height_p15,height,width,0,000657.png,0,0.1335,-0.1335,-0.0373,-0.0163,-0.0605,0.0962,-0.073,0.77,0.3552,15.7,21.1,1.348,0.000709,2,0.0,0
height_p15,height,translation_y,0,000657.png,0,0.1368,0.0088,-0.0465,-0.0259,-0.1368,-0.0376,0.0904,0.721,0.5261,17.4,21.1,1.211,0.000788,2,0.0,0
height_p15,height,scale,0,000664.png,1,0.223,0.2198,0.2262,0.0964,-0.0158,-0.0064,-0.1298,0.669,0.5068,37.1,38.7,1.042,0.003103,5,0.62,0
height_p15,height,height,1,000683.png,1,0.1313,0.0425,0.1313,0.0009,0.0598,-0.0888,-0.0714,0.848,0.8407,27.9,26.7,0.955,0.001601,4,0.0,0
height_p15,height,height,1,000714.png,1,0.1823,0.0365,0.1823,-0.0009,-0.0256,-0.1458,-0.1567,0.816,0.8907,69.7,185.3,2.659,0.027722,6,0.236,0
height_p15,height,width,0,000725.png,0,0.173,-0.173,-0.0084,-0.0649,0.0029,0.1645,-0.1081,0.82,0.7178,67.4,164.2,2.437,0.023699,7,0.27,0
height_p15,height,height,1,000725.png,0,0.1353,0.0702,-0.1353,0.035,0.0637,-0.0651,-0.0716,0.815,0.8326,185.2,130.5,0.705,0.051786,7,0.414,1
height_p15,height,width,0,000725.png,0,0.2127,0.2127,0.0014,0.1021,-0.0243,0.2113,-0.1106,0.789,0.7433,86.1,138.4,1.608,0.025543,7,0.852,1
height_p15,height,height,1,000729.png,1,0.1214,-0.0208,0.1214,-0.0462,0.0054,-0.1005,-0.0752,0.817,0.2769,40.4,95.1,2.352,0.008249,6,0.045,0
height_p15,height,width,0,000729.png,0,0.1238,0.1238,0.0875,-0.0762,0.0093,0.0363,-0.0476,0.797,0.6637,44.7,128.7,2.877,0.012365,6,0.479,0
height_p15,height,height,1,000747.png,1,0.1238,-0.006,0.1238,-0.0045,0.0679,-0.1177,-0.0558,0.873,0.8177,31.3,51.5,1.647,0.003457,5,0.397,0
height_p15,height,width,0,000747.png,0,0.1481,0.1481,0.0896,-0.0953,0.0145,0.0586,-0.0529,0.769,0.372,30.6,38.5,1.261,0.002527,5,0.485,0
height_p15,height,width,0,000747.png,1,0.177,-0.177,0.1056,-0.0779,0.0043,0.0714,-0.0991,0.757,0.4229,28.6,98.4,3.433,0.00605,5,0.0,0
height_p15,height,height,1,000747.png,0,0.2514,0.0713,0.2514,0.0237,0.0259,-0.18,-0.2255,0.746,0.6725,18.2,23.0,1.262,0.000897,5,0.0,0
height_p15,height,translation_y,0,000747.png,1,0.1316,-0.117,0.0408,-0.056,0.1316,0.0762,0.0146,0.692,0.6663,27.7,30.3,1.094,0.001805,5,0.0,0
height_p15,height,height,1,000829.png,1,0.1969,0.012,0.1969,0.0222,0.0219,-0.1849,-0.1747,0.801,0.799,40.4,53.1,1.315,0.004597,2,0.361,0
height_p15,height,height,1,000843.png,1,0.1429,-0.0237,0.1429,-0.0119,0.0084,-0.1192,-0.131,0.857,0.943,164.3,203.4,1.238,0.071776,9,0.063,1
height_p15,height,width,0,000843.png,0,0.1251,-0.1251,0.0299,0.0239,-0.0637,0.0952,-0.0614,0.779,0.4797,18.8,25.8,1.373,0.001045,9,0.0,0
height_p15,height,height,1,000846.png,1,0.174,0.0045,0.174,-0.0499,-0.009,-0.1695,-0.124,0.776,0.7039,23.6,61.4,2.606,0.003106,7,0.0,0
height_p15,height,translation_y,0,000846.png,1,0.1004,-0.074,0.0644,-0.0067,-0.1004,0.0095,0.0264,0.769,0.5192,15.9,26.5,1.66,0.000907,7,0.0,0
height_p15,height,scale,0,000846.png,1,0.1445,0.1361,0.1529,-0.038,0.0226,-0.0168,-0.1149,0.763,0.6837,22.7,58.7,2.582,0.002862,7,0.0,0
height_p15,height,height,1,000846.png,0,0.2328,-0.044,-0.2328,0.007,-0.0514,-0.1888,-0.1815,0.733,0.5703,32.5,70.1,2.157,0.00489,7,0.168,0
height_p15,height,width,0,000846.png,0,0.5633,0.5633,0.0676,0.0473,-0.1453,0.4957,-0.418,0.499,0.558,22.5,56.9,2.524,0.002752,7,0.0,0
height_p15,height,height,1,000851.png,1,0.251,0.0283,0.251,-0.0062,0.0354,-0.2227,-0.2156,0.777,0.8702,36.3,47.0,1.293,0.003669,2,0.0,0
height_p15,height,height,1,000859.png,1,0.1337,0.0321,0.1337,0.0449,-0.001,-0.1016,-0.0888,0.81,0.8109,71.8,91.2,1.27,0.014052,6,0.412,0
height_p15,height,width,0,000859.png,0,0.2538,0.2538,0.0552,-0.136,-0.0309,0.1986,-0.1178,0.74,0.6945,172.6,106.1,0.615,0.039311,6,0.0,1
height_p15,height,scale,0,000859.png,1,0.2608,0.2669,0.2547,-0.0987,0.0148,0.0121,-0.1682,0.629,0.6033,21.8,30.6,1.407,0.00143,6,0.304,0
height_p15,height,height,1,000882.png,1,0.1572,-0.055,0.1572,0.024,0.0303,-0.1022,-0.1269,0.823,0.9542,68.3,143.6,2.102,0.021075,9,0.0,0
height_p15,height,height,1,000882.png,1,0.1444,-0.0269,0.1444,-0.0344,0.05,-0.1176,-0.0944,0.82,0.897,34.9,37.5,1.075,0.002812,9,0.413,0
height_p15,height,width,0,000882.png,1,0.1534,-0.1534,0.0104,0.0337,-0.0584,0.143,-0.0951,0.761,0.6687,26.7,29.5,1.106,0.001689,9,0.104,0
height_p15,height,height,1,000884.png,1,0.192,-0.0063,0.192,-0.0276,-0.0006,-0.1857,-0.1643,0.798,0.6428,48.1,61.9,1.287,0.006385,2,0.0,0
height_p15,height,height,1,000893.png,1,0.2248,0.0443,0.2248,0.0078,-0.0131,-0.1805,-0.2117,0.782,0.899,52.1,127.3,2.444,0.01424,1,0.0,0
height_p15,height,height,1,000910.png,1,0.1277,-0.0125,0.1277,-0.004,0.0376,-0.1152,-0.0901,0.877,0.7719,37.4,94.0,2.516,0.007537,8,0.336,0
height_p15,height,height,1,000910.png,1,0.1515,-0.0216,0.1515,-0.0108,-0.0167,-0.13,-0.1348,0.852,0.9111,152.0,293.2,1.929,0.095702,8,0.145,1
height_p15,height,scale,0,000910.png,1,0.1468,0.1353,0.1583,0.0346,0.0019,-0.023,-0.1237,0.76,0.397,26.6,56.4,2.125,0.003219,8,0.666,0
height_p15,height,height,1,000918.png,1,0.1928,-0.0093,0.1928,-0.0244,0.0903,-0.1834,-0.1025,0.802,0.4645,33.0,40.0,1.213,0.002836,7,0.668,0
height_p15,height,height,1,000930.png,1,0.1609,-0.0185,0.1609,0.0124,-0.0094,-0.1424,-0.1485,0.843,0.9407,212.8,373.5,1.755,0.170625,3,0.034,1
height_p15,height,height,1,000936.png,1,0.1217,0.0003,0.1217,0.0002,0.0093,-0.1214,-0.1124,0.891,0.9273,190.2,213.1,1.12,0.087037,12,0.381,1
height_p15,height,height,1,000936.png,1,0.1219,-0.0361,0.1219,0.0145,0.012,-0.0857,-0.1074,0.863,0.897,221.3,280.6,1.268,0.133307,12,0.201,1
height_p15,height,height,1,000936.png,0,0.2352,-0.1165,-0.2352,0.0275,-0.139,-0.1187,-0.0962,0.645,0.272,61.4,122.0,1.986,0.016092,12,0.832,0
height_p15,height,width,0,000936.png,1,0.2473,-0.2473,-0.0985,0.0445,-0.0796,0.1488,-0.1677,0.641,0.3649,38.0,90.9,2.389,0.007423,12,0.916,0
height_p15,height,height,1,000936.png,0,0.252,-0.0251,0.252,-0.0563,0.2217,-0.227,-0.0304,0.611,0.3914,93.0,152.8,1.643,0.030519,12,1.0,1
height_p15,height,height,1,000970.png,1,0.1224,0.0298,0.1224,-0.0049,0.0091,-0.0925,-0.1133,0.865,0.8528,46.4,62.7,1.352,0.00624,6,0.506,0
height_p15,height,height,1,000970.png,1,0.1576,-0.0593,0.1576,0.0156,0.0107,-0.0983,-0.142,0.819,0.8386,32.5,41.0,1.262,0.00286,6,0.0,0
height_p15,height,height,1,000970.png,1,0.1787,0.0048,0.1787,-0.0199,0.0157,-0.1739,-0.1588,0.817,0.7915,37.3,124.1,3.325,0.009948,6,0.717,0
height_p15,height,height,1,000970.png,1,0.2644,0.0196,0.2644,-0.0122,-0.008,-0.2448,-0.2522,0.772,0.8594,76.9,162.2,2.108,0.026781,6,0.0,0
height_p15,height,height,1,000985.png,0,0.138,0.0059,0.138,0.0037,0.0644,-0.1321,-0.0736,0.872,0.344,58.9,128.5,2.182,0.016225,11,0.898,0
height_p15,height,height,1,000985.png,1,0.1493,-0.0038,0.1493,-0.0053,-0.0034,-0.1456,-0.1441,0.862,0.9135,72.0,100.0,1.388,0.015438,11,0.228,0
height_p15,height,height,1,000985.png,1,0.1811,-0.0085,0.1811,-0.0002,-0.0022,-0.1726,-0.1789,0.841,0.9115,71.4,104.8,1.468,0.016044,11,0.0,0
height_p15,height,height,1,000998.png,1,0.1453,-0.0643,0.1453,-0.0386,0.0139,-0.081,-0.1067,0.813,0.8246,63.7,78.7,1.236,0.010773,8,0.557,0
height_p15,height,height,1,000998.png,1,0.1961,0.0811,0.1961,-0.0212,0.009,-0.115,-0.1749,0.773,0.808,57.1,97.3,1.703,0.011932,8,0.316,0
height_p15,height,height,1,000998.png,1,0.2925,-0.0886,0.2925,0.0032,-0.0446,-0.2039,-0.2478,0.72,0.6931,31.7,40.4,1.273,0.002752,8,0.276,0
height_p15,height,height,1,001012.png,1,0.1366,0.046,0.1366,0.0391,0.0054,-0.0907,-0.0975,0.816,0.9559,188.1,416.4,2.214,0.168152,6,0.029,1
height_p15,height,height,1,001013.png,1,0.1505,0.0098,0.1505,-0.0015,-0.0003,-0.1408,-0.149,0.861,0.9229,193.8,370.6,1.912,0.153954,9,0.263,1
height_p15,height,height,1,001013.png,1,0.1613,0.0045,0.1613,-0.0131,-0.0043,-0.1568,-0.1482,0.84,0.9351,69.1,103.8,1.502,0.015372,9,0.086,0
height_p15,height,height,1,001013.png,1,0.2081,0.0412,0.2081,0.0327,0.0262,-0.1669,-0.1754,0.778,0.4731,58.3,124.2,2.13,0.01552,9,1.0,0
height_p15,height,scale,0,001013.png,0,0.3094,-0.3237,-0.2951,0.0466,-0.1498,0.0286,-0.1739,0.475,0.3432,63.6,153.5,2.414,0.020907,9,1.0,0
height_p15,height,height,1,001044.png,1,0.1677,-0.0062,0.1677,-0.0133,-0.0003,-0.1616,-0.1545,0.836,0.82,32.7,58.1,1.777,0.004077,7,0.0,0
height_p15,height,height,1,001100.png,1,0.1697,-0.0183,0.1697,-0.0091,-0.0066,-0.1515,-0.1606,0.842,0.9273,159.6,280.7,1.758,0.096218,8,0.159,1
height_p15,height,height,1,001100.png,1,0.18,0.0277,0.18,0.0194,-0.0378,-0.1523,-0.1422,0.816,0.8259,36.4,91.5,2.516,0.00715,8,0.299,0
height_p15,height,width,0,001100.png,0,0.1324,0.1324,-0.085,-0.0545,-0.0394,0.0475,-0.0779,0.816,0.3675,29.8,57.1,1.918,0.003655,8,0.683,0
height_p15,height,height,1,001100.png,1,0.2159,-0.0043,0.2159,0.036,-0.004,-0.2117,-0.18,0.77,0.5951,43.2,51.7,1.194,0.004795,8,0.103,0
height_p15,height,translation_x,0,001100.png,1,0.1774,-0.0986,0.1508,0.1774,-0.0961,-0.0523,0.0266,0.592,0.3194,25.0,29.8,1.193,0.0016,8,0.362,0
height_p15,height,height,1,001135.png,1,0.2212,0.0327,0.2212,-0.0111,-0.0058,-0.1884,-0.21,0.793,0.8107,80.1,120.0,1.498,0.02064,1,0.0,0
height_p15,height,height,1,001158.png,1,0.1471,-0.0491,0.1471,-0.0386,0.0015,-0.0979,-0.1085,0.812,0.7247,33.1,48.9,1.479,0.003463,5,0.439,0
height_p15,height,height,1,001158.png,1,0.1702,0.0315,0.1702,0.0351,-0.0248,-0.1387,-0.1351,0.8,0.836,29.3,31.7,1.08,0.001994,5,0.0,0
height_p15,height,height,1,001190.png,1,0.1666,-0.0099,0.1666,0.0151,0.0254,-0.1567,-0.1413,0.834,0.8691,66.1,81.9,1.239,0.011611,7,0.0,0
height_p15,height,height,1,001190.png,1,0.2188,-0.0028,0.2188,0.0056,0.0342,-0.216,-0.1846,0.812,0.8216,50.7,66.4,1.311,0.00722,7,0.526,0
height_p15,height,height,1,001190.png,0,0.1299,-0.0982,0.1299,-0.026,0.0106,-0.0317,-0.1039,0.807,0.8596,65.7,94.7,1.441,0.013372,7,0.52,0
height_p15,height,height,1,001190.png,1,0.3073,-0.0087,0.3073,0.0287,0.0442,-0.2986,-0.2631,0.728,0.9055,100.2,131.4,1.311,0.028289,7,0.553,0
height_p15,height,height,1,001192.png,1,0.2247,-0.1183,0.2247,0.0398,0.0669,-0.1064,-0.1577,0.736,0.8823,37.3,46.0,1.235,0.00368,3,0.0,0
height_p15,height,height,1,001209.png,1,0.1319,-0.0087,0.1319,0.0071,0.0163,-0.1232,-0.1155,0.872,0.9294,161.4,276.3,1.712,0.09574,13,0.311,0
height_p15,height,height,1,001209.png,1,0.1957,-0.0157,0.1957,-0.0274,0.0167,-0.18,-0.1683,0.796,0.7334,81.5,160.9,1.974,0.028147,13,0.635,0
height_p15,height,scale,0,001209.png,0,0.1498,0.1531,0.1465,0.0496,-0.0212,0.0066,-0.1035,0.756,0.5922,49.0,106.8,2.177,0.011241,13,0.869,0
height_p15,height,height,1,001209.png,1,0.2258,-0.112,0.2258,0.0851,-0.003,-0.1138,-0.1406,0.699,0.6785,18.5,30.3,1.643,0.001203,13,0.0,0
height_p15,height,translation_x,0,001209.png,1,0.1528,0.0158,0.0758,-0.1528,-0.0262,-0.06,0.077,0.691,0.2967,29.8,70.4,2.362,0.004505,13,0.659,0
rot_m7_5,rotation,scale,1,000029.png,1,0.164,0.1582,0.1698,0.0208,0.0526,-0.0116,-0.1172,0.738,0.5179,29.7,35.8,1.206,0.00228,1,0.0,0
rot_m7_5,rotation,width,1,000060.png,0,0.2762,-0.2762,-0.0649,-0.1114,0.0218,0.2113,-0.1648,0.677,0.283,19.7,49.8,2.527,0.002105,2,0.0,0
rot_m7_5,rotation,height,1,000066.png,1,0.1683,0.0571,0.1683,-0.0357,0.0637,-0.1112,-0.1046,0.799,0.8232,27.4,42.9,1.568,0.002523,2,0.0,0
rot_m7_5,rotation,height,1,000075.png,1,0.1641,0.0911,0.1641,0.0049,-0.0285,-0.073,-0.1355,0.787,0.9093,79.1,118.0,1.493,0.020031,5,0.167,0
rot_m7_5,rotation,height,1,000075.png,1,0.197,0.0815,0.197,-0.0162,0.0385,-0.1156,-0.1585,0.772,0.8902,40.2,60.4,1.503,0.005209,5,0.181,0
rot_m7_5,rotation,width,1,000075.png,1,0.2379,0.2379,0.1008,0.0205,-0.007,0.1371,-0.2174,0.734,0.8478,231.7,152.6,0.659,0.0759,5,0.0,1
rot_m7_5,rotation,width,1,000075.png,0,0.1413,-0.1413,-0.0166,0.1143,0.0347,0.1247,-0.027,0.733,0.4814,25.3,49.2,1.942,0.002674,5,0.0,0
rot_m7_5,rotation,height,1,000088.png,1,0.3576,0.0818,0.3576,0.0119,0.0108,-0.2758,-0.3457,0.681,0.8502,59.7,187.4,3.139,0.024025,1,0.0,0
rot_m7_5,rotation,scale,1,000107.png,1,0.1694,0.15,0.1888,0.0563,0.0816,-0.0388,-0.1072,0.731,0.5647,34.0,40.3,1.184,0.002943,7,0.464,0
rot_m7_5,rotation,height,1,000136.png,1,0.1772,0.1139,0.1772,0.018,-0.0123,-0.0632,-0.1592,0.763,0.8907,39.2,52.7,1.345,0.004433,6,0.13,0
rot_m7_5,rotation,translation_x,0,000136.png,0,0.1025,-0.0008,-0.033,0.1025,-0.0467,-0.0322,0.0695,0.746,0.7895,27.8,35.1,1.264,0.002093,6,0.372,0
rot_m7_5,rotation,height,1,000136.png,0,0.184,0.0376,0.184,-0.0099,0.1417,-0.1464,-0.0423,0.743,0.7836,36.9,68.8,1.865,0.005446,6,0.054,0
rot_m7_5,rotation,height,1,000136.png,1,0.3993,0.0327,0.3993,0.0446,0.0747,-0.3666,-0.3246,0.66,0.7798,51.1,166.6,3.257,0.018294,6,0.563,0
rot_m7_5,rotation,scale,1,000136.png,1,0.335,0.2079,0.4621,0.0714,-0.0001,-0.2542,-0.3907,0.566,0.7334,57.5,162.3,2.823,0.020033,6,0.42,0
rot_m7_5,rotation,height,1,000194.png,1,0.1869,0.0987,0.1869,0.0221,0.04,-0.0882,-0.147,0.767,0.8732,28.7,37.0,1.29,0.002279,2,0.0,0
rot_m7_5,rotation,height,1,000286.png,1,0.1706,0.0055,0.1706,0.0422,0.0489,-0.1651,-0.1218,0.79,0.6718,31.1,40.2,1.293,0.002681,11,0.558,0
rot_m7_5,rotation,scale,1,000332.png,1,0.1698,0.1478,0.1919,-0.0264,0.0028,-0.044,-0.1655,0.731,0.8599,36.5,46.3,1.268,0.003655,1,0.0,0
rot_m7_5,rotation,width,1,000357.png,1,0.1542,0.1542,0.0389,0.0,-0.0451,0.1153,-0.1091,0.796,0.8821,137.9,106.6,0.773,0.031517,8,0.227,1
rot_m7_5,rotation,translation_x,0,000357.png,0,0.1061,0.0784,0.0416,-0.1061,-0.0603,0.0368,0.0277,0.73,0.5936,39.9,56.8,1.424,0.004859,8,0.661,0
rot_m7_5,rotation,height,1,000386.png,1,0.2312,0.0436,0.2312,-0.0047,0.0136,-0.1877,-0.2176,0.778,0.9544,200.2,414.0,2.067,0.177638,8,0.235,1
rot_m7_5,rotation,scale,1,000386.png,0,0.1555,-0.1289,-0.182,0.0722,-0.0254,-0.0531,-0.1098,0.702,0.3354,82.4,189.6,2.303,0.033474,8,1.0,0
rot_m7_5,rotation,scale,1,000386.png,1,0.2421,0.1724,0.3118,0.0531,0.0191,-0.1395,-0.2588,0.65,0.7752,34.8,58.7,1.686,0.00438,8,0.581,0
rot_m7_5,rotation,height,1,000421.png,1,0.2721,-0.0051,0.2721,-0.0158,0.0565,-0.2669,-0.2156,0.765,0.6508,19.8,41.9,2.121,0.001777,7,0.0,0
rot_m7_5,rotation,scale,1,000421.png,0,0.324,-0.3787,-0.2693,-0.13,-0.052,0.1095,-0.2488,0.454,0.4469,27.3,66.8,2.445,0.00392,7,0.683,0
rot_m7_5,rotation,height,1,000462.png,1,0.1953,-0.0291,0.1953,-0.0112,0.0862,-0.1662,-0.1092,0.816,0.705,71.4,161.9,2.267,0.024831,7,0.94,0
rot_m7_5,rotation,height,1,000462.png,1,0.1306,0.1024,0.1306,0.0185,-0.0308,-0.0282,-0.0998,0.802,0.8402,88.7,94.9,1.07,0.018064,7,0.0,0
rot_m7_5,rotation,height,1,000462.png,1,0.219,0.0633,0.219,-0.0,0.0036,-0.1557,-0.2154,0.771,0.9322,99.5,179.3,1.802,0.038295,7,0.259,1
rot_m7_5,rotation,height,1,000462.png,1,0.2461,0.0568,0.2461,-0.0122,0.0011,-0.1893,-0.2339,0.759,0.9171,129.2,238.0,1.842,0.066031,7,0.348,0
rot_m7_5,rotation,height,1,000462.png,1,0.2647,0.1032,0.2647,-0.022,-0.0055,-0.1615,-0.2427,0.717,0.8454,71.8,140.6,1.958,0.021678,7,0.425,0
rot_m7_5,rotation,height,1,000493.png,1,0.1315,0.0522,0.1315,-0.0202,-0.0128,-0.0793,-0.1113,0.84,0.8875,44.0,59.7,1.355,0.005641,4,0.009,0
rot_m7_5,rotation,width,1,000493.png,0,0.1643,-0.1643,-0.0118,0.12,0.0117,0.1525,-0.0443,0.752,0.8197,34.4,42.6,1.238,0.003145,4,0.0,0
rot_m7_5,rotation,height,1,000521.png,1,0.293,0.0824,0.293,-0.0367,0.0282,-0.2106,-0.2564,0.714,0.7181,42.6,78.8,1.848,0.007214,4,0.426,0
rot_m7_5,rotation,translation_y,0,000521.png,0,0.1324,0.1183,-0.0291,0.0658,0.1324,0.0892,0.0141,0.684,0.5935,19.5,26.8,1.371,0.001121,4,0.0,0
rot_m7_5,rotation,height,1,000537.png,1,0.2459,0.016,0.2459,0.0527,-0.0232,-0.2299,-0.1932,0.729,0.5992,21.4,36.5,1.704,0.001679,2,0.0,0
rot_m7_5,rotation,height,1,000539.png,1,0.2967,0.0452,0.2967,0.0135,0.0147,-0.2515,-0.282,0.738,0.8726,40.2,105.9,2.634,0.009142,7,0.074,0
rot_m7_5,rotation,width,1,000539.png,1,0.238,-0.238,0.0916,0.0748,-0.0205,0.1463,-0.1632,0.712,0.6364,21.2,47.7,2.253,0.002168,7,0.392,0
rot_m7_5,rotation,scale,1,000539.png,1,0.2677,0.2815,0.2539,-0.1268,0.0656,0.0276,-0.1547,0.622,0.7479,23.8,45.0,1.888,0.002302,7,0.378,0
rot_m7_5,rotation,width,1,000556.png,1,0.1242,0.1242,0.0851,0.0217,-0.0232,0.0392,-0.101,0.82,0.7901,29.3,40.6,1.387,0.002548,2,0.0,0
rot_m7_5,rotation,width,1,000577.png,0,0.1938,0.1938,-0.1132,-0.1024,0.0588,0.0806,-0.0913,0.746,0.4308,130.9,69.6,0.532,0.019575,5,0.0,1
rot_m7_5,rotation,scale,1,000577.png,1,0.1701,0.126,0.2141,0.0313,0.0293,-0.0881,-0.1828,0.731,0.8528,30.6,46.1,1.506,0.003024,5,0.0,0
rot_m7_5,rotation,height,1,000581.png,1,0.1244,-0.012,0.1244,-0.019,-0.0151,-0.1124,-0.1053,0.858,0.7119,35.6,40.9,1.147,0.003126,1,0.0,0
rot_m7_5,rotation,height,1,000601.png,1,0.2092,0.065,0.2092,-0.0279,0.0912,-0.1442,-0.118,0.776,0.736,34.4,66.0,1.919,0.004878,2,0.0,0
rot_m7_5,rotation,height,1,000612.png,1,0.2028,0.0867,0.2028,0.0034,-0.0085,-0.116,-0.1943,0.765,0.9204,160.1,250.8,1.567,0.086198,9,0.609,1
rot_m7_5,rotation,height,1,000612.png,0,0.1528,0.0444,0.1528,-0.0866,0.0571,-0.1084,-0.0662,0.738,0.254,27.2,72.2,2.658,0.004215,9,0.671,0
rot_m7_5,rotation,height,1,000612.png,0,0.2662,-0.1559,0.2662,0.0496,-0.1841,-0.1103,-0.0821,0.632,0.2632,46.1,133.0,2.888,0.013155,9,0.395,0
rot_m7_5,rotation,scale,1,000616.png,1,0.2419,0.232,0.2518,-0.0549,0.0122,-0.0198,-0.1969,0.648,0.6724,30.2,43.9,1.455,0.002843,3,0.068,0
rot_m7_5,rotation,width,1,000623.png,0,0.1745,-0.1745,-0.0241,0.0363,-0.07,0.1504,-0.1045,0.723,0.3458,81.7,184.4,2.257,0.032358,7,0.031,0
rot_m7_5,rotation,height,1,000647.png,1,0.1404,0.0738,0.1404,0.0007,-0.0169,-0.0666,-0.1235,0.817,0.9008,64.4,73.8,1.147,0.010182,6,0.007,0
rot_m7_5,rotation,height,1,000647.png,1,0.2643,0.1184,0.2643,0.097,-0.098,-0.1459,-0.1664,0.663,0.2771,15.7,29.4,1.874,0.00099,6,0.0,0
rot_m7_5,rotation,translation_y,0,000657.png,0,0.1368,0.0088,-0.0465,-0.0259,-0.1368,-0.0376,0.0904,0.721,0.5261,17.4,21.1,1.211,0.000788,2,0.0,0
rot_m7_5,rotation,scale,1,000664.png,1,0.1914,0.1691,0.2137,-0.0778,-0.0118,-0.0446,-0.1359,0.705,0.8075,33.7,49.7,1.476,0.00362,5,0.589,0
rot_m7_5,rotation,scale,1,000664.png,1,0.283,0.343,0.223,0.0964,-0.0158,0.12,-0.2466,0.609,0.5068,37.1,38.7,1.042,0.003103,5,0.552,0
rot_m7_5,rotation,height,1,000682.png,1,0.137,0.0756,0.137,-0.0009,-0.02,-0.0614,-0.117,0.818,0.6042,23.1,28.7,1.244,0.001423,2,0.0,0
rot_m7_5,rotation,height,1,000683.png,1,0.1515,0.0511,0.1515,0.0731,0.0064,-0.1004,-0.0784,0.757,0.6305,24.7,36.5,1.478,0.001934,4,0.0,0
rot_m7_5,rotation,height,1,000714.png,1,0.2768,0.0613,0.2768,-0.0044,-0.0056,-0.2155,-0.2712,0.738,0.9332,99.0,181.7,1.836,0.038615,6,0.209,0
rot_m7_5,rotation,height,1,000725.png,0,0.1353,0.0702,-0.1353,0.035,0.0637,-0.0651,-0.0716,0.815,0.8326,185.2,130.5,0.705,0.051786,7,0.415,1
rot_m7_5,rotation,height,1,000725.png,1,0.1496,0.0924,0.1496,0.0022,-0.0255,-0.0572,-0.1241,0.796,0.829,29.1,32.9,1.129,0.002053,7,0.0,0
rot_m7_5,rotation,height,1,000725.png,1,0.2462,-0.1269,0.2462,-0.0649,0.0029,-0.1192,-0.1813,0.717,0.7178,67.4,164.2,2.437,0.023699,7,0.253,0
rot_m7_5,rotation,scale,1,000725.png,1,0.2655,0.2836,0.2474,0.1021,-0.0243,0.0362,-0.1815,0.625,0.7433,86.1,138.4,1.608,0.025543,7,0.752,1
rot_m7_5,rotation,height,1,000729.png,1,0.1392,0.0862,0.1392,-0.0175,0.0396,-0.053,-0.0996,0.808,0.8454,52.2,69.9,1.34,0.007835,6,0.069,0
rot_m7_5,rotation,height,1,000729.png,1,0.2251,-0.0526,0.2251,0.0921,0.0275,-0.1725,-0.1329,0.689,0.2916,54.8,158.1,2.885,0.018596,6,0.432,0
rot_m7_5,rotation,width,1,000747.png,0,0.1481,0.1481,0.0896,-0.0953,0.0145,0.0586,-0.0529,0.769,0.372,30.6,38.5,1.261,0.002527,5,0.446,0
rot_m7_5,rotation,height,1,000747.png,0,0.2514,0.0713,0.2514,0.0237,0.0259,-0.18,-0.2255,0.746,0.6725,18.2,23.0,1.262,0.000897,5,0.0,0
rot_m7_5,rotation,translation_y,0,000747.png,0,0.1316,-0.117,-0.0949,-0.056,0.1316,0.0221,0.0146,0.675,0.6663,27.7,30.3,1.094,0.001805,5,0.0,0
rot_m7_5,rotation,height,1,000747.png,1,0.322,-0.1475,0.322,-0.0779,0.0043,-0.1745,-0.2441,0.663,0.4229,28.6,98.4,3.433,0.00605,5,0.0,0
rot_m7_5,rotation,height,1,000843.png,1,0.1854,0.0298,0.1854,0.0057,-0.0173,-0.1555,-0.168,0.819,0.929,101.0,195.6,1.937,0.042391,9,0.177,0
rot_m7_5,rotation,height,1,000843.png,1,0.1431,0.0727,0.1431,-0.0119,0.0084,-0.0703,-0.1312,0.816,0.943,164.3,203.4,1.238,0.071776,9,0.104,1
rot_m7_5,rotation,height,1,000843.png,1,0.1778,-0.0346,0.1778,0.0239,-0.0637,-0.1432,-0.1141,0.814,0.4797,18.8,25.8,1.373,0.001045,9,0.0,0
rot_m7_5,rotation,height,1,000843.png,1,0.1308,0.0899,0.1308,-0.0159,-0.0506,-0.0409,-0.0803,0.811,0.4749,30.2,43.0,1.426,0.002784,9,0.281,0
rot_m7_5,rotation,height,1,000843.png,1,0.2023,0.0499,0.2023,0.0126,0.0427,-0.1524,-0.1596,0.792,0.9216,64.4,98.2,1.525,0.013567,9,0.234,0
rot_m7_5,rotation,width,1,000846.png,0,0.1361,0.1361,0.0026,-0.038,0.0226,0.1336,-0.0981,0.843,0.6837,22.7,58.7,2.582,0.002862,7,0.0,0
rot_m7_5,rotation,translation_y,0,000846.png,0,0.1004,-0.074,-0.0744,-0.0067,-0.1004,-0.0005,0.0259,0.755,0.5192,15.9,26.5,1.66,0.000907,7,0.0,0
rot_m7_5,rotation,width,1,000859.png,0,0.2538,0.2538,0.0552,-0.136,-0.0309,0.1986,-0.1178,0.74,0.6945,172.6,106.1,0.615,0.039311,6,0.0,1
rot_m7_5,rotation,height,1,000859.png,1,0.2146,0.1141,0.2146,-0.0052,0.0108,-0.1005,-0.2038,0.739,0.9184,116.8,165.8,1.419,0.041597,6,0.13,0
rot_m7_5,rotation,scale,1,000859.png,1,0.3358,0.3572,0.3144,-0.0987,0.0148,0.0428,-0.2585,0.561,0.6033,21.8,30.6,1.407,0.00143,6,0.317,0
rot_m7_5,rotation,height,1,000882.png,1,0.1391,0.0907,0.1391,0.0065,-0.0255,-0.0484,-0.1136,0.805,0.9212,141.5,204.5,1.445,0.062106,9,0.0,1
rot_m7_5,rotation,height,1,000882.png,1,0.2569,-0.0006,0.2569,0.024,0.0303,-0.2563,-0.2266,0.762,0.9542,68.3,143.6,2.102,0.021075,9,0.0,0
rot_m7_5,rotation,scale,1,000882.png,0,0.1374,-0.1534,-0.1214,0.0337,-0.0584,0.032,-0.0951,0.744,0.6687,26.7,29.5,1.106,0.001689,9,0.104,0
rot_m7_5,rotation,height,1,000893.png,1,0.3891,0.0922,0.3891,0.0078,-0.0131,-0.2968,-0.376,0.659,0.899,52.1,127.3,2.444,0.01424,1,0.0,0
rot_m7_5,rotation,height,1,000897.png,1,0.3823,0.1069,0.3823,0.0028,0.0011,-0.2754,-0.3795,0.654,0.7559,38.4,85.3,2.222,0.007023,2,0.0,0
rot_m7_5,rotation,width,1,000910.png,0,0.1353,0.1353,0.0072,0.0346,0.0019,0.1281,-0.1007,0.875,0.397,26.6,56.4,2.125,0.003219,8,0.643,0
rot_m7_5,rotation,height,1,000910.png,1,0.2391,0.0378,0.2391,-0.0108,-0.0167,-0.2012,-0.2224,0.778,0.9111,152.0,293.2,1.929,0.095702,8,0.142,1
rot_m7_5,rotation,height,1,000918.png,0,0.1811,-0.0888,-0.1811,-0.0156,0.0061,-0.0923,-0.1655,0.746,0.313,24.8,54.5,2.198,0.0029,7,0.0,0
rot_m7_5,rotation,height,1,000918.png,1,0.1698,0.023,0.1698,-0.0748,0.0473,-0.1468,-0.0949,0.743,0.7536,41.2,56.8,1.377,0.005025,7,0.572,0
rot_m7_5,rotation,translation_y,0,000936.png,1,0.139,-0.0738,-0.0127,0.0275,-0.139,0.0611,0.0652,0.705,0.272,61.4,122.0,1.986,0.016092,12,0.758,0
rot_m7_5,rotation,scale,1,000936.png,1,0.2571,0.1585,0.3557,-0.0022,0.0214,-0.1972,-0.3343,0.637,0.7665,64.1,140.9,2.2,0.01938,12,0.447,0
rot_m7_5,rotation,height,1,000936.png,0,0.252,-0.0251,0.252,-0.0563,0.2217,-0.227,-0.0304,0.611,0.3914,93.0,152.8,1.643,0.030519,12,1.0,1
rot_m7_5,rotation,scale,1,000936.png,0,0.2317,-0.2473,-0.2161,0.0445,-0.0796,0.0312,-0.1677,0.59,0.3649,38.0,90.9,2.389,0.007423,12,0.978,0
rot_m7_5,rotation,height,1,000970.png,1,0.1494,0.1152,0.1494,-0.0049,0.0091,-0.0342,-0.1403,0.78,0.8528,46.4,62.7,1.352,0.00624,6,0.496,0
rot_m7_5,rotation,height,1,000985.png,0,0.138,0.0059,0.138,0.0037,0.0644,-0.1321,-0.0736,0.872,0.344,58.9,128.5,2.182,0.016225,11,0.898,0
rot_m7_5,rotation,height,1,000985.png,1,0.169,0.0825,0.169,-0.0443,0.0327,-0.0866,-0.1247,0.786,0.8125,42.1,68.7,1.633,0.006193,11,0.367,0
rot_m7_5,rotation,height,1,000985.png,1,0.2082,0.0743,0.2082,-0.0002,-0.0022,-0.1339,-0.206,0.77,0.9115,71.4,104.8,1.468,0.016044,11,0.009,0
rot_m7_5,rotation,scale,1,000985.png,1,0.1516,0.1435,0.1596,-0.0613,0.0426,-0.0161,-0.0983,0.754,0.2608,21.5,27.0,1.255,0.001249,11,0.163,0
rot_m7_5,rotation,scale,1,000985.png,1,0.2221,0.2165,0.2277,0.0634,0.0148,-0.0112,-0.1644,0.67,0.5383,21.0,22.0,1.051,0.000991,11,0.0,0
rot_m7_5,rotation,height,1,000998.png,1,0.1383,0.0329,0.1383,-0.0386,0.0139,-0.1054,-0.0997,0.816,0.8246,63.7,78.7,1.236,0.010773,8,0.549,0
rot_m7_5,rotation,height,1,000998.png,1,0.2658,0.0188,0.2658,0.0032,-0.0446,-0.247,-0.2211,0.775,0.6931,31.7,40.4,1.273,0.002752,8,0.382,0
rot_m7_5,rotation,height,1,000998.png,1,0.3241,0.068,0.3241,0.0026,0.0125,-0.2561,-0.3116,0.707,0.8867,72.3,150.9,2.087,0.023435,8,0.212,0
rot_m7_5,rotation,scale,1,000998.png,1,0.2115,0.1515,0.2714,-0.0212,0.009,-0.1199,-0.2502,0.683,0.808,57.1,97.3,1.703,0.011932,8,0.403,0
rot_m7_5,rotation,height,1,001012.png,1,0.176,0.1078,0.176,0.0106,0.032,-0.0682,-0.144,0.768,0.8787,82.4,118.9,1.442,0.021043,6,0.074,0
rot_m7_5,rotation,scale,1,001013.png,0,0.3094,-0.3237,-0.2951,0.0466,-0.1498,0.0286,-0.1739,0.475,0.3432,63.6,153.5,2.414,0.020907,9,1.0,0
rot_m7_5,rotation,width,1,001100.png,0,0.1324,0.1324,-0.085,-0.0545,-0.0394,0.0475,-0.0779,0.816,0.3675,29.8,57.1,1.918,0.003655,8,0.715,0
rot_m7_5,rotation,height,1,001100.png,1,0.2338,0.0488,0.2338,-0.0091,-0.0066,-0.1849,-0.2247,0.773,0.9273,159.6,280.7,1.758,0.096218,8,0.157,1
rot_m7_5,rotation,height,1,001100.png,1,0.3548,0.0721,0.3548,0.0194,-0.0378,-0.2827,-0.317,0.688,0.8259,36.4,91.5,2.516,0.00715,8,0.261,0
rot_m7_5,rotation,translation_x,0,001100.png,0,0.1774,-0.0986,0.0007,0.1774,-0.0961,0.0979,0.0788,0.581,0.3194,25.0,29.8,1.193,0.0016,8,0.351,0
rot_m7_5,rotation,height,1,001135.png,1,0.2547,0.1164,0.2547,-0.0111,-0.0058,-0.1383,-0.2435,0.714,0.8107,80.1,120.0,1.498,0.02064,1,0.0,0
rot_m7_5,rotation,height,1,001190.png,0,0.1368,-0.0087,0.1368,0.0287,0.0442,-0.1281,-0.0926,0.834,0.9055,100.2,131.4,1.311,0.028289,7,0.589,0
rot_m7_5,rotation,height,1,001190.png,1,0.166,0.0885,0.166,0.0151,0.0254,-0.0775,-0.1406,0.788,0.8691,66.1,81.9,1.239,0.011611,7,0.0,0
rot_m7_5,rotation,height,1,001190.png,1,0.2214,0.0942,0.2214,0.0056,0.0342,-0.1272,-0.1871,0.748,0.8216,50.7,66.4,1.311,0.00722,7,0.629,0
rot_m7_5,rotation,height,1,001190.png,1,0.2899,-0.0036,0.2899,-0.026,0.0106,-0.2863,-0.2639,0.74,0.8596,65.7,94.7,1.441,0.013372,7,0.433,0
rot_m7_5,rotation,scale,1,001190.png,1,0.217,0.1914,0.2426,-0.049,-0.0046,-0.0512,-0.1936,0.675,0.3952,31.2,37.9,1.218,0.002539,7,0.621,0
rot_m7_5,rotation,height,1,001192.png,1,0.1947,0.0789,0.1947,-0.02,0.0145,-0.1158,-0.1747,0.776,0.9345,104.2,149.9,1.439,0.033542,3,0.317,0
rot_m7_5,rotation,scale,1,001192.png,1,0.1806,0.1323,0.2288,0.0108,0.0296,-0.0964,-0.1992,0.719,0.8347,69.4,96.4,1.389,0.01436,3,0.685,0
rot_m7_5,rotation,height,1,001209.png,1,0.133,0.0863,0.133,0.0221,-0.0085,-0.0467,-0.1109,0.812,0.9408,207.2,192.8,0.931,0.085771,13,0.426,1
rot_m7_5,rotation,height,1,001209.png,1,0.1973,0.0579,0.1973,0.0071,0.0163,-0.1394,-0.181,0.789,0.9294,161.4,276.3,1.712,0.09574,13,0.371,0
rot_m7_5,rotation,scale,1,001209.png,0,0.1498,0.1531,0.1465,0.0496,-0.0212,0.0066,-0.1035,0.756,0.5922,49.0,106.8,2.177,0.011241,13,0.897,0
rot_m7_5,rotation,translation_x,0,001209.png,0,0.1528,0.0158,-0.0645,-0.1528,-0.0262,-0.0487,0.0883,0.695,0.2967,29.8,70.4,2.362,0.004505,13,0.704,0
rot_m7_5,rotation,height,1,001209.png,1,0.2472,-0.0349,0.2472,0.0851,-0.003,-0.2123,-0.1621,0.687,0.6785,18.5,30.3,1.643,0.001203,13,0.024,0
rot_m7_5,rotation,height,1,001226.png,1,0.1753,0.0414,0.1753,-0.0158,0.002,-0.1339,-0.1594,0.817,0.9338,48.0,63.7,1.326,0.006571,4,0.149,0
rot_m7_5,rotation,scale,1,001276.png,1,0.1683,0.1438,0.1928,-0.0346,-0.0037,-0.049,-0.1582,0.733,0.6732,73.8,104.8,1.42,0.016599,6,0.296,0
rot_p7_5,rotation,height,1,000006.png,1,0.2214,0.0977,0.2214,-0.0176,-0.0066,-0.1238,-0.2038,0.746,0.3256,40.6,68.3,1.68,0.005989,4,0.191,0
rot_p7_5,rotation,height,1,000006.png,1,0.2611,-0.0191,0.2611,-0.0473,-0.0149,-0.2419,-0.2137,0.729,0.7365,33.4,73.8,2.206,0.005328,4,0.0,0
rot_p7_5,rotation,scale,1,000029.png,1,0.164,0.1582,0.1698,0.0208,0.0526,-0.0116,-0.1172,0.738,0.5179,29.7,35.8,1.206,0.00228,1,0.0,0
rot_p7_5,rotation,width,1,000060.png,1,0.234,-0.234,0.1658,-0.1114,0.0218,0.0682,-0.1227,0.68,0.283,19.7,49.8,2.527,0.002105,2,0.0,0
rot_p7_5,rotation,height,1,000066.png,1,0.2188,0.1177,0.2188,-0.0114,-0.0051,-0.1011,-0.2074,0.734,0.8335,34.9,38.7,1.109,0.002897,2,0.0,0
rot_p7_5,rotation,height,1,000075.png,1,0.1641,0.0911,0.1641,0.0049,-0.0285,-0.073,-0.1355,0.787,0.9093,79.1,118.0,1.493,0.020031,5,0.209,0
rot_p7_5,rotation,height,1,000075.png,1,0.1668,0.1037,0.1668,-0.0126,0.0031,-0.0631,-0.1542,0.776,0.9116,55.8,79.3,1.42,0.009504,5,0.435,0
rot_p7_5,rotation,height,1,000075.png,1,0.197,0.0815,0.197,-0.0162,0.0385,-0.1156,-0.1585,0.772,0.8902,40.2,60.4,1.503,0.005209,5,0.247,0
rot_p7_5,rotation,width,1,000075.png,1,0.2379,0.2379,0.1008,0.0205,-0.007,0.1371,-0.2174,0.734,0.8478,231.7,152.6,0.659,0.0759,5,0.0,1
rot_p7_5,rotation,width,1,000075.png,0,0.1413,-0.1413,-0.0166,0.1143,0.0347,0.1247,-0.027,0.733,0.4814,25.3,49.2,1.942,0.002674,5,0.0,0
rot_p7_5,rotation,height,1,000107.png,1,0.1465,0.0501,0.1465,-0.0117,-0.0183,-0.0964,-0.1282,0.831,0.8354,55.5,72.7,1.309,0.008661,7,0.0,0
rot_p7_5,rotation,height,1,000107.png,1,0.2494,0.0524,0.2494,-0.0039,0.0189,-0.197,-0.2305,0.761,0.9097,195.2,427.0,2.188,0.178904,7,0.163,1
rot_p7_5,rotation,scale,1,000107.png,1,0.1686,0.1474,0.1897,0.0269,0.0416,-0.0423,-0.1481,0.733,0.8693,78.6,102.7,1.306,0.017324,7,0.48,0
rot_p7_5,rotation,scale,1,000107.png,1,0.1694,0.15,0.1888,0.0563,0.0816,-0.0388,-0.1072,0.731,0.5647,34.0,40.3,1.184,0.002943,7,0.464,0
rot_p7_5,rotation,translation_x,0,000136.png,0,0.1025,-0.0008,-0.033,0.1025,-0.0467,-0.0322,0.0695,0.746,0.7895,27.8,35.1,1.264,0.002093,6,0.282,0
rot_p7_5,rotation,height,1,000136.png,0,0.184,0.0376,0.184,-0.0099,0.1417,-0.1464,-0.0423,0.743,0.7836,36.9,68.8,1.865,0.005446,6,0.209,0
rot_p7_5,rotation,height,1,000136.png,1,0.2835,0.0501,0.2835,-0.0033,-0.0004,-0.2334,-0.2802,0.742,0.9678,164.1,370.3,2.257,0.13049,6,0.008,1
rot_p7_5,rotation,scale,1,000136.png,1,0.335,0.2079,0.4621,0.0714,-0.0001,-0.2542,-0.3907,0.566,0.7334,57.5,162.3,2.823,0.020033,6,0.287,0
rot_p7_5,rotation,width,1,000178.png,1,0.1457,0.1457,0.0597,-0.0019,0.0158,0.086,-0.1299,0.824,0.8463,26.8,25.8,0.961,0.001484,8,0.0,0
rot_p7_5,rotation,height,1,000178.png,1,0.2312,0.0774,0.2312,0.0077,0.0004,-0.1538,-0.2235,0.754,0.9329,167.6,262.8,1.568,0.094583,8,0.445,0
rot_p7_5,rotation,height,1,000178.png,1,0.2004,0.1053,0.2004,-0.0274,0.0145,-0.0951,-0.173,0.754,0.9092,62.7,85.1,1.357,0.011449,8,0.412,0
rot_p7_5,rotation,height,1,000194.png,1,0.1516,0.0568,0.1516,-0.0039,0.0122,-0.0948,-0.1394,0.822,0.9091,56.5,80.6,1.425,0.009776,2,0.0,0
rot_p7_5,rotation,height,1,000286.png,1,0.4523,0.0905,0.4523,0.0508,0.0531,-0.3618,-0.3992,0.626,0.7037,28.3,83.6,2.961,0.005074,11,0.0,0
rot_p7_5,rotation,height,1,000295.png,1,0.1801,0.0648,0.1801,-0.0064,-0.0267,-0.1154,-0.1535,0.796,0.9016,95.4,134.6,1.411,0.027569,2,0.0,0
rot_p7_5,rotation,height,1,000357.png,1,0.1544,0.0842,0.1544,0.0062,-0.007,-0.0702,-0.1474,0.799,0.9401,57.5,88.0,1.531,0.010847,8,0.329,0
rot_p7_5,rotation,height,1,000357.png,1,0.154,0.1107,0.154,-0.0384,-0.0484,-0.0433,-0.1056,0.78,0.8663,34.3,38.3,1.116,0.00282,8,0.0,0
rot_p7_5,rotation,height,1,000357.png,1,0.2324,0.0484,0.2324,0.0026,0.0157,-0.184,-0.2167,0.774,0.9183,126.9,244.8,1.929,0.066579,8,0.321,0
rot_p7_5,rotation,height,1,000357.png,1,0.2579,0.0499,0.2579,0.0265,0.0097,-0.2081,-0.2315,0.755,0.9099,70.7,158.7,2.245,0.024048,8,0.439,0
rot_p7_5,rotation,translation_x,0,000357.png,0,0.1061,0.0784,0.0416,-0.1061,-0.0603,0.0368,0.0277,0.73,0.5936,39.9,56.8,1.424,0.004859,8,0.817,0
rot_p7_5,rotation,height,1,000386.png,1,0.1685,0.0376,0.1685,-0.0191,0.0436,-0.1308,-0.1249,0.824,0.5563,125.1,214.8,1.717,0.057581,8,0.95,1
rot_p7_5,rotation,height,1,000386.png,1,0.1737,0.0352,0.1737,-0.002,-0.0381,-0.1385,-0.1356,0.823,0.8625,57.8,96.6,1.673,0.011962,8,0.873,0
rot_p7_5,rotation,scale,1,000421.png,0,0.324,-0.3787,-0.2693,-0.13,-0.052,0.1095,-0.2488,0.454,0.4469,27.3,66.8,2.445,0.00392,7,0.683,0
rot_p7_5,rotation,height,1,000460.png,1,0.3427,0.0378,0.3427,0.0142,0.0184,-0.3048,-0.3243,0.718,0.8993,105.4,319.8,3.033,0.074461,1,0.0,0
rot_p7_5,rotation,height,1,000462.png,1,0.219,0.0633,0.219,-0.0,0.0036,-0.1557,-0.2154,0.771,0.9322,99.5,179.3,1.802,0.038295,7,0.207,1
rot_p7_5,rotation,height,1,000493.png,1,0.1315,0.0522,0.1315,-0.0202,-0.0128,-0.0793,-0.1113,0.84,0.8875,44.0,59.7,1.355,0.005641,4,0.009,0
rot_p7_5,rotation,translation_x,0,000493.png,1,0.12,-0.0673,0.1148,0.12,0.0117,-0.0475,0.0052,0.709,0.8197,34.4,42.6,1.238,0.003145,4,0.0,0
rot_p7_5,rotation,height,1,000512.png,1,0.2554,0.0552,0.2554,-0.0193,-0.0199,-0.2002,-0.2355,0.755,0.864,31.9,57.1,1.791,0.003905,1,0.0,0
rot_p7_5,rotation,translation_y,0,000521.png,0,0.1324,0.1183,-0.0291,0.0658,0.1324,0.0892,0.0141,0.684,0.5935,19.5,26.8,1.371,0.001121,4,0.0,0
rot_p7_5,rotation,height,1,000537.png,1,0.2459,0.016,0.2459,0.0527,-0.0232,-0.2299,-0.1932,0.729,0.5992,21.4,36.5,1.704,0.001679,2,0.0,0
rot_p7_5,rotation,height,1,000539.png,0,0.1396,-0.0533,-0.1396,-0.0104,-0.038,-0.0862,-0.1016,0.815,0.8233,30.5,63.2,2.07,0.004145,7,0.278,0
rot_p7_5,rotation,width,1,000539.png,1,0.238,-0.238,0.0916,0.0748,-0.0205,0.1463,-0.1632,0.712,0.6364,21.2,47.7,2.253,0.002168,7,0.452,0
rot_p7_5,rotation,width,1,000539.png,0,0.2256,0.2256,-0.0399,-0.1268,0.0656,0.1857,-0.0987,0.707,0.7479,23.8,45.0,1.888,0.002302,7,0.346,0
rot_p7_5,rotation,height,1,000539.png,1,0.2106,-0.0406,0.2106,-0.1234,-0.1124,-0.17,-0.0872,0.648,0.2871,22.9,44.7,1.954,0.002193,7,0.32,0
rot_p7_5,rotation,width,1,000556.png,1,0.1242,0.1242,0.0851,0.0217,-0.0232,0.0392,-0.101,0.82,0.7901,29.3,40.6,1.387,0.002548,2,0.0,0
rot_p7_5,rotation,height,1,000577.png,1,0.1566,0.0677,0.1566,0.0282,-0.0134,-0.0889,-0.1284,0.81,0.8921,93.4,105.7,1.132,0.021202,5,0.392,0
rot_p7_5,rotation,width,1,000577.png,0,0.1938,0.1938,-0.1132,-0.1024,0.0588,0.0806,-0.0913,0.746,0.4308,130.9,69.6,0.532,0.019575,5,0.0,1
rot_p7_5,rotation,width,1,000601.png,0,0.1387,-0.1387,-0.0578,0.0068,0.0038,0.0809,-0.1319,0.811,0.6537,22.8,25.9,1.136,0.001267,2,0.0,0
rot_p7_5,rotation,height,1,000612.png,1,0.2028,0.0867,0.2028,0.0034,-0.0085,-0.116,-0.1943,0.765,0.9204,160.1,250.8,1.567,0.086198,9,0.609,1
rot_p7_5,rotation,height,1,000612.png,0,0.1528,0.0444,0.1528,-0.0866,0.0571,-0.1084,-0.0662,0.738,0.254,27.2,72.2,2.658,0.004215,9,0.671,0
rot_p7_5,rotation,height,1,000612.png,1,0.4199,0.008,0.4199,0.0152,0.0448,-0.4119,-0.3751,0.685,0.7403,45.4,146.3,3.226,0.014246,9,0.389,0
rot_p7_5,rotation,height,1,000612.png,0,0.2662,-0.1559,0.2662,0.0496,-0.1841,-0.1103,-0.0821,0.632,0.2632,46.1,133.0,2.888,0.013155,9,0.395,0
rot_p7_5,rotation,width,1,000616.png,0,0.1483,0.1483,0.0428,-0.0549,0.0122,0.1055,-0.0934,0.835,0.6724,30.2,43.9,1.455,0.002843,3,0.111,0
rot_p7_5,rotation,height,1,000623.png,1,0.1904,0.0498,0.1904,0.0137,-0.0102,-0.1406,-0.1766,0.8,0.9055,163.6,241.7,1.478,0.08489,7,0.0,1
rot_p7_5,rotation,height,1,000623.png,1,0.1661,0.0449,0.1661,-0.0497,0.0173,-0.1213,-0.1164,0.781,0.7128,25.4,38.4,1.51,0.002098,7,0.174,0
rot_p7_5,rotation,height,1,000623.png,1,0.1343,0.1178,0.1343,-0.0667,-0.0519,-0.0165,-0.0676,0.778,0.7259,43.5,61.7,1.419,0.005753,7,0.561,0
rot_p7_5,rotation,scale,1,000623.png,1,0.1586,0.1592,0.1581,0.0129,-0.0205,0.0012,-0.1388,0.745,0.8222,151.9,147.1,0.968,0.047978,7,0.0,1
rot_p7_5,rotation,width,1,000623.png,0,0.1745,-0.1745,-0.0241,0.0363,-0.07,0.1504,-0.1045,0.723,0.3458,81.7,184.4,2.257,0.032358,7,0.031,0
rot_p7_5,rotation,scale,1,000630.png,1,0.1524,0.1519,0.1528,0.0154,-0.0053,-0.0009,-0.1374,0.753,0.8081,31.0,31.9,1.03,0.00212,1,0.0,0
rot_p7_5,rotation,height,1,000647.png,1,0.1404,0.0738,0.1404,0.0007,-0.0169,-0.0666,-0.1235,0.817,0.9008,64.4,73.8,1.147,0.010182,6,0.007,0
rot_p7_5,rotation,height,1,000647.png,1,0.1933,-0.0013,0.1933,0.0227,-0.0033,-0.192,-0.1706,0.804,0.4465,48.3,74.9,1.551,0.007756,6,0.252,0
rot_p7_5,rotation,height,1,000647.png,1,0.2643,0.1184,0.2643,0.097,-0.098,-0.1459,-0.1664,0.663,0.2771,15.7,29.4,1.874,0.00099,6,0.0,0
rot_p7_5,rotation,width,1,000657.png,0,0.1335,-0.1335,-0.0373,-0.0163,-0.0605,0.0962,-0.073,0.77,0.3552,15.7,21.1,1.348,0.000709,2,0.0,0
rot_p7_5,rotation,translation_y,0,000657.png,1,0.1368,0.103,0.1049,-0.0259,-0.1368,-0.0019,0.032,0.703,0.5261,17.4,21.1,1.211,0.000788,2,0.0,0
rot_p7_5,rotation,width,1,000664.png,1,0.1274,0.1274,0.0741,0.0023,0.0165,0.0533,-0.1109,0.826,0.9305,58.1,59.4,1.022,0.00746,5,0.315,0
rot_p7_5,rotation,width,1,000664.png,0,0.2198,0.2198,0.0663,0.0964,-0.0158,0.1536,-0.1235,0.769,0.5068,37.1,38.7,1.042,0.003103,5,0.705,0
rot_p7_5,rotation,height,1,000682.png,1,0.137,0.0756,0.137,-0.0009,-0.02,-0.0614,-0.117,0.818,0.6042,23.1,28.7,1.244,0.001423,2,0.0,0
rot_p7_5,rotation,height,1,000683.png,1,0.1429,0.0337,0.1429,0.0259,0.0091,-0.1093,-0.117,0.832,0.809,26.2,43.0,1.641,0.002424,4,0.0,0
rot_p7_5,rotation,height,1,000683.png,1,0.1515,0.0511,0.1515,0.0731,0.0064,-0.1004,-0.0784,0.757,0.6305,24.7,36.5,1.478,0.001934,4,0.0,0
rot_p7_5,rotation,height,1,000714.png,1,0.1703,0.1029,0.1703,-0.0082,-0.0322,-0.0674,-0.1381,0.775,0.8779,57.8,76.4,1.321,0.009487,6,0.0,0
rot_p7_5,rotation,width,1,000725.png,0,0.173,-0.173,-0.0084,-0.0649,0.0029,0.1645,-0.1081,0.82,0.7178,67.4,164.2,2.437,0.023699,7,0.316,0
rot_p7_5,rotation,width,1,000725.png,0,0.2127,0.2127,0.0014,0.1021,-0.0243,0.2113,-0.1106,0.789,0.7433,86.1,138.4,1.608,0.025543,7,0.909,1
rot_p7_5,rotation,height,1,000725.png,1,0.2707,0.0408,0.2707,0.0118,0.0125,-0.23,-0.2583,0.756,0.9114,107.0,235.2,2.199,0.053912,7,0.409,0
rot_p7_5,rotation,width,1,000725.png,1,0.2212,0.2212,-0.0443,0.035,0.0637,0.177,-0.1575,0.73,0.8326,185.2,130.5,0.705,0.051786,7,0.482,1
rot_p7_5,rotation,width,1,000729.png,0,0.1238,0.1238,0.0875,-0.0762,0.0093,0.0363,-0.0476,0.797,0.6637,44.7,128.7,2.877,0.012365,6,0.479,0
rot_p7_5,rotation,scale,1,000729.png,1,0.1567,0.1539,0.1595,0.0043,-0.0335,-0.0056,-0.126,0.747,0.8823,203.1,183.0,0.901,0.079777,6,0.556,1
rot_p7_5,rotation,height,1,000729.png,1,0.2674,0.0249,0.2674,-0.0462,0.0054,-0.2425,-0.2211,0.725,0.2769,40.4,95.1,2.352,0.008249,6,0.058,0
rot_p7_5,rotation,height,1,000747.png,1,0.1824,0.0629,0.1824,-0.0045,0.0679,-0.1195,-0.1145,0.796,0.8177,31.3,51.5,1.647,0.003457,5,0.39,0
rot_p7_5,rotation,width,1,000747.png,0,0.1481,0.1481,0.0896,-0.0953,0.0145,0.0586,-0.0529,0.769,0.372,30.6,38.5,1.261,0.002527,5,0.536,0
rot_p7_5,rotation,height,1,000747.png,0,0.2514,0.0713,0.2514,0.0237,0.0259,-0.18,-0.2255,0.746,0.6725,18.2,23.0,1.262,0.000897,5,0.0,0
rot_p7_5,rotation,translation_y,0,000747.png,1,0.1316,-0.0166,0.0234,-0.056,0.1316,-0.0068,0.1082,0.696,0.6663,27.7,30.3,1.094,0.001805,5,0.0,0
rot_p7_5,rotation,height,1,000747.png,1,0.322,-0.1475,0.322,-0.0779,0.0043,-0.1745,-0.2441,0.663,0.4229,28.6,98.4,3.433,0.00605,5,0.0,0
rot_p7_5,rotation,height,1,000779.png,1,0.3215,0.0404,0.3215,0.0012,0.0026,-0.2812,-0.3189,0.727,0.8938,94.7,245.2,2.589,0.049877,1,0.0,0
rot_p7_5,rotation,height,1,000843.png,1,0.1854,0.0298,0.1854,0.0057,-0.0173,-0.1555,-0.168,0.819,0.929,101.0,195.6,1.937,0.042391,9,0.177,0
rot_p7_5,rotation,height,1,000843.png,1,0.1431,0.0727,0.1431,-0.0119,0.0084,-0.0703,-0.1312,0.816,0.943,164.3,203.4,1.238,0.071776,9,0.104,1
rot_p7_5,rotation,height,1,000843.png,1,0.1778,-0.0346,0.1778,0.0239,-0.0637,-0.1432,-0.1141,0.814,0.4797,18.8,25.8,1.373,0.001045,9,0.0,0
rot_p7_5,rotation,height,1,000843.png,1,0.2007,0.0715,0.2007,0.0081,-0.0224,-0.1292,-0.1783,0.777,0.9357,123.0,195.0,1.586,0.051494,9,0.025,0
rot_p7_5,rotation,scale,1,000843.png,1,0.1432,0.1337,0.1527,-0.0367,-0.0128,-0.019,-0.116,0.765,0.5868,21.4,28.7,1.338,0.001319,9,0.0,0
rot_p7_5,rotation,width,1,000846.png,0,0.1361,0.1361,0.0026,-0.038,0.0226,0.1336,-0.0981,0.843,0.6837,22.7,58.7,2.582,0.002862,7,0.0,0
rot_p7_5,rotation,translation_y,0,000846.png,0,0.1004,-0.074,-0.0744,-0.0067,-0.1004,-0.0005,0.0259,0.755,0.5192,15.9,26.5,1.66,0.000907,7,0.0,0
rot_p7_5,rotation,height,1,000846.png,0,0.2328,-0.044,-0.2328,0.007,-0.0514,-0.1888,-0.1815,0.733,0.5703,32.5,70.1,2.157,0.00489,7,0.168,0
rot_p7_5,rotation,width,1,000846.png,0,0.5633,0.5633,0.0676,0.0473,-0.1453,0.4957,-0.418,0.499,0.558,22.5,56.9,2.524,0.002752,7,0.0,0
rot_p7_5,rotation,width,1,000859.png,0,0.2538,0.2538,0.0552,-0.136,-0.0309,0.1986,-0.1178,0.74,0.6945,172.6,106.1,0.615,0.039311,6,0.0,1
rot_p7_5,rotation,height,1,000859.png,1,0.2146,0.1141,0.2146,-0.0052,0.0108,-0.1005,-0.2038,0.739,0.9184,116.8,165.8,1.419,0.041597,6,0.13,0
rot_p7_5,rotation,width,1,000859.png,0,0.2669,0.2669,0.0911,-0.0987,0.0148,0.1758,-0.1682,0.723,0.6033,21.8,30.6,1.407,0.00143,6,0.304,0
rot_p7_5,rotation,height,1,000882.png,1,0.1231,0.0857,0.1231,-0.0344,0.05,-0.0375,-0.0731,0.82,0.897,34.9,37.5,1.075,0.002812,9,0.409,0
rot_p7_5,rotation,scale,1,000882.png,0,0.1374,-0.1534,-0.1214,0.0337,-0.0584,0.032,-0.0951,0.744,0.6687,26.7,29.5,1.106,0.001689,9,0.104,0
rot_p7_5,rotation,height,1,000893.png,1,0.3891,0.0922,0.3891,0.0078,-0.0131,-0.2968,-0.376,0.659,0.899,52.1,127.3,2.444,0.01424,1,0.0,0
rot_p7_5,rotation,height,1,000897.png,1,0.3823,0.1069,0.3823,0.0028,0.0011,-0.2754,-0.3795,0.654,0.7559,38.4,85.3,2.222,0.007023,2,0.0,0
rot_p7_5,rotation,width,1,000910.png,0,0.1353,0.1353,0.0072,0.0346,0.0019,0.1281,-0.1007,0.875,0.397,26.6,56.4,2.125,0.003219,8,0.643,0
rot_p7_5,rotation,height,1,000910.png,1,0.2391,0.0378,0.2391,-0.0108,-0.0167,-0.2012,-0.2224,0.778,0.9111,152.0,293.2,1.929,0.095702,8,0.142,1
rot_p7_5,rotation,height,1,000918.png,1,0.2158,0.0755,0.2158,0.0022,0.016,-0.1403,-0.1998,0.765,0.9528,201.3,399.0,1.982,0.172467,7,0.0,1
rot_p7_5,rotation,scale,1,000918.png,1,0.1608,0.1833,0.1383,-0.0385,-0.0698,0.045,-0.1135,0.742,0.2541,46.7,43.5,0.932,0.004365,7,0.802,0
rot_p7_5,rotation,scale,1,000918.png,1,0.1633,0.1756,0.151,0.0158,0.0048,0.0246,-0.1598,0.739,0.8902,54.6,55.5,1.017,0.006505,7,0.536,0
rot_p7_5,rotation,height,1,000933.png,1,0.1674,0.0888,0.1674,0.0153,0.0189,-0.0786,-0.1485,0.787,0.8974,43.4,60.5,1.395,0.005629,1,0.0,0
rot_p7_5,rotation,height,1,000936.png,1,0.1267,0.056,0.1267,0.0145,0.012,-0.0707,-0.1122,0.84,0.897,221.3,280.6,1.268,0.133307,12,0.271,1
rot_p7_5,rotation,height,1,000936.png,1,0.2656,0.0443,0.2656,-0.0124,-0.0068,-0.2213,-0.2532,0.757,0.9093,137.9,253.7,1.84,0.075077,12,0.374,0
rot_p7_5,rotation,height,1,000936.png,1,0.4062,0.0391,0.4062,-0.0169,0.0114,-0.3671,-0.3893,0.684,0.821,78.5,219.6,2.796,0.037044,12,0.793,0
rot_p7_5,rotation,height,1,000936.png,0,0.2352,-0.1165,-0.2352,0.0275,-0.139,-0.1187,-0.0962,0.645,0.272,61.4,122.0,1.986,0.016092,12,1.0,0
rot_p7_5,rotation,height,1,000936.png,1,0.4504,0.0661,0.4504,-0.0563,0.2217,-0.3843,-0.2287,0.622,0.3914,93.0,152.8,1.643,0.030519,12,1.0,1
rot_p7_5,rotation,scale,1,000936.png,0,0.2317,-0.2473,-0.2161,0.0445,-0.0796,0.0312,-0.1677,0.59,0.3649,38.0,90.9,2.389,0.007423,12,1.0,0
rot_p7_5,rotation,scale,1,000970.png,1,0.1449,0.1222,0.1675,-0.0151,-0.0127,-0.0453,-0.1524,0.763,0.8941,79.5,122.6,1.541,0.020937,6,0.148,0
rot_p7_5,rotation,height,1,000970.png,1,0.3707,0.079,0.3707,-0.0122,-0.008,-0.2917,-0.3584,0.676,0.8594,76.9,162.2,2.108,0.026781,6,0.0,0
rot_p7_5,rotation,height,1,000985.png,1,0.169,0.0825,0.169,-0.0443,0.0327,-0.0866,-0.1247,0.786,0.8125,42.1,68.7,1.633,0.006193,11,0.624,0
rot_p7_5,rotation,height,1,000985.png,1,0.2469,0.0564,0.2469,-0.0119,0.0091,-0.1905,-0.235,0.759,0.9612,182.6,376.0,2.058,0.147156,11,0.126,1
rot_p7_5,rotation,scale,1,000985.png,1,0.1516,0.1435,0.1596,-0.0613,0.0426,-0.0161,-0.0983,0.754,0.2608,21.5,27.0,1.255,0.001249,11,0.163,0
rot_p7_5,rotation,height,1,000985.png,1,0.4148,0.0654,0.4148,0.0037,0.0644,-0.3494,-0.3503,0.663,0.344,58.9,128.5,2.182,0.016225,11,1.0,0
rot_p7_5,rotation,height,1,000998.png,1,0.1383,0.0329,0.1383,-0.0386,0.0139,-0.1054,-0.0997,0.816,0.8246,63.7,78.7,1.236,0.010773,8,0.67,0
rot_p7_5,rotation,height,1,000998.png,1,0.1888,-0.0391,0.1888,0.0191,-0.003,-0.1497,-0.1698,0.813,0.8535,42.4,76.9,1.815,0.006993,8,0.197,0
rot_p7_5,rotation,height,1,000998.png,1,0.1745,0.0681,0.1745,-0.011,0.0269,-0.1064,-0.1476,0.797,0.9346,91.5,131.9,1.441,0.025922,8,0.261,0
rot_p7_5,rotation,height,1,000998.png,1,0.2658,0.0188,0.2658,0.0032,-0.0446,-0.247,-0.2211,0.775,0.6931,31.7,40.4,1.273,0.002752,8,0.382,0
rot_p7_5,rotation,height,1,001013.png,0,0.127,-0.0574,0.127,-0.0287,0.0719,-0.0696,-0.0551,0.829,0.7421,116.2,154.6,1.331,0.038519,9,1.0,1
rot_p7_5,rotation,height,1,001013.png,1,0.331,0.0967,0.331,0.0327,0.0262,-0.2344,-0.2983,0.685,0.4731,58.3,124.2,2.13,0.01552,9,0.954,0
rot_p7_5,rotation,width,1,001013.png,1,0.2913,-0.2913,-0.088,0.0466,-0.1498,0.2033,-0.1416,0.532,0.3432,63.6,153.5,2.414,0.020907,9,0.967,0
rot_p7_5,rotation,height,1,001044.png,1,0.2162,0.0249,0.2162,0.0552,-0.0326,-0.1913,-0.161,0.742,0.7537,44.7,68.1,1.524,0.006534,7,0.0,0
rot_p7_5,rotation,scale,1,001044.png,1,0.2296,0.2291,0.2301,0.0567,-0.0897,-0.001,-0.1404,0.661,0.6658,93.0,108.8,1.17,0.021739,7,0.682,0
rot_p7_5,rotation,height,1,001100.png,1,0.2035,0.1028,0.2035,0.036,-0.004,-0.1008,-0.1676,0.753,0.5951,43.2,51.7,1.194,0.004795,8,0.105,0
rot_p7_5,rotation,scale,1,001100.png,1,0.1879,0.185,0.1907,-0.0545,-0.0394,-0.0057,-0.1362,0.709,0.3675,29.8,57.1,1.918,0.003655,8,0.626,0
rot_p7_5,rotation,translation_x,0,001100.png,0,0.1774,-0.0986,0.0007,0.1774,-0.0961,0.0979,0.0788,0.581,0.3194,25.0,29.8,1.193,0.0016,8,0.464,0
rot_p7_5,rotation,height,1,001143.png,1,0.1664,0.1139,0.1664,0.0031,-0.0319,-0.0525,-0.1345,0.77,0.8622,25.5,26.9,1.057,0.001476,4,0.0,0
rot_p7_5,rotation,height,1,001143.png,1,0.2174,0.0256,0.2174,0.0387,-0.0134,-0.1917,-0.1787,0.764,0.8845,33.1,59.0,1.783,0.004195,4,0.0,0
rot_p7_5,rotation,height,1,001190.png,0,0.1368,-0.0087,0.1368,0.0287,0.0442,-0.1281,-0.0926,0.834,0.9055,100.2,131.4,1.311,0.028289,7,0.589,0
rot_p7_5,rotation,height,1,001190.png,1,0.2899,-0.0036,0.2899,-0.026,0.0106,-0.2863,-0.2639,0.74,0.8596,65.7,94.7,1.441,0.013372,7,0.433,0
rot_p7_5,rotation,height,1,001209.png,0,0.1634,-0.0753,-0.1634,-0.0298,-0.045,-0.0881,-0.1184,0.774,0.3786,74.7,153.9,2.061,0.02467,13,0.926,0
rot_p7_5,rotation,height,1,001209.png,1,0.2844,0.0446,0.2844,-0.0274,0.0167,-0.2398,-0.257,0.739,0.7334,81.5,160.9,1.974,0.028147,13,0.605,0
rot_p7_5,rotation,height,1,001209.png,1,0.2977,0.0563,0.2977,-0.005,0.003,-0.2415,-0.2927,0.73,0.5929,37.6,94.3,2.51,0.0076,13,0.91,0
rot_p7_5,rotation,height,1,001209.png,1,0.2472,-0.0349,0.2472,0.0851,-0.003,-0.2123,-0.1621,0.687,0.6785,18.5,30.3,1.643,0.001203,13,0.024,0
rot_p7_5,rotation,height,1,001209.png,1,0.3363,0.0096,0.3363,-0.0732,-0.0784,-0.3267,-0.2579,0.657,0.7218,53.7,128.2,2.385,0.014787,13,0.769,0
rot_p7_5,rotation,height,1,001209.png,1,0.2407,0.0588,0.2407,-0.1528,-0.0262,-0.1819,-0.0879,0.61,0.2967,29.8,70.4,2.362,0.004505,13,0.743,0
rot_p7_5,rotation,height,1,001226.png,1,0.1753,0.0414,0.1753,-0.0158,0.002,-0.1339,-0.1594,0.817,0.9338,48.0,63.7,1.326,0.006571,4,0.149,0
rot_p7_5,rotation,height,1,001226.png,1,0.2671,0.0463,0.2671,0.0027,0.0065,-0.2208,-0.2606,0.754,0.9257,117.4,258.5,2.202,0.065177,4,0.0,0
rot_p7_5,rotation,height,1,001276.png,1,0.1542,0.096,0.1542,0.0004,0.0504,-0.0581,-0.1037,0.791,0.9029,51.1,65.3,1.277,0.00717,6,0.444,0
trans_x_m15,translation_x,translation_x,1,000006.png,1,0.1251,-0.0592,-0.0649,-0.1251,0.0624,-0.0057,0.0602,0.686,0.8673,65.6,188.9,2.881,0.02675,4,0.0,0
trans_x_m15,translation_x,translation_x,1,000019.png,1,0.1541,0.0398,0.0349,-0.1541,0.0229,0.005,0.1142,0.709,0.947,132.3,194.4,1.47,0.055217,2,0.0,0
trans_x_m15,translation_x,translation_x,1,000029.png,1,0.1379,0.0577,0.012,-0.1379,0.0526,0.0457,0.0801,0.696,0.5179,29.7,35.8,1.206,0.00228,1,0.0,0
trans_x_m15,translation_x,width,0,000060.png,0,0.2762,-0.2762,-0.0649,-0.1114,0.0218,0.2113,-0.1648,0.677,0.283,19.7,49.8,2.527,0.002105,2,0.0,0
trans_x_m15,translation_x,width,0,000075.png,0,0.1413,-0.1413,-0.0166,0.1143,0.0347,0.1247,-0.027,0.733,0.4814,25.3,49.2,1.942,0.002674,5,0.0,0
trans_x_m15,translation_x,translation_x,1,000075.png,1,0.1659,0.0219,-0.0141,-0.1659,0.0031,0.0077,0.144,0.709,0.9116,55.8,79.3,1.42,0.009504,5,0.495,0
trans_x_m15,translation_x,translation_x,1,000088.png,1,0.1459,0.0519,-0.0655,-0.1459,0.0108,-0.0136,0.0804,0.709,0.8502,59.7,187.4,3.139,0.024025,1,0.0,0
trans_x_m15,translation_x,translation_x,1,000107.png,1,0.1414,0.0046,0.0213,-0.1414,0.0289,-0.0167,0.1201,0.716,0.9311,132.6,200.4,1.511,0.057037,7,0.448,0
trans_x_m15,translation_x,translation_x,1,000107.png,1,0.1156,-0.0768,0.0224,-0.1156,0.0911,0.0545,0.0388,0.668,0.7325,48.0,66.9,1.393,0.006901,7,0.652,0
trans_x_m15,translation_x,width,0,000136.png,0,0.1698,0.1698,0.04,0.0714,-0.0001,0.1299,-0.0984,0.822,0.7334,57.5,162.3,2.823,0.020033,6,0.403,0
trans_x_m15,translation_x,translation_x,1,000136.png,1,0.1358,0.0251,0.0058,-0.1358,-0.0123,0.0193,0.1107,0.747,0.8907,39.2,52.7,1.345,0.004433,6,0.03,0
trans_x_m15,translation_x,translation_x,1,000136.png,0,0.1025,-0.0008,-0.033,0.1025,-0.0467,-0.0322,0.0695,0.746,0.7895,27.8,35.1,1.264,0.002093,6,0.069,0
trans_x_m15,translation_x,height,0,000136.png,1,0.184,0.0376,0.184,-0.1656,0.1417,-0.1464,-0.0184,0.572,0.7836,36.9,68.8,1.865,0.005446,6,0.154,0
trans_x_m15,translation_x,translation_x,1,000178.png,1,0.1423,-0.0002,0.0355,-0.1423,0.0004,-0.0352,0.1068,0.728,0.9329,167.6,262.8,1.568,0.094583,8,0.345,0
trans_x_m15,translation_x,translation_x,1,000178.png,1,0.1797,0.015,0.0294,-0.1797,0.0145,-0.0145,0.1502,0.68,0.9092,62.7,85.1,1.357,0.011449,8,0.548,0
trans_x_m15,translation_x,height,0,000286.png,1,0.1348,0.0327,0.1348,-0.0801,0.0708,-0.1021,-0.0548,0.753,0.4303,42.2,54.9,1.3,0.004975,11,0.643,0
trans_x_m15,translation_x,translation_x,1,000286.png,1,0.1485,-0.0006,0.0032,-0.1485,0.005,-0.0025,0.1453,0.735,0.9116,197.4,355.8,1.803,0.15079,11,0.279,1
trans_x_m15,translation_x,translation_x,1,000286.png,1,0.1643,-0.0332,0.0629,-0.1643,0.0193,-0.0297,0.1013,0.678,0.7852,22.0,25.4,1.156,0.001201,11,0.0,0
trans_x_m15,translation_x,translation_x,1,000357.png,0,0.1061,0.0784,0.0416,-0.1061,-0.0603,0.0368,0.0277,0.73,0.5936,39.9,56.8,1.424,0.004859,8,0.661,0
trans_x_m15,translation_x,translation_x,1,000357.png,1,0.1459,-0.0102,-0.0083,-0.1459,0.0157,0.0019,0.1356,0.724,0.9183,126.9,244.8,1.929,0.066579,8,0.295,0
trans_x_m15,translation_x,translation_x,1,000357.png,1,0.1504,0.0032,-0.0543,-0.1504,-0.0451,-0.0511,0.0962,0.681,0.8821,137.9,106.6,0.773,0.031517,8,0.167,1
trans_x_m15,translation_x,translation_x,1,000386.png,1,0.1039,0.0167,-0.0314,-0.1039,0.0307,-0.0148,0.0724,0.769,0.8681,34.5,47.0,1.362,0.003471,8,0.361,0
trans_x_m15,translation_x,translation_x,1,000386.png,1,0.1117,0.0982,0.0794,-0.1117,0.0191,0.0188,0.0135,0.751,0.7752,34.8,58.7,1.686,0.00438,8,0.414,0
trans_x_m15,translation_x,translation_x,1,000386.png,1,0.1256,-0.0223,0.0596,-0.1256,-0.0117,-0.0372,0.0661,0.736,0.8383,38.4,45.6,1.189,0.003753,8,0.0,0
trans_x_m15,translation_x,translation_x,1,000386.png,1,0.1533,-0.0093,-0.0278,-0.1533,0.0136,-0.0185,0.1255,0.715,0.9544,200.2,414.0,2.067,0.177638,8,0.314,1
trans_x_m15,translation_x,scale,0,000386.png,1,0.1555,-0.1289,-0.182,-0.0585,-0.0254,-0.0531,-0.1236,0.713,0.3354,82.4,189.6,2.303,0.033474,8,1.0,0
trans_x_m15,translation_x,translation_x,1,000421.png,1,0.1314,-0.0343,0.0231,-0.1314,0.0421,0.0113,0.097,0.71,0.6543,31.4,73.9,2.351,0.004991,7,0.627,0
trans_x_m15,translation_x,translation_x,1,000421.png,1,0.1573,-0.0136,-0.0128,-0.1573,0.0214,0.0007,0.1437,0.7,0.8709,33.7,85.6,2.541,0.006191,7,0.0,0
trans_x_m15,translation_x,translation_x,1,000421.png,1,0.1568,-0.0599,0.0206,-0.1568,0.0565,0.0393,0.0969,0.655,0.6508,19.8,41.9,2.121,0.001777,7,0.0,0
trans_x_m15,translation_x,scale,0,000421.png,1,0.324,-0.3787,-0.2693,-0.2232,-0.052,0.1095,-0.1556,0.419,0.4469,27.3,66.8,2.445,0.00392,7,0.533,0
trans_x_m15,translation_x,translation_x,1,000456.png,1,0.1302,-0.0237,0.0404,-0.1302,0.0261,-0.0167,0.0897,0.733,0.6662,29.2,33.0,1.128,0.00207,2,0.0,0
trans_x_m15,translation_x,translation_x,1,000456.png,1,0.1488,-0.0077,0.0056,-0.1488,0.042,0.0021,0.1411,0.688,0.906,82.1,98.0,1.193,0.017284,2,0.0,0
trans_x_m15,translation_x,translation_x,1,000460.png,1,0.1366,0.0054,-0.0472,-0.1366,0.0184,-0.0418,0.0894,0.729,0.8993,105.4,319.8,3.033,0.074461,1,0.0,0
trans_x_m15,translation_x,translation_x,1,000462.png,1,0.1314,-0.034,0.0011,-0.1314,-0.004,0.0329,0.0974,0.759,0.9278,210.2,284.5,1.354,0.128416,7,0.198,1
trans_x_m15,translation_x,translation_x,1,000462.png,1,0.1612,-0.0067,0.0159,-0.1612,0.0011,-0.0092,0.1453,0.712,0.9171,129.2,238.0,1.842,0.066031,7,0.476,0
trans_x_m15,translation_x,width,0,000493.png,1,0.1643,-0.1643,-0.0118,-0.0053,0.0117,0.1525,-0.1526,0.817,0.8197,34.4,42.6,1.238,0.003145,4,0.0,0
trans_x_m15,translation_x,translation_x,1,000493.png,1,0.1434,-0.0031,-0.013,-0.1434,0.0013,-0.01,0.1304,0.74,0.8452,192.2,292.2,1.521,0.120576,4,0.0,1
trans_x_m15,translation_x,translation_x,1,000493.png,1,0.1653,-0.0328,-0.0313,-0.1653,-0.0128,0.0015,0.1324,0.693,0.8875,44.0,59.7,1.355,0.005641,4,0.0,0
trans_x_m15,translation_x,translation_x,1,000512.png,1,0.1676,-0.0117,0.0332,-0.1676,-0.0199,-0.0215,0.1344,0.688,0.864,31.9,57.1,1.791,0.003905,1,0.0,0
trans_x_m15,translation_x,translation_x,1,000521.png,1,0.1206,0.0654,0.0464,-0.1206,0.0511,0.019,0.0552,0.722,0.8512,25.9,25.7,0.994,0.001432,4,0.0,0
trans_x_m15,translation_x,translation_y,0,000521.png,0,0.1324,0.1183,-0.0291,0.0658,0.1324,0.0892,0.0141,0.684,0.5935,19.5,26.8,1.371,0.001121,4,0.0,0
trans_x_m15,translation_x,translation_x,1,000536.png,1,0.1638,-0.0204,-0.0591,-0.1638,0.0208,-0.0387,0.1047,0.679,0.6539,21.3,33.6,1.578,0.001538,2,0.0,0
trans_x_m15,translation_x,translation_x,1,000537.png,1,0.1496,-0.0108,0.0682,-0.1496,0.0465,-0.0574,0.0813,0.683,0.811,24.3,48.0,1.972,0.002506,2,0.0,0
trans_x_m15,translation_x,translation_x,1,000539.png,1,0.1524,-0.0533,-0.1396,-0.1524,-0.038,-0.0862,0.0129,0.637,0.8233,30.5,63.2,2.07,0.004145,7,0.282,0
trans_x_m15,translation_x,width,0,000539.png,0,0.2833,-0.2833,-0.1115,0.0748,-0.0205,0.1718,-0.2085,0.637,0.6364,21.2,47.7,2.253,0.002168,7,0.411,0
trans_x_m15,translation_x,translation_x,1,000539.png,1,0.3107,0.2256,-0.0399,-0.3107,0.0656,0.1857,0.0851,0.508,0.7479,23.8,45.0,1.888,0.002302,7,0.333,0
trans_x_m15,translation_x,width,0,000577.png,0,0.1938,0.1938,-0.1132,-0.1024,0.0588,0.0806,-0.0913,0.746,0.4308,130.9,69.6,0.532,0.019575,5,0.0,1
trans_x_m15,translation_x,translation_x,1,000577.png,1,0.2102,0.0483,0.0271,-0.2102,0.0105,0.0212,0.1619,0.645,0.8436,63.1,69.5,1.101,0.009411,5,0.636,0
trans_x_m15,translation_x,translation_x,1,000581.png,1,0.1513,-0.1184,0.001,-0.1513,-0.0151,0.1174,0.0329,0.704,0.7119,35.6,40.9,1.147,0.003126,1,0.0,0
trans_x_m15,translation_x,width,0,000601.png,0,0.1387,-0.1387,-0.0578,0.0068,0.0038,0.0809,-0.1319,0.811,0.6537,22.8,25.9,1.136,0.001267,2,0.0,0
trans_x_m15,translation_x,height,0,000612.png,0,0.1528,0.0444,0.1528,-0.0866,0.0571,-0.1084,-0.0662,0.738,0.254,27.2,72.2,2.658,0.004215,9,0.525,0
trans_x_m15,translation_x,height,0,000612.png,0,0.2662,-0.1559,0.2662,0.0496,-0.1841,-0.1103,-0.0821,0.632,0.2632,46.1,133.0,2.888,0.013155,9,0.395,0
trans_x_m15,translation_x,translation_x,1,000612.png,1,0.2037,0.0166,-0.063,-0.2037,0.0011,-0.0464,0.1407,0.629,0.4595,30.8,84.8,2.751,0.005615,9,0.804,0
trans_x_m15,translation_x,translation_x,1,000616.png,1,0.1229,-0.0838,-0.0282,-0.1229,0.0148,0.0556,0.0391,0.751,0.9291,52.7,65.7,1.247,0.007422,3,0.173,0
trans_x_m15,translation_x,translation_x,1,000616.png,1,0.2272,0.1483,0.0428,-0.2272,0.0122,0.1055,0.0789,0.627,0.6724,30.2,43.9,1.455,0.002843,3,0.028,0
trans_x_m15,translation_x,translation_x,1,000623.png,1,0.1413,0.0282,0.037,-0.1413,-0.0205,-0.0088,0.1043,0.729,0.8222,151.9,147.1,0.968,0.047978,7,0.0,1
trans_x_m15,translation_x,width,0,000623.png,1,0.1745,-0.1745,-0.0241,-0.0875,-0.07,0.1504,-0.087,0.723,0.3458,81.7,184.4,2.257,0.032358,7,0.0,0
trans_x_m15,translation_x,translation_x,1,000647.png,1,0.1444,-0.0322,0.0042,-0.1444,-0.0169,0.028,0.1122,0.722,0.9008,64.4,73.8,1.147,0.010182,6,0.0,0
trans_x_m15,translation_x,translation_x,1,000647.png,1,0.1736,-0.0611,-0.0945,-0.1736,0.0371,-0.0335,0.079,0.638,0.838,38.0,53.0,1.398,0.004315,6,0.727,0
trans_x_m15,translation_x,width,0,000657.png,0,0.1335,-0.1335,-0.0373,-0.0163,-0.0605,0.0962,-0.073,0.77,0.3552,15.7,21.1,1.348,0.000709,2,0.0,0
trans_x_m15,translation_x,translation_y,0,000657.png,0,0.1368,0.0088,-0.0465,-0.0259,-0.1368,-0.0376,0.0904,0.721,0.5261,17.4,21.1,1.211,0.000788,2,0.0,0
trans_x_m15,translation_x,width,0,000664.png,0,0.2198,0.2198,0.0663,0.0964,-0.0158,0.1536,-0.1235,0.769,0.5068,37.1,38.7,1.042,0.003103,5,0.599,0
trans_x_m15,translation_x,translation_x,1,000664.png,1,0.1319,-0.014,-0.03,-0.1319,-0.0121,-0.016,0.1019,0.745,0.9321,122.1,186.7,1.529,0.049257,5,0.022,0
trans_x_m15,translation_x,translation_x,1,000683.png,1,0.1191,-0.0331,-0.0561,-0.1191,0.0091,-0.023,0.063,0.744,0.809,26.2,43.0,1.641,0.002424,4,0.0,0
trans_x_m15,translation_x,width,0,000725.png,0,0.173,-0.173,-0.0084,-0.0649,0.0029,0.1645,-0.1081,0.82,0.7178,67.4,164.2,2.437,0.023699,7,0.27,0
trans_x_m15,translation_x,height,0,000725.png,0,0.1353,0.0702,-0.1353,0.035,0.0637,-0.0651,-0.0716,0.815,0.8326,185.2,130.5,0.705,0.051786,7,0.414,1
trans_x_m15,translation_x,width,0,000725.png,1,0.2127,0.2127,0.0014,-0.0798,-0.0243,0.2113,-0.1329,0.789,0.7433,86.1,138.4,1.608,0.025543,7,0.706,1
trans_x_m15,translation_x,width,0,000729.png,0,0.1238,0.1238,0.0875,-0.0762,0.0093,0.0363,-0.0476,0.797,0.6637,44.7,128.7,2.877,0.012365,6,0.479,0
trans_x_m15,translation_x,translation_x,1,000729.png,1,0.1536,0.0074,0.0109,-0.1536,-0.0113,-0.0035,0.1427,0.72,0.8966,138.1,297.1,2.151,0.0881,6,0.618,1
trans_x_m15,translation_x,translation_x,1,000729.png,1,0.1473,0.0104,0.0497,-0.1473,-0.0335,-0.0392,0.0976,0.703,0.8823,203.1,183.0,0.901,0.079777,6,0.655,1
trans_x_m15,translation_x,width,0,000747.png,0,0.177,-0.177,-0.0386,-0.0779,0.0043,0.1384,-0.0991,0.791,0.4229,28.6,98.4,3.433,0.00605,5,0.0,0
trans_x_m15,translation_x,width,0,000747.png,0,0.1481,0.1481,0.0896,-0.0953,0.0145,0.0586,-0.0529,0.769,0.372,30.6,38.5,1.261,0.002527,5,0.446,0
trans_x_m15,translation_x,height,0,000747.png,0,0.2514,0.0713,0.2514,0.0237,0.0259,-0.18,-0.2255,0.746,0.6725,18.2,23.0,1.262,0.000897,5,0.0,0
trans_x_m15,translation_x,translation_y,0,000747.png,0,0.1316,-0.117,-0.0949,-0.056,0.1316,0.0221,0.0146,0.675,0.6663,27.7,30.3,1.094,0.001805,5,0.0,0
trans_x_m15,translation_x,width,0,000843.png,0,0.1251,-0.1251,0.0299,0.0239,-0.0637,0.0952,-0.0614,0.779,0.4797,18.8,25.8,1.373,0.001045,9,0.0,0
trans_x_m15,translation_x,translation_x,1,000843.png,1,0.1676,0.0116,-0.0493,-0.1676,-0.0506,-0.0377,0.1183,0.653,0.4749,30.2,43.0,1.426,0.002784,9,0.417,0
trans_x_m15,translation_x,width,0,000846.png,0,0.1361,0.1361,0.0026,-0.038,0.0226,0.1336,-0.0981,0.843,0.6837,22.7,58.7,2.582,0.002862,7,0.0,0
trans_x_m15,translation_x,translation_y,0,000846.png,0,0.1004,-0.074,-0.0744,-0.0067,-0.1004,-0.0005,0.0259,0.755,0.5192,15.9,26.5,1.66,0.000907,7,0.0,0
trans_x_m15,translation_x,height,0,000846.png,0,0.2328,-0.044,-0.2328,0.007,-0.0514,-0.1888,-0.1815,0.733,0.5703,32.5,70.1,2.157,0.00489,7,0.168,0
trans_x_m15,translation_x,width,0,000846.png,0,0.5633,0.5633,0.0676,0.0473,-0.1453,0.4957,-0.418,0.499,0.558,22.5,56.9,2.524,0.002752,7,0.0,0
trans_x_m15,translation_x,translation_x,1,000851.png,1,0.2018,0.1149,-0.0023,-0.2018,-0.016,0.1126,0.0869,0.661,0.7529,28.7,30.6,1.065,0.001889,2,0.0,0
trans_x_m15,translation_x,width,0,000859.png,0,0.2538,0.2538,0.0552,-0.136,-0.0309,0.1986,-0.1178,0.74,0.6945,172.6,106.1,0.615,0.039311,6,0.0,1
trans_x_m15,translation_x,width,0,000859.png,0,0.2669,0.2669,0.0911,-0.0987,0.0148,0.1758,-0.1682,0.723,0.6033,21.8,30.6,1.407,0.00143,6,0.304,0
trans_x_m15,translation_x,scale,0,000882.png,0,0.1374,-0.1534,-0.1214,0.0337,-0.0584,0.032,-0.0951,0.744,0.6687,26.7,29.5,1.106,0.001689,9,0.104,0
trans_x_m15,translation_x,translation_x,1,000882.png,1,0.1553,0.0038,-0.0202,-0.1553,0.0051,-0.0164,0.1351,0.719,0.9336,195.2,348.8,1.787,0.146193,9,0.282,1
trans_x_m15,translation_x,translation_x,1,000882.png,1,0.1454,0.013,-0.0438,-0.1454,-0.0255,-0.0308,0.1016,0.714,0.9212,141.5,204.5,1.445,0.062106,9,0.0,1
trans_x_m15,translation_x,translation_x,1,000897.png,1,0.1369,-0.0953,0.0227,-0.1369,-0.028,0.0727,0.0416,0.714,0.5824,20.9,24.5,1.174,0.001098,2,0.0,0
trans_x_m15,translation_x,width,0,000910.png,0,0.1353,0.1353,0.0072,0.0346,0.0019,0.1281,-0.1007,0.875,0.397,26.6,56.4,2.125,0.003219,8,0.643,0
trans_x_m15,translation_x,translation_x,1,000910.png,1,0.1616,0.0057,-0.0357,-0.1616,-0.0138,-0.0299,0.1259,0.7,0.8699,108.9,116.2,1.067,0.027162,8,0.0,0
trans_x_m15,translation_x,height,0,000918.png,0,0.1811,-0.0888,-0.1811,-0.0156,0.0061,-0.0923,-0.1655,0.746,0.313,24.8,54.5,2.198,0.0029,7,0.0,0
trans_x_m15,translation_x,translation_x,1,000918.png,1,0.1509,0.0211,-0.0402,-0.1509,0.016,-0.0191,0.1108,0.714,0.9528,201.3,399.0,1.982,0.172467,7,0.0,1
trans_x_m15,translation_x,translation_x,1,000936.png,1,0.1334,0.0352,-0.0242,-0.1334,-0.0308,0.011,0.0982,0.727,0.8931,46.0,52.8,1.149,0.005217,12,0.411,0
trans_x_m15,translation_x,translation_x,1,000936.png,1,0.1592,-0.0211,0.0393,-0.1592,-0.0068,-0.0183,0.1199,0.699,0.9093,137.9,253.7,1.84,0.075077,12,0.469,0
trans_x_m15,translation_x,height,0,000936.png,0,0.252,-0.0251,0.252,-0.0563,0.2217,-0.227,-0.0304,0.611,0.3914,93.0,152.8,1.643,0.030519,12,0.98,1
trans_x_m15,translation_x,height,0,000936.png,1,0.2352,-0.1165,-0.2352,-0.105,-0.139,-0.1187,-0.0962,0.59,0.272,61.4,122.0,1.986,0.016092,12,0.832,0
trans_x_m15,translation_x,scale,0,000936.png,0,0.2317,-0.2473,-0.2161,0.0445,-0.0796,0.0312,-0.1677,0.59,0.3649,38.0,90.9,2.389,0.007423,12,0.978,0
trans_x_m15,translation_x,translation_x,1,000970.png,1,0.1594,0.0298,-0.024,-0.1594,0.0091,0.0058,0.1296,0.714,0.8528,46.4,62.7,1.352,0.00624,6,0.4,0
trans_x_m15,translation_x,translation_x,1,000970.png,1,0.1725,0.0495,-0.0353,-0.1725,-0.0127,0.0142,0.1231,0.691,0.8941,79.5,122.6,1.541,0.020937,6,0.118,0
trans_x_m15,translation_x,height,0,000985.png,0,0.138,0.0059,0.138,0.0037,0.0644,-0.1321,-0.0736,0.872,0.344,58.9,128.5,2.182,0.016225,11,0.898,0
trans_x_m15,translation_x,translation_x,1,000985.png,1,0.1547,-0.0038,-0.0006,-0.1547,-0.0034,0.0032,0.1509,0.727,0.9135,72.0,100.0,1.388,0.015438,11,0.193,0
trans_x_m15,translation_x,translation_x,1,000985.png,1,0.1964,0.0143,-0.039,-0.1964,0.0327,-0.0247,0.1574,0.637,0.8125,42.1,68.7,1.633,0.006193,11,0.514,0
trans_x_m15,translation_x,height,0,000998.png,0,0.1239,-0.0886,0.1239,0.0032,-0.0446,-0.0353,-0.0793,0.819,0.6931,31.7,40.4,1.273,0.002752,8,0.255,0
trans_x_m15,translation_x,translation_x,1,001012.png,1,0.1395,-0.1141,-0.0111,-0.1395,0.0156,0.103,0.0254,0.722,0.8673,44.3,64.2,1.45,0.006107,6,0.576,0
trans_x_m15,translation_x,translation_x,1,001012.png,1,0.1601,-0.0345,-0.0348,-0.1601,0.0086,-0.0003,0.1253,0.698,0.8694,76.9,112.3,1.46,0.018545,6,0.178,0
trans_x_m15,translation_x,height,0,001013.png,0,0.127,-0.0574,0.127,-0.0287,0.0719,-0.0696,-0.0551,0.829,0.7421,116.2,154.6,1.331,0.038519,9,1.0,1
trans_x_m15,translation_x,translation_x,1,001013.png,1,0.1727,0.0127,0.0065,-0.1727,-0.0071,0.0062,0.1599,0.699,0.8936,67.9,74.1,1.091,0.01078,9,0.0,0
trans_x_m15,translation_x,scale,0,001013.png,1,0.3094,-0.3237,-0.2951,-0.0548,-0.1498,0.0286,-0.1739,0.475,0.3432,63.6,153.5,2.414,0.020907,9,1.0,0
trans_x_m15,translation_x,translation_x,1,001044.png,1,0.1533,-0.0375,-0.0389,-0.1533,-0.0209,-0.0014,0.1144,0.703,0.8868,142.5,197.9,1.388,0.060545,7,0.345,0
trans_x_m15,translation_x,translation_x,1,001100.png,1,0.1134,-0.0043,0.0573,-0.1134,-0.004,-0.0531,0.056,0.757,0.5951,43.2,51.7,1.194,0.004795,8,0.021,0
trans_x_m15,translation_x,width,0,001100.png,1,0.281,0.281,-0.0118,-0.0845,0.0182,0.2692,-0.1965,0.756,0.5274,27.6,50.5,1.831,0.002992,8,0.533,0
trans_x_m15,translation_x,translation_x,1,001100.png,1,0.1564,-0.0183,0.0172,-0.1564,-0.0066,0.0011,0.1381,0.717,0.9273,159.6,280.7,1.758,0.096218,8,0.082,1
trans_x_m15,translation_x,translation_x,1,001100.png,1,0.1716,0.0519,0.023,-0.1716,0.008,0.0289,0.1197,0.699,0.3692,92.4,123.5,1.337,0.024498,8,0.19,0
trans_x_m15,translation_x,translation_x,1,001100.png,0,0.1774,-0.0986,0.0007,0.1774,-0.0961,0.0979,0.0788,0.581,0.3194,25.0,29.8,1.193,0.0016,8,0.072,0
trans_x_m15,translation_x,translation_x,1,001143.png,1,0.155,-0.0142,-0.0157,-0.155,-0.0247,-0.0015,0.1393,0.699,0.9242,107.4,211.2,1.966,0.048717,4,0.0,1
trans_x_m15,translation_x,translation_x,1,001158.png,1,0.1812,-0.0491,-0.0026,-0.1812,0.0015,0.0466,0.1321,0.685,0.7247,33.1,48.9,1.479,0.003463,5,0.602,0
trans_x_m15,translation_x,width,0,001158.png,1,0.4047,0.4047,0.0044,-0.0102,-0.0362,0.4003,-0.3685,0.669,0.4775,116.3,164.1,1.41,0.040904,5,0.0,1
trans_x_m15,translation_x,translation_x,1,001167.png,1,0.2173,0.0466,0.0834,-0.2173,0.0773,-0.0368,0.1339,0.573,0.8813,31.4,66.3,2.108,0.004473,1,0.0,0
trans_x_m15,translation_x,height,0,001190.png,0,0.1368,-0.0087,0.1368,0.0287,0.0442,-0.1281,-0.0926,0.834,0.9055,100.2,131.4,1.311,0.028289,7,0.589,0
trans_x_m15,translation_x,translation_x,1,001190.png,1,0.1613,-0.0982,0.1299,-0.1613,0.0106,-0.0317,0.0314,0.642,0.8596,65.7,94.7,1.441,0.013372,7,0.421,0
trans_x_m15,translation_x,height,0,001209.png,0,0.1634,-0.0753,-0.1634,-0.0298,-0.045,-0.0881,-0.1184,0.774,0.3786,74.7,153.9,2.061,0.02467,13,0.892,0
trans_x_m15,translation_x,scale,0,001209.png,0,0.1498,0.1531,0.1465,0.0496,-0.0212,0.0066,-0.1035,0.756,0.5922,49.0,106.8,2.177,0.011241,13,0.81,0
trans_x_m15,translation_x,translation_x,1,001209.png,0,0.1528,0.0158,-0.0645,-0.1528,-0.0262,-0.0487,0.0883,0.695,0.2967,29.8,70.4,2.362,0.004505,13,0.704,0
trans_x_m15,translation_x,translation_x,1,001276.png,1,0.1937,0.0605,0.0049,-0.1937,-0.0037,0.0556,0.1332,0.679,0.6732,73.8,104.8,1.42,0.016599,6,0.427,0
trans_x_m15,translation_x,translation_x,1,001276.png,1,0.15,0.0028,-0.0044,-0.15,0.0504,-0.0016,0.1456,0.677,0.9029,51.1,65.3,1.277,0.00717,6,0.513,0
trans_x_p15,translation_x,translation_x,1,000006.png,1,0.1366,0.0284,0.0045,0.1366,-0.0066,0.0239,0.1082,0.754,0.3256,40.6,68.3,1.68,0.005989,4,0.197,0
trans_x_p15,translation_x,translation_x,1,000029.png,1,0.1794,0.0577,0.012,0.1794,0.0526,0.0457,0.1217,0.642,0.5179,29.7,35.8,1.206,0.00228,1,0.0,0
trans_x_p15,translation_x,translation_x,1,000060.png,1,0.1549,-0.004,0.026,0.1549,-0.0075,-0.022,0.1289,0.715,0.9226,61.4,63.5,1.034,0.008375,2,0.0,0
trans_x_p15,translation_x,width,0,000060.png,0,0.2762,-0.2762,-0.0649,-0.1114,0.0218,0.2113,-0.1648,0.677,0.283,19.7,49.8,2.527,0.002105,2,0.0,0
trans_x_p15,translation_x,width,0,000075.png,0,0.1413,-0.1413,-0.0166,0.1143,0.0347,0.1247,-0.027,0.733,0.4814,25.3,49.2,1.942,0.002674,5,0.0,0
trans_x_p15,translation_x,translation_x,1,000107.png,1,0.1466,0.003,-0.0287,0.1466,0.0189,-0.0257,0.1179,0.72,0.9097,195.2,427.0,2.188,0.178904,7,0.144,1
trans_x_p15,translation_x,translation_x,1,000107.png,1,0.16,0.0046,0.0213,0.16,0.0289,-0.0167,0.1387,0.69,0.9311,132.6,200.4,1.511,0.057037,7,0.429,0
trans_x_p15,translation_x,translation_x,1,000107.png,1,0.1851,0.0546,0.0187,0.1851,0.0416,0.036,0.1305,0.647,0.8693,78.6,102.7,1.306,0.017324,7,0.396,0
trans_x_p15,translation_x,translation_x,1,000107.png,1,0.1613,-0.0768,0.0224,0.1613,0.0911,0.0545,0.0845,0.61,0.7325,48.0,66.9,1.393,0.006901,7,0.689,0
trans_x_p15,translation_x,width,0,000136.png,0,0.1698,0.1698,0.04,0.0714,-0.0001,0.1299,-0.0984,0.822,0.7334,57.5,162.3,2.823,0.020033,6,0.403,0
trans_x_p15,translation_x,translation_x,1,000136.png,0,0.1025,-0.0008,-0.033,0.1025,-0.0467,-0.0322,0.0695,0.746,0.7895,27.8,35.1,1.264,0.002093,6,0.282,0
trans_x_p15,translation_x,height,0,000136.png,0,0.184,0.0376,0.184,-0.0099,0.1417,-0.1464,-0.0423,0.743,0.7836,36.9,68.8,1.865,0.005446,6,0.054,0
trans_x_p15,translation_x,translation_x,1,000178.png,1,0.1482,0.0004,-0.005,0.1482,0.0017,-0.0045,0.1432,0.739,0.9442,183.9,352.7,1.917,0.139285,8,0.211,1
trans_x_p15,translation_x,translation_x,1,000178.png,1,0.1653,0.0088,-0.0168,0.1653,-0.0228,-0.008,0.1486,0.689,0.7215,52.7,160.6,3.048,0.018158,8,0.039,0
trans_x_p15,translation_x,translation_x,1,000178.png,1,0.2116,0.0879,0.01,0.2116,0.0397,0.0779,0.1237,0.62,0.3452,51.0,56.0,1.098,0.006132,8,0.973,0
trans_x_p15,translation_x,translation_x,1,000194.png,1,0.1425,-0.0245,-0.0215,0.1425,0.0122,0.0029,0.118,0.732,0.9091,56.5,80.6,1.425,0.009776,2,0.001,0
trans_x_p15,translation_x,translation_x,1,000229.png,1,0.1672,0.0311,0.0166,0.1672,0.0205,0.0144,0.1362,0.692,0.8137,25.8,25.8,0.998,0.001428,1,0.0,0
trans_x_p15,translation_x,width,0,000286.png,1,0.2032,-0.2032,-0.055,0.0078,0.009,0.1482,-0.1942,0.753,0.3937,33.7,45.9,1.36,0.003322,11,0.5,0
trans_x_p15,translation_x,translation_x,1,000286.png,1,0.146,-0.026,0.0117,0.146,0.022,0.0143,0.12,0.714,0.8626,57.6,79.3,1.376,0.009811,11,0.451,0
trans_x_p15,translation_x,translation_x,1,000286.png,1,0.2088,0.053,0.0544,0.2088,0.0531,-0.0014,0.1544,0.606,0.7037,28.3,83.6,2.961,0.005074,11,0.0,0
trans_x_p15,translation_x,translation_x,1,000357.png,0,0.1061,0.0784,0.0416,-0.1061,-0.0603,0.0368,0.0277,0.73,0.5936,39.9,56.8,1.424,0.004859,8,0.661,0
trans_x_p15,translation_x,translation_x,1,000386.png,1,0.1439,-0.0093,-0.0278,0.1439,0.0136,-0.0185,0.1162,0.729,0.9544,200.2,414.0,2.067,0.177638,8,0.269,1
trans_x_p15,translation_x,translation_x,1,000386.png,1,0.1268,-0.0269,-0.0414,0.1268,0.0436,-0.0145,0.0854,0.713,0.5563,125.1,214.8,1.717,0.057581,8,0.856,0
trans_x_p15,translation_x,scale,0,000386.png,0,0.1555,-0.1289,-0.182,0.0722,-0.0254,-0.0531,-0.1098,0.702,0.3354,82.4,189.6,2.303,0.033474,8,0.928,0
trans_x_p15,translation_x,translation_x,1,000386.png,1,0.2178,0.0982,0.0794,0.2178,0.0191,0.0188,0.1196,0.614,0.7752,34.8,58.7,1.686,0.00438,8,1.0,0
trans_x_p15,translation_x,scale,0,000421.png,0,0.324,-0.3787,-0.2693,-0.13,-0.052,0.1095,-0.2488,0.454,0.4469,27.3,66.8,2.445,0.00392,7,0.683,0
trans_x_p15,translation_x,translation_x,1,000456.png,1,0.1628,-0.0237,0.0404,0.1628,0.0261,-0.0167,0.1224,0.686,0.6662,29.2,33.0,1.128,0.00207,2,0.0,0
trans_x_p15,translation_x,translation_x,1,000460.png,1,0.165,0.0054,-0.0472,0.165,0.0184,-0.0418,0.1178,0.688,0.8993,105.4,319.8,3.033,0.074461,1,0.0,0
trans_x_p15,translation_x,translation_x,1,000462.png,1,0.1368,-0.0067,0.0159,0.1368,0.0011,-0.0092,0.1209,0.748,0.9171,129.2,238.0,1.842,0.066031,7,0.494,0
trans_x_p15,translation_x,translation_x,1,000462.png,1,0.1668,-0.0112,0.001,0.1668,-0.0308,0.0102,0.1556,0.676,0.8402,88.7,94.9,1.07,0.018064,7,0.0,0
trans_x_p15,translation_x,translation_x,1,000462.png,1,0.1276,-0.0747,-0.0705,0.1276,0.0862,0.0042,0.0528,0.651,0.705,71.4,161.9,2.267,0.024831,7,1.0,0
trans_x_p15,translation_x,width,0,000493.png,0,0.1643,-0.1643,-0.0118,0.12,0.0117,0.1525,-0.0443,0.752,0.8197,34.4,42.6,1.238,0.003145,4,0.0,0
trans_x_p15,translation_x,translation_x,1,000493.png,1,0.1557,-0.0031,-0.013,0.1557,0.0013,-0.01,0.1426,0.722,0.8452,192.2,292.2,1.521,0.120576,4,0.0,1
trans_x_p15,translation_x,translation_x,1,000512.png,1,0.1289,-0.0117,0.0332,0.1289,-0.0199,-0.0215,0.0957,0.744,0.864,31.9,57.1,1.791,0.003905,1,0.0,0
trans_x_p15,translation_x,translation_x,1,000521.png,1,0.1484,-0.009,-0.0278,0.1484,0.0332,-0.0188,0.1206,0.698,0.8935,61.4,132.9,2.166,0.017505,4,0.298,0
trans_x_p15,translation_x,translation_x,1,000521.png,1,0.2335,0.1183,-0.0291,0.2335,0.1324,0.0892,0.1152,0.51,0.5935,19.5,26.8,1.371,0.001121,4,0.0,0
trans_x_p15,translation_x,translation_x,1,000536.png,1,0.1487,-0.0007,-0.0145,0.1487,0.0051,-0.0138,0.1342,0.732,0.9347,158.0,161.8,1.023,0.05489,2,0.0,0
trans_x_p15,translation_x,height,0,000539.png,0,0.1396,-0.0533,-0.1396,-0.0104,-0.038,-0.0862,-0.1016,0.815,0.8233,30.5,63.2,2.07,0.004145,7,0.278,0
trans_x_p15,translation_x,translation_y,0,000539.png,1,0.1124,-0.099,-0.0107,0.0117,-0.1124,0.0883,0.0134,0.725,0.2871,22.9,44.7,1.954,0.002193,7,0.309,0
trans_x_p15,translation_x,width,0,000539.png,0,0.2256,0.2256,-0.0399,-0.1268,0.0656,0.1857,-0.0987,0.707,0.7479,23.8,45.0,1.888,0.002302,7,0.346,0
trans_x_p15,translation_x,translation_x,1,000539.png,1,0.2198,0.1074,0.0198,0.2198,-0.0546,0.0876,0.1124,0.598,0.7565,44.0,39.9,0.907,0.003766,7,0.0,0
trans_x_p15,translation_x,width,0,000539.png,1,0.2833,-0.2833,-0.1115,0.1823,-0.0205,0.1718,-0.101,0.58,0.6364,21.2,47.7,2.253,0.002168,7,0.437,0
trans_x_p15,translation_x,width,0,000577.png,0,0.1938,0.1938,-0.1132,-0.1024,0.0588,0.0806,-0.0913,0.746,0.4308,130.9,69.6,0.532,0.019575,5,0.0,1
trans_x_p15,translation_x,translation_x,1,000577.png,1,0.1349,-0.0238,0.0044,0.1349,-0.0159,0.0194,0.1111,0.739,0.9033,123.6,173.1,1.4,0.045926,5,0.284,0
trans_x_p15,translation_x,translation_x,1,000577.png,1,0.1883,0.0468,0.017,0.1883,0.0293,0.0298,0.1415,0.656,0.8528,30.6,46.1,1.506,0.003024,5,0.0,0
trans_x_p15,translation_x,width,0,000601.png,0,0.1387,-0.1387,-0.0578,0.0068,0.0038,0.0809,-0.1319,0.811,0.6537,22.8,25.9,1.136,0.001267,2,0.0,0
trans_x_p15,translation_x,translation_x,1,000601.png,1,0.1233,0.008,-0.0349,0.1233,0.0912,-0.0269,0.0884,0.661,0.736,34.4,66.0,1.919,0.004878,2,0.0,0
trans_x_p15,translation_x,translation_x,1,000612.png,1,0.1012,0.0166,-0.063,0.1012,0.0011,-0.0464,0.0382,0.771,0.4595,30.8,84.8,2.751,0.005615,9,0.654,0
trans_x_p15,translation_x,height,0,000612.png,1,0.1528,0.0444,0.1528,0.0701,0.0571,-0.1084,-0.0827,0.761,0.254,27.2,72.2,2.658,0.004215,9,0.689,0
trans_x_p15,translation_x,translation_x,1,000612.png,1,0.1615,-0.0248,0.018,0.1615,0.0448,0.0068,0.1366,0.666,0.7403,45.4,146.3,3.226,0.014246,9,0.307,0
trans_x_p15,translation_x,height,0,000612.png,0,0.2662,-0.1559,0.2662,0.0496,-0.1841,-0.1103,-0.0821,0.632,0.2632,46.1,133.0,2.888,0.013155,9,0.395,0
trans_x_p15,translation_x,width,0,000616.png,0,0.1483,0.1483,0.0428,-0.0549,0.0122,0.1055,-0.0934,0.835,0.6724,30.2,43.9,1.455,0.002843,3,0.186,0
trans_x_p15,translation_x,translation_x,1,000616.png,1,0.152,-0.0838,-0.0282,0.152,0.0148,0.0556,0.0682,0.707,0.9291,52.7,65.7,1.247,0.007422,3,0.096,0
trans_x_p15,translation_x,width,0,000623.png,0,0.1745,-0.1745,-0.0241,0.0363,-0.07,0.1504,-0.1045,0.723,0.3458,81.7,184.4,2.257,0.032358,7,0.031,0
trans_x_p15,translation_x,translation_x,1,000623.png,1,0.1612,0.0135,-0.0019,0.1612,0.0139,0.0116,0.1477,0.707,0.9289,60.4,82.0,1.358,0.010633,7,0.0,0
trans_x_p15,translation_x,translation_x,1,000630.png,1,0.1701,0.0311,0.0229,0.1701,-0.0053,0.0082,0.1389,0.699,0.8081,31.0,31.9,1.03,0.00212,1,0.0,0
trans_x_p15,translation_x,translation_x,1,000647.png,1,0.1081,-0.0611,-0.0945,0.1081,0.0371,-0.0335,0.0136,0.729,0.838,38.0,53.0,1.398,0.004315,6,0.635,0
trans_x_p15,translation_x,width,0,000647.png,1,0.3077,0.3077,0.0648,-0.132,0.0314,0.2429,-0.1756,0.718,0.2931,46.1,52.8,1.145,0.00521,6,0.321,0
trans_x_p15,translation_x,translation_x,1,000647.png,1,0.2361,-0.0497,0.0382,0.2361,0.024,0.0115,0.1865,0.588,0.6811,22.1,33.1,1.501,0.001568,6,0.0,0
trans_x_p15,translation_x,translation_x,1,000647.png,1,0.2556,0.0568,0.0145,0.2556,-0.098,0.0423,0.1988,0.513,0.2771,15.7,29.4,1.874,0.00099,6,0.0,0
trans_x_p15,translation_x,width,0,000657.png,0,0.1335,-0.1335,-0.0373,-0.0163,-0.0605,0.0962,-0.073,0.77,0.3552,15.7,21.1,1.348,0.000709,2,0.0,0
trans_x_p15,translation_x,translation_y,0,000657.png,0,0.1368,0.0088,-0.0465,-0.0259,-0.1368,-0.0376,0.0904,0.721,0.5261,17.4,21.1,1.211,0.000788,2,0.0,0
trans_x_p15,translation_x,width,0,000664.png,0,0.2198,0.2198,0.0663,0.0964,-0.0158,0.1536,-0.1235,0.769,0.5068,37.1,38.7,1.042,0.003103,5,0.599,0
trans_x_p15,translation_x,translation_x,1,000683.png,1,0.1573,0.0425,-0.0163,0.1573,0.0598,0.0262,0.1148,0.66,0.8407,27.9,26.7,0.955,0.001601,4,0.0,0
trans_x_p15,translation_x,translation_x,1,000714.png,1,0.1207,-0.0532,-0.0386,0.1207,0.0255,0.0145,0.0676,0.743,0.7726,59.4,156.9,2.643,0.019994,6,0.591,0
trans_x_p15,translation_x,width,0,000725.png,1,0.173,-0.173,-0.0084,0.0592,0.0029,0.1645,-0.1138,0.82,0.7178,67.4,164.2,2.437,0.023699,7,0.376,0
trans_x_p15,translation_x,height,0,000725.png,0,0.1353,0.0702,-0.1353,0.035,0.0637,-0.0651,-0.0716,0.815,0.8326,185.2,130.5,0.705,0.051786,7,0.349,1
trans_x_p15,translation_x,width,0,000725.png,0,0.2127,0.2127,0.0014,0.1021,-0.0243,0.2113,-0.1106,0.789,0.7433,86.1,138.4,1.608,0.025543,7,0.649,1
trans_x_p15,translation_x,translation_x,1,000725.png,1,0.1603,-0.0098,-0.005,0.1603,0.0125,0.0048,0.1505,0.707,0.9114,107.0,235.2,2.199,0.053912,7,0.379,0
trans_x_p15,translation_x,translation_x,1,000725.png,1,0.1497,-0.0163,0.0132,0.1497,-0.0255,0.0031,0.1335,0.706,0.829,29.1,32.9,1.129,0.002053,7,0.0,0
trans_x_p15,translation_x,width,0,000729.png,0,0.1238,0.1238,0.0875,-0.0762,0.0093,0.0363,-0.0476,0.797,0.6637,44.7,128.7,2.877,0.012365,6,0.479,0
trans_x_p15,translation_x,translation_x,1,000729.png,1,0.1007,-0.0208,-0.0249,0.1007,0.0054,-0.0041,0.0758,0.797,0.2769,40.4,95.1,2.352,0.008249,6,0.0,0
trans_x_p15,translation_x,width,0,000747.png,0,0.177,-0.177,-0.0386,-0.0779,0.0043,0.1384,-0.0991,0.791,0.4229,28.6,98.4,3.433,0.00605,5,0.0,0
trans_x_p15,translation_x,width,0,000747.png,0,0.1481,0.1481,0.0896,-0.0953,0.0145,0.0586,-0.0529,0.769,0.372,30.6,38.5,1.261,0.002527,5,0.446,0
trans_x_p15,translation_x,height,0,000747.png,0,0.2514,0.0713,0.2514,0.0237,0.0259,-0.18,-0.2255,0.746,0.6725,18.2,23.0,1.262,0.000897,5,0.0,0
trans_x_p15,translation_x,translation_y,0,000747.png,1,0.1316,-0.117,-0.0949,0.0765,0.1316,0.0221,0.0146,0.652,0.6663,27.7,30.3,1.094,0.001805,5,0.0,0
trans_x_p15,translation_x,translation_x,1,000779.png,1,0.1511,-0.0011,-0.0075,0.1511,0.0026,-0.0064,0.1435,0.733,0.8938,94.7,245.2,2.589,0.049877,1,0.0,0
trans_x_p15,translation_x,width,0,000843.png,0,0.1251,-0.1251,0.0299,0.0239,-0.0637,0.0952,-0.0614,0.779,0.4797,18.8,25.8,1.373,0.001045,9,0.0,0
trans_x_p15,translation_x,translation_x,1,000843.png,1,0.1346,-0.0237,-0.0062,0.1346,0.0084,0.0175,0.1109,0.749,0.943,164.3,203.4,1.238,0.071776,9,0.066,1
trans_x_p15,translation_x,translation_x,1,000843.png,1,0.1519,-0.0256,-0.0529,0.1519,-0.0173,-0.0273,0.0989,0.699,0.929,101.0,195.6,1.937,0.042391,9,0.117,0
trans_x_p15,translation_x,translation_x,1,000843.png,1,0.1583,-0.029,0.0178,0.1583,0.0427,0.0112,0.1293,0.672,0.9216,64.4,98.2,1.525,0.013567,9,0.301,0
trans_x_p15,translation_x,width,0,000846.png,0,0.1361,0.1361,0.0026,-0.038,0.0226,0.1336,-0.0981,0.843,0.6837,22.7,58.7,2.582,0.002862,7,0.0,0
trans_x_p15,translation_x,translation_y,0,000846.png,0,0.1004,-0.074,-0.0744,-0.0067,-0.1004,-0.0005,0.0259,0.755,0.5192,15.9,26.5,1.66,0.000907,7,0.0,0
trans_x_p15,translation_x,height,0,000846.png,0,0.2328,-0.044,-0.2328,0.007,-0.0514,-0.1888,-0.1815,0.733,0.5703,32.5,70.1,2.157,0.00489,7,0.168,0
trans_x_p15,translation_x,width,0,000846.png,0,0.5633,0.5633,0.0676,0.0473,-0.1453,0.4957,-0.418,0.499,0.558,22.5,56.9,2.524,0.002752,7,0.0,0
trans_x_p15,translation_x,translation_x,1,000854.png,1,0.1618,-0.0009,-0.0417,0.1618,-0.0555,-0.0408,0.1202,0.654,0.7341,19.3,35.4,1.836,0.001468,2,0.0,0
trans_x_p15,translation_x,width,0,000859.png,1,0.2538,0.2538,0.0552,0.052,-0.0309,0.1986,-0.2018,0.752,0.6945,172.6,106.1,0.615,0.039311,6,0.0,1
trans_x_p15,translation_x,width,0,000859.png,0,0.2669,0.2669,0.0911,-0.0987,0.0148,0.1758,-0.1682,0.723,0.6033,21.8,30.6,1.407,0.00143,6,0.494,0
trans_x_p15,translation_x,translation_x,1,000859.png,1,0.149,0.0279,0.033,0.149,0.0108,-0.0051,0.116,0.723,0.9184,116.8,165.8,1.419,0.041597,6,0.053,0
trans_x_p15,translation_x,translation_x,1,000859.png,1,0.1854,0.0517,-0.0104,0.1854,-0.0147,0.0413,0.1337,0.677,0.7393,34.1,46.8,1.371,0.003432,6,0.274,0
trans_x_p15,translation_x,scale,0,000882.png,0,0.1374,-0.1534,-0.1214,0.0337,-0.0584,0.032,-0.0951,0.744,0.6687,26.7,29.5,1.106,0.001689,9,0.104,0
trans_x_p15,translation_x,translation_x,1,000882.png,1,0.1458,0.0038,-0.0202,0.1458,0.0051,-0.0164,0.1257,0.733,0.9336,195.2,348.8,1.787,0.146193,9,0.039,1
trans_x_p15,translation_x,translation_x,1,000882.png,1,0.1115,-0.0269,-0.0049,0.1115,0.05,0.022,0.0847,0.728,0.897,34.9,37.5,1.075,0.002812,9,0.542,0
trans_x_p15,translation_x,translation_x,1,000897.png,1,0.1606,0.0521,0.0864,0.1606,0.0011,-0.0343,0.0742,0.677,0.7559,38.4,85.3,2.222,0.007023,2,0.0,0
trans_x_p15,translation_x,width,0,000910.png,0,0.1353,0.1353,0.0072,0.0346,0.0019,0.1281,-0.1007,0.875,0.397,26.6,56.4,2.125,0.003219,8,0.643,0
trans_x_p15,translation_x,translation_x,1,000910.png,1,0.1401,0.0057,-0.0357,0.1401,-0.0138,-0.0299,0.1045,0.731,0.8699,108.9,116.2,1.067,0.027162,8,0.0,1
trans_x_p15,translation_x,height,0,000918.png,0,0.1811,-0.0888,-0.1811,-0.0156,0.0061,-0.0923,-0.1655,0.746,0.313,24.8,54.5,2.198,0.0029,7,0.0,0
trans_x_p15,translation_x,translation_x,1,000918.png,1,0.1189,0.0495,0.0194,0.1189,-0.0698,0.0301,0.0694,0.699,0.2541,46.7,43.5,0.932,0.004365,7,0.624,0
trans_x_p15,translation_x,translation_x,1,000918.png,1,0.1242,-0.0093,0.0372,0.1242,0.0903,-0.0279,0.0871,0.663,0.4645,33.0,40.0,1.213,0.002836,7,0.861,0
trans_x_p15,translation_x,translation_x,1,000930.png,1,0.1818,-0.0174,-0.0444,0.1818,0.041,-0.027,0.1373,0.642,0.8378,37.8,46.3,1.224,0.003755,3,0.0,0
trans_x_p15,translation_x,translation_x,1,000933.png,1,0.166,0.0044,-0.007,0.166,0.0189,-0.0026,0.159,0.693,0.8974,43.4,60.5,1.395,0.005629,1,0.0,0
trans_x_p15,translation_x,translation_x,1,000936.png,1,0.1147,0.0297,0.0594,-0.1147,0.0602,-0.0297,0.0553,0.716,0.2667,44.3,104.7,2.361,0.009967,12,0.832,0
trans_x_p15,translation_x,translation_x,1,000936.png,1,0.1771,0.0352,-0.0242,0.1771,-0.0308,0.011,0.1419,0.667,0.8931,46.0,52.8,1.149,0.005217,12,0.373,0
trans_x_p15,translation_x,height,0,000936.png,0,0.252,-0.0251,0.252,-0.0563,0.2217,-0.227,-0.0304,0.611,0.3914,93.0,152.8,1.643,0.030519,12,0.98,1
trans_x_p15,translation_x,scale,0,000936.png,1,0.2317,-0.2473,-0.2161,0.1574,-0.0796,0.0312,-0.09,0.549,0.3649,38.0,90.9,2.389,0.007423,12,0.978,0
trans_x_p15,translation_x,translation_x,1,000970.png,1,0.1407,0.0196,0.0995,0.1407,-0.008,-0.0798,0.0412,0.694,0.8594,76.9,162.2,2.108,0.026781,6,0.065,0
trans_x_p15,translation_x,height,0,000985.png,0,0.138,0.0059,0.138,0.0037,0.0644,-0.1321,-0.0736,0.872,0.344,58.9,128.5,2.182,0.016225,11,0.898,0
trans_x_p15,translation_x,translation_x,1,000985.png,1,0.1485,-0.0085,0.027,0.1485,-0.0022,-0.0185,0.1215,0.723,0.9115,71.4,104.8,1.468,0.016044,11,0.0,0
trans_x_p15,translation_x,translation_x,1,000985.png,1,0.1543,0.0087,-0.0483,0.1543,-0.0562,-0.0396,0.106,0.664,0.872,35.4,44.4,1.256,0.003366,11,0.0,0
trans_x_p15,translation_x,translation_x,1,000985.png,1,0.227,0.0908,0.0875,0.227,0.0148,0.0033,0.1362,0.598,0.5383,21.0,22.0,1.051,0.000991,11,0.0,0
trans_x_p15,translation_x,height,0,000998.png,0,0.1239,-0.0886,0.1239,0.0032,-0.0446,-0.0353,-0.0793,0.819,0.6931,31.7,40.4,1.273,0.002752,8,0.255,0
trans_x_p15,translation_x,translation_x,1,000998.png,1,0.1369,-0.0138,-0.0024,0.1369,0.0269,0.0114,0.1231,0.723,0.9346,91.5,131.9,1.441,0.025922,8,0.133,0
trans_x_p15,translation_x,translation_x,1,000998.png,1,0.1299,-0.0024,-0.041,0.1299,0.0473,-0.0386,0.0889,0.706,0.8931,31.9,32.2,1.01,0.002208,8,0.0,0
trans_x_p15,translation_x,translation_x,1,001012.png,1,0.1263,-0.1141,-0.0111,0.1263,0.0156,0.103,0.0122,0.742,0.8673,44.3,64.2,1.45,0.006107,6,0.589,0
trans_x_p15,translation_x,translation_x,1,001012.png,1,0.1518,0.0037,-0.0258,0.1518,0.0203,-0.0221,0.126,0.711,0.9453,194.8,360.5,1.851,0.15073,6,0.023,1
trans_x_p15,translation_x,translation_x,1,001012.png,1,0.1647,0.0269,-0.0088,0.1647,0.032,0.0181,0.1378,0.682,0.8787,82.4,118.9,1.442,0.021043,6,0.16,0
trans_x_p15,translation_x,translation_x,1,001013.png,1,0.1312,0.0127,0.0065,0.1312,-0.0071,0.0062,0.1184,0.76,0.8936,67.9,74.1,1.091,0.01078,9,0.0,0
trans_x_p15,translation_x,height,0,001013.png,1,0.127,-0.0574,0.127,0.1127,0.0719,-0.0696,-0.0143,0.703,0.7421,116.2,154.6,1.331,0.038519,9,1.0,0
trans_x_p15,translation_x,translation_x,1,001013.png,1,0.1889,0.0412,0.0505,0.1889,0.0262,-0.0093,0.1384,0.658,0.4731,58.3,124.2,2.13,0.01552,9,1.0,0
trans_x_p15,translation_x,translation_x,1,001013.png,1,0.1875,-0.0883,-0.0601,0.1875,-0.0073,0.0282,0.0992,0.636,0.8661,38.2,57.8,1.513,0.004735,9,0.358,0
trans_x_p15,translation_x,translation_x,1,001013.png,1,0.2662,-0.0032,-0.0964,-0.2662,-0.0527,-0.0932,0.1698,0.53,0.253,49.6,104.1,2.1,0.011066,9,1.0,0
trans_x_p15,translation_x,translation_x,1,001044.png,1,0.1358,-0.0062,0.0154,0.1358,-0.0003,-0.0093,0.1204,0.75,0.82,32.7,58.1,1.777,0.004077,7,0.0,0
trans_x_p15,translation_x,translation_x,1,001044.png,1,0.2284,-0.0187,-0.0118,0.2284,-0.001,0.0069,0.2096,0.619,0.7804,35.1,80.9,2.306,0.006098,7,0.0,0
trans_x_p15,translation_x,translation_x,1,001044.png,1,0.2246,0.1195,0.0683,0.2246,-0.0897,0.0512,0.1051,0.56,0.6658,93.0,108.8,1.17,0.021739,7,0.744,0
trans_x_p15,translation_x,translation_x,1,001090.png,1,0.2029,-0.0773,0.0958,0.2029,0.0121,-0.0185,0.1071,0.605,0.8062,29.5,34.0,1.154,0.002152,1,0.0,0
trans_x_p15,translation_x,width,0,001100.png,1,0.1324,0.1324,-0.085,0.1154,-0.0394,0.0475,-0.0171,0.746,0.3675,29.8,57.1,1.918,0.003655,8,0.833,0
trans_x_p15,translation_x,translation_x,1,001100.png,1,0.3126,-0.0986,0.0007,0.3126,-0.0961,0.0979,0.214,0.435,0.3194,25.0,29.8,1.193,0.0016,8,0.205,0
trans_x_p15,translation_x,height,0,001190.png,0,0.1299,-0.0982,0.1299,-0.026,0.0106,-0.0317,-0.1039,0.807,0.8596,65.7,94.7,1.441,0.013372,7,0.315,0
trans_x_p15,translation_x,translation_x,1,001190.png,1,0.1774,-0.0087,0.1368,0.1774,0.0442,-0.1281,0.0406,0.625,0.9055,100.2,131.4,1.311,0.028289,7,0.73,0
trans_x_p15,translation_x,scale,0,001190.png,1,0.3405,0.3309,0.3501,-0.1931,-0.1503,-0.0192,-0.157,0.533,0.3435,21.1,21.0,0.993,0.000952,7,0.0,0
trans_x_p15,translation_x,translation_x,1,001192.png,1,0.1672,0.0427,0.0487,0.1672,0.0296,-0.0061,0.1185,0.683,0.8347,69.4,96.4,1.389,0.01436,3,0.751,0
trans_x_p15,translation_x,translation_x,1,001192.png,1,0.172,-0.1183,0.0649,0.172,0.0669,0.0534,0.0537,0.62,0.8823,37.3,46.0,1.235,0.00368,3,0.0,0
trans_x_p15,translation_x,translation_x,1,001209.png,0,0.1528,0.0158,-0.0645,-0.1528,-0.0262,-0.0487,0.0883,0.695,0.2967,29.8,70.4,2.362,0.004505,13,0.704,0
trans_x_p15,translation_x,height,0,001209.png,1,0.1634,-0.0753,-0.1634,0.1089,-0.045,-0.0881,-0.0545,0.674,0.3786,74.7,153.9,2.061,0.02467,13,1.0,0
trans_x_p15,translation_x,translation_x,1,001209.png,1,0.2183,-0.112,0.0659,0.2183,-0.003,0.0461,0.1063,0.594,0.6785,18.5,30.3,1.643,0.001203,13,0.0,0
trans_x_p15,translation_x,translation_x,1,001226.png,1,0.1265,-0.0509,0.0198,0.1265,0.002,0.0312,0.0756,0.757,0.9338,48.0,63.7,1.326,0.006571,4,0.186,0
trans_x_p15,translation_x,translation_x,1,001226.png,1,0.154,-0.0211,-0.0604,0.154,0.0241,-0.0392,0.0936,0.692,0.4366,18.7,24.6,1.314,0.000986,4,0.157,0
trans_x_p15,translation_x,translation_x,1,001276.png,1,0.1245,0.0605,0.0049,0.1245,-0.0037,0.0556,0.064,0.779,0.6732,73.8,104.8,1.42,0.016599,6,0.188,0
trans_y_m15,translation_y,width,0,000060.png,0,0.2762,-0.2762,-0.0649,-0.1114,0.0218,0.2113,-0.1648,0.677,0.283,19.7,49.8,2.527,0.002105,2,0.0,0
trans_y_m15,translation_y,translation_y,1,000066.png,1,0.1676,-0.0013,0.0834,-0.0114,-0.1676,-0.0822,0.0842,0.709,0.8335,34.9,38.7,1.109,0.002897,2,0.0,0
trans_y_m15,translation_y,translation_y,1,000075.png,1,0.1129,0.0024,0.009,-0.0162,-0.1129,-0.0066,0.1038,0.775,0.8902,40.2,60.4,1.503,0.005209,5,0.146,0
trans_y_m15,translation_y,width,0,000075.png,0,0.1413,-0.1413,-0.0166,0.1143,0.0347,0.1247,-0.027,0.733,0.4814,25.3,49.2,1.942,0.002674,5,0.0,0
trans_y_m15,translation_y,translation_y,1,000107.png,1,0.1243,0.0046,0.0213,0.0093,-0.1243,-0.0167,0.103,0.768,0.9311,132.6,200.4,1.511,0.057037,7,0.604,0
trans_y_m15,translation_y,translation_y,1,000107.png,1,0.1268,0.003,-0.0287,-0.0039,-0.1268,-0.0257,0.0981,0.767,0.9097,195.2,427.0,2.188,0.178904,7,0.203,1
trans_y_m15,translation_y,translation_y,1,000107.png,1,0.167,-0.0404,-0.0091,-0.0117,-0.167,0.0314,0.1265,0.688,0.8354,55.5,72.7,1.309,0.008661,7,0.0,0
trans_y_m15,translation_y,width,0,000136.png,0,0.1698,0.1698,0.04,0.0714,-0.0001,0.1299,-0.0984,0.822,0.7334,57.5,162.3,2.823,0.020033,6,0.35,0
trans_y_m15,translation_y,translation_x,0,000136.png,0,0.1025,-0.0008,-0.033,0.1025,-0.0467,-0.0322,0.0695,0.746,0.7895,27.8,35.1,1.264,0.002093,6,0.306,0
trans_y_m15,translation_y,height,0,000136.png,0,0.184,0.0376,0.184,-0.0099,0.1417,-0.1464,-0.0423,0.743,0.7836,36.9,68.8,1.865,0.005446,6,0.054,0
trans_y_m15,translation_y,translation_y,1,000136.png,1,0.1632,0.0251,0.0058,0.018,-0.1632,0.0193,0.1381,0.698,0.8907,39.2,52.7,1.345,0.004433,6,0.135,0
trans_y_m15,translation_y,translation_y,1,000178.png,1,0.1549,-0.0002,0.0355,0.0077,-0.1549,-0.0352,0.1195,0.726,0.9329,167.6,262.8,1.568,0.094583,8,0.401,0
trans_y_m15,translation_y,translation_y,1,000178.png,1,0.1703,0.0088,-0.0168,0.014,-0.1703,-0.008,0.1535,0.69,0.7215,52.7,160.6,3.048,0.018158,8,0.0,0
trans_y_m15,translation_y,translation_y,1,000194.png,1,0.114,0.0034,0.0268,0.0221,-0.114,-0.0233,0.0873,0.767,0.8732,28.7,37.0,1.29,0.002279,2,0.0,0
trans_y_m15,translation_y,translation_y,1,000286.png,1,0.1293,0.0043,0.0003,-0.0174,-0.1293,0.004,0.1249,0.748,0.9428,79.6,110.0,1.381,0.018813,11,0.065,0
trans_y_m15,translation_y,translation_y,1,000286.png,1,0.1454,-0.0006,0.0032,0.0014,-0.1454,-0.0025,0.1423,0.745,0.9116,197.4,355.8,1.803,0.15079,11,0.349,0
trans_y_m15,translation_y,translation_y,1,000286.png,1,0.105,0.053,0.0544,0.0508,-0.105,-0.0014,0.0506,0.743,0.7037,28.3,83.6,2.961,0.005074,11,0.0,0
trans_y_m15,translation_y,translation_y,1,000295.png,1,0.1779,-0.0201,0.0083,-0.0064,-0.1779,0.0118,0.1578,0.687,0.9016,95.4,134.6,1.411,0.027569,2,0.0,0
trans_y_m15,translation_y,translation_x,0,000357.png,0,0.1061,0.0784,0.0416,-0.1061,-0.0603,0.0368,0.0277,0.73,0.5936,39.9,56.8,1.424,0.004859,8,0.661,0
trans_y_m15,translation_y,translation_y,1,000386.png,1,0.1002,-0.0269,-0.0414,-0.0191,-0.1002,-0.0145,0.0588,0.786,0.5563,125.1,214.8,1.717,0.057581,8,0.936,1
trans_y_m15,translation_y,translation_y,1,000386.png,1,0.1514,0.0113,0.0153,-0.0075,-0.1514,-0.004,0.1361,0.729,0.8982,58.7,86.5,1.473,0.010881,8,0.189,0
trans_y_m15,translation_y,scale,0,000386.png,1,0.1555,-0.1289,-0.182,0.0722,-0.1481,-0.0531,-0.0339,0.622,0.3354,82.4,189.6,2.303,0.033474,8,1.0,0
trans_y_m15,translation_y,translation_y,1,000406.png,1,0.1353,0.0108,0.0274,0.0233,-0.1353,-0.0166,0.1078,0.734,0.9033,62.4,65.6,1.052,0.008793,1,0.0,0
trans_y_m15,translation_y,translation_y,1,000421.png,1,0.1476,-0.0114,0.0017,0.0008,-0.1476,0.0097,0.1362,0.736,0.9319,207.8,224.8,1.082,0.100285,7,0.008,0
trans_y_m15,translation_y,scale,0,000421.png,0,0.324,-0.3787,-0.2693,-0.13,-0.052,0.1095,-0.2488,0.454,0.4469,27.3,66.8,2.445,0.00392,7,0.683,0
trans_y_m15,translation_y,translation_y,1,000462.png,1,0.1566,0.0128,-0.0211,0.0053,-0.1566,-0.0083,0.1355,0.719,0.8345,99.8,206.8,2.072,0.044304,7,0.475,0
trans_y_m15,translation_y,translation_y,1,000462.png,1,0.1564,0.0451,0.0062,-0.022,-0.1564,0.0389,0.1113,0.703,0.8454,71.8,140.6,1.958,0.021678,7,0.306,0
trans_y_m15,translation_y,translation_y,1,000493.png,1,0.1581,-0.0328,-0.0313,-0.0202,-0.1581,0.0015,0.1253,0.698,0.8875,44.0,59.7,1.355,0.005641,4,0.0,0
trans_y_m15,translation_y,width,0,000493.png,1,0.1643,-0.1643,-0.0118,0.12,-0.1365,0.1525,-0.0278,0.599,0.8197,34.4,42.6,1.238,0.003145,4,0.0,0
trans_y_m15,translation_y,translation_y,1,000521.png,0,0.1324,0.1183,-0.0291,0.0658,0.1324,0.0892,0.0141,0.684,0.5935,19.5,26.8,1.371,0.001121,4,0.0,0
trans_y_m15,translation_y,translation_y,1,000537.png,1,0.1137,-0.0108,0.0682,-0.0012,-0.1137,-0.0574,0.0455,0.794,0.811,24.3,48.0,1.972,0.002506,2,0.0,0
trans_y_m15,translation_y,translation_y,1,000537.png,1,0.1799,-0.0559,0.0448,0.0527,-0.1799,0.0111,0.124,0.639,0.5992,21.4,36.5,1.704,0.001679,2,0.0,0
trans_y_m15,translation_y,height,0,000539.png,0,0.1396,-0.0533,-0.1396,-0.0104,-0.038,-0.0862,-0.1016,0.815,0.8233,30.5,63.2,2.07,0.004145,7,0.278,0
trans_y_m15,translation_y,width,0,000539.png,0,0.2256,0.2256,-0.0399,-0.1268,0.0656,0.1857,-0.0987,0.707,0.7479,23.8,45.0,1.888,0.002302,7,0.346,0
trans_y_m15,translation_y,translation_y,1,000539.png,1,0.2076,0.1074,0.0198,0.0537,-0.2076,0.0876,0.1002,0.605,0.7565,44.0,39.9,0.907,0.003766,7,0.0,1
trans_y_m15,translation_y,width,0,000539.png,1,0.2833,-0.2833,-0.1115,0.0748,-0.1538,0.1718,-0.1295,0.529,0.6364,21.2,47.7,2.253,0.002168,7,0.366,0
trans_y_m15,translation_y,width,0,000577.png,0,0.1938,0.1938,-0.1132,-0.1024,0.0588,0.0806,-0.0913,0.746,0.4308,130.9,69.6,0.532,0.019575,5,0.0,1
trans_y_m15,translation_y,translation_y,1,000577.png,1,0.1436,0.0483,0.0271,-0.053,-0.1436,0.0212,0.0953,0.686,0.8436,63.1,69.5,1.101,0.009411,5,0.462,0
trans_y_m15,translation_y,width,0,000601.png,0,0.1387,-0.1387,-0.0578,0.0068,0.0038,0.0809,-0.1319,0.811,0.6537,22.8,25.9,1.136,0.001267,2,0.0,0
trans_y_m15,translation_y,translation_y,1,000612.png,1,0.1079,-0.0248,0.018,0.0152,-0.1079,0.0068,0.0831,0.785,0.7403,45.4,146.3,3.226,0.014246,9,0.479,0
trans_y_m15,translation_y,height,0,000612.png,0,0.1528,0.0444,0.1528,-0.0866,0.0571,-0.1084,-0.0662,0.738,0.254,27.2,72.2,2.658,0.004215,9,0.728,0
trans_y_m15,translation_y,translation_y,1,000612.png,1,0.1196,0.0775,0.0183,-0.0327,-0.1196,0.0592,0.0421,0.737,0.6182,62.6,129.1,2.063,0.017343,9,0.594,0
trans_y_m15,translation_y,translation_y,1,000612.png,1,0.1463,0.006,-0.0732,0.0092,-0.1463,-0.0671,0.0732,0.725,0.7897,101.1,234.7,2.321,0.050957,9,0.569,0
trans_y_m15,translation_y,translation_y,1,000612.png,1,0.1566,-0.009,0.0055,-0.0017,-0.1566,0.0035,0.1476,0.724,0.8479,77.9,116.7,1.498,0.01951,9,0.349,0
trans_y_m15,translation_y,translation_y,1,000612.png,1,0.1591,0.0117,0.0044,0.0034,-0.1591,0.0073,0.1474,0.719,0.9204,160.1,250.8,1.567,0.086198,9,0.756,1
trans_y_m15,translation_y,translation_y,1,000612.png,1,0.1395,0.0166,-0.063,-0.0513,-0.1395,-0.0464,0.0765,0.684,0.4595,30.8,84.8,2.751,0.005615,9,0.691,0
trans_y_m15,translation_y,height,0,000612.png,0,0.2662,-0.1559,0.2662,0.0496,-0.1841,-0.1103,-0.0821,0.632,0.2632,46.1,133.0,2.888,0.013155,9,0.489,0
trans_y_m15,translation_y,width,0,000616.png,1,0.1483,0.1483,0.0428,-0.0549,-0.1442,0.1055,-0.004,0.664,0.6724,30.2,43.9,1.455,0.002843,3,0.04,0
trans_y_m15,translation_y,width,0,000623.png,0,0.1745,-0.1745,-0.0241,0.0363,-0.07,0.1504,-0.1045,0.723,0.3458,81.7,184.4,2.257,0.032358,7,0.031,0
trans_y_m15,translation_y,translation_y,1,000623.png,1,0.1303,-0.0319,-0.0162,-0.0497,-0.1303,0.0157,0.0984,0.702,0.7128,25.4,38.4,1.51,0.002098,7,0.066,0
trans_y_m15,translation_y,translation_y,1,000647.png,1,0.1675,-0.0322,0.0042,0.0007,-0.1675,0.028,0.1353,0.694,0.9008,64.4,73.8,1.147,0.010182,6,0.0,0
trans_y_m15,translation_y,width,0,000657.png,0,0.1335,-0.1335,-0.0373,-0.0163,-0.0605,0.0962,-0.073,0.77,0.3552,15.7,21.1,1.348,0.000709,2,0.0,0
trans_y_m15,translation_y,translation_y,1,000657.png,0,0.1368,0.0088,-0.0465,-0.0259,-0.1368,-0.0376,0.0904,0.721,0.5261,17.4,21.1,1.211,0.000788,2,0.0,0
trans_y_m15,translation_y,translation_y,1,000664.png,1,0.1576,-0.014,-0.03,0.016,-0.1576,-0.016,0.1276,0.704,0.9321,122.1,186.7,1.529,0.049257,5,0.073,0
trans_y_m15,translation_y,width,0,000664.png,1,0.2198,0.2198,0.0663,0.0964,-0.1757,0.1536,-0.0441,0.594,0.5068,37.1,38.7,1.042,0.003103,5,0.504,0
trans_y_m15,translation_y,translation_y,1,000714.png,1,0.135,0.0076,-0.0049,0.0037,-0.135,0.0027,0.1274,0.757,0.9058,88.9,167.5,1.883,0.031979,6,0.306,0
trans_y_m15,translation_y,width,0,000725.png,0,0.173,-0.173,-0.0084,-0.0649,0.0029,0.1645,-0.1081,0.82,0.7178,67.4,164.2,2.437,0.023699,7,0.27,0
trans_y_m15,translation_y,height,0,000725.png,1,0.1353,0.0702,-0.1353,0.035,-0.066,-0.0651,-0.0693,0.815,0.8326,185.2,130.5,0.705,0.051786,7,0.541,1
trans_y_m15,translation_y,translation_y,1,000725.png,1,0.1775,-0.0163,0.0132,0.0022,-0.1775,0.0031,0.1612,0.69,0.829,29.1,32.9,1.129,0.002053,7,0.0,0
trans_y_m15,translation_y,translation_y,1,000725.png,1,0.143,-0.1031,-0.0534,0.0582,-0.143,0.0497,0.0398,0.666,0.6005,29.2,42.2,1.444,0.002646,7,0.539,0
trans_y_m15,translation_y,width,0,000725.png,1,0.2127,0.2127,0.0014,0.1021,-0.1745,0.2113,-0.0382,0.595,0.7433,86.1,138.4,1.608,0.025543,7,0.721,1
trans_y_m15,translation_y,translation_y,1,000729.png,1,0.1629,0.0074,0.0109,-0.0025,-0.1629,-0.0035,0.152,0.717,0.8966,138.1,297.1,2.151,0.0881,6,0.602,1
trans_y_m15,translation_y,translation_y,1,000729.png,1,0.1616,0.0738,-0.0035,-0.0277,-0.1616,0.0703,0.0878,0.678,0.7516,84.6,230.4,2.724,0.041851,6,0.477,0
trans_y_m15,translation_y,height,0,000747.png,0,0.2514,0.0713,0.2514,0.0237,0.0259,-0.18,-0.2255,0.746,0.6725,18.2,23.0,1.262,0.000897,5,0.0,0
trans_y_m15,translation_y,translation_y,1,000747.png,1,0.1489,0.1481,0.0896,-0.0953,-0.1489,0.0586,0.0008,0.638,0.372,30.6,38.5,1.261,0.002527,5,0.362,0
trans_y_m15,translation_y,width,0,000747.png,1,0.177,-0.177,-0.0386,-0.0779,-0.1399,0.1384,-0.0371,0.629,0.4229,28.6,98.4,3.433,0.00605,5,0.0,0
trans_y_m15,translation_y,translation_y,1,000779.png,1,0.1463,-0.0011,-0.0075,0.0012,-0.1463,-0.0064,0.1388,0.742,0.8938,94.7,245.2,2.589,0.049877,1,0.0,0
trans_y_m15,translation_y,translation_y,1,000829.png,1,0.1342,0.012,0.0408,0.0222,-0.1342,-0.0288,0.0934,0.738,0.799,40.4,53.1,1.315,0.004597,2,0.32,0
trans_y_m15,translation_y,translation_y,1,000843.png,1,0.11,-0.029,0.0178,0.0126,-0.11,0.0112,0.081,0.783,0.9216,64.4,98.2,1.525,0.013567,9,0.27,0
trans_y_m15,translation_y,width,0,000843.png,0,0.1251,-0.1251,0.0299,0.0239,-0.0637,0.0952,-0.0614,0.779,0.4797,18.8,25.8,1.373,0.001045,9,0.0,0
trans_y_m15,translation_y,translation_y,1,000843.png,1,0.1932,0.0116,-0.0493,-0.0159,-0.1932,-0.0377,0.1439,0.652,0.4749,30.2,43.0,1.426,0.002784,9,0.249,0
trans_y_m15,translation_y,width,0,000846.png,0,0.1361,0.1361,0.0026,-0.038,0.0226,0.1336,-0.0981,0.843,0.6837,22.7,58.7,2.582,0.002862,7,0.0,0
trans_y_m15,translation_y,height,0,000846.png,1,0.2328,-0.044,-0.2328,0.007,-0.1665,-0.1888,-0.0664,0.654,0.5703,32.5,70.1,2.157,0.00489,7,0.116,0
trans_y_m15,translation_y,translation_y,1,000846.png,1,0.2392,-0.074,-0.0744,-0.0067,-0.2392,-0.0005,0.1648,0.564,0.5192,15.9,26.5,1.66,0.000907,7,0.0,0
trans_y_m15,translation_y,width,0,000846.png,0,0.5633,0.5633,0.0676,0.0473,-0.1453,0.4957,-0.418,0.499,0.558,22.5,56.9,2.524,0.002752,7,0.0,0
trans_y_m15,translation_y,translation_y,1,000851.png,1,0.1278,0.0283,0.0878,-0.0062,-0.1278,-0.0595,0.0399,0.762,0.8702,36.3,47.0,1.293,0.003669,2,0.0,0
trans_y_m15,translation_y,translation_y,1,000851.png,1,0.1657,0.1149,-0.0023,-0.0345,-0.1657,0.1126,0.0508,0.651,0.7529,28.7,30.6,1.065,0.001889,2,0.0,0
trans_y_m15,translation_y,width,0,000859.png,0,0.2538,0.2538,0.0552,-0.136,-0.0309,0.1986,-0.1178,0.74,0.6945,172.6,106.1,0.615,0.039311,6,0.0,1
trans_y_m15,translation_y,translation_y,1,000859.png,1,0.1442,0.0279,0.033,-0.0052,-0.1442,-0.0051,0.1112,0.733,0.9184,116.8,165.8,1.419,0.041597,6,0.141,0
trans_y_m15,translation_y,translation_y,1,000859.png,1,0.1632,0.0517,-0.0104,0.0276,-0.1632,0.0413,0.1115,0.686,0.7393,34.1,46.8,1.371,0.003432,6,0.168,0
trans_y_m15,translation_y,width,0,000859.png,1,0.2669,0.2669,0.0911,-0.0987,-0.1489,0.1758,-0.118,0.604,0.6033,21.8,30.6,1.407,0.00143,6,0.304,0
trans_y_m15,translation_y,translation_y,1,000882.png,1,0.1206,-0.055,0.0063,0.024,-0.1206,0.0487,0.0656,0.747,0.9542,68.3,143.6,2.102,0.021075,9,0.0,0
trans_y_m15,translation_y,scale,0,000882.png,0,0.1374,-0.1534,-0.1214,0.0337,-0.0584,0.032,-0.0951,0.744,0.6687,26.7,29.5,1.106,0.001689,9,0.104,0
trans_y_m15,translation_y,translation_y,1,000882.png,1,0.1419,0.0038,-0.0202,-0.0047,-0.1419,-0.0164,0.1217,0.743,0.9336,195.2,348.8,1.787,0.146193,9,0.171,1
trans_y_m15,translation_y,translation_y,1,000882.png,1,0.1327,0.0046,-0.0121,0.0212,-0.1327,-0.0075,0.1206,0.736,0.7227,97.7,121.5,1.243,0.025492,9,0.652,0
trans_y_m15,translation_y,translation_y,1,000882.png,1,0.1689,0.013,-0.0438,0.0065,-0.1689,-0.0308,0.1251,0.698,0.9212,141.5,204.5,1.445,0.062106,9,0.0,1
trans_y_m15,translation_y,translation_y,1,000910.png,1,0.1095,-0.0125,-0.0194,-0.004,-0.1095,-0.0069,0.0901,0.792,0.7719,37.4,94.0,2.516,0.007537,8,0.344,0
trans_y_m15,translation_y,translation_y,1,000910.png,1,0.131,-0.0195,-0.0209,0.0004,-0.131,-0.0014,0.1102,0.753,0.882,98.3,169.7,1.726,0.035839,8,0.455,0
trans_y_m15,translation_y,translation_y,1,000910.png,1,0.1669,-0.0216,0.0013,-0.0108,-0.1669,0.0202,0.1453,0.701,0.9111,152.0,293.2,1.929,0.095702,8,0.167,1
trans_y_m15,translation_y,translation_y,1,000910.png,1,0.1492,0.1353,0.0072,0.0346,-0.1492,0.1281,0.0139,0.663,0.397,26.6,56.4,2.125,0.003219,8,0.682,0
trans_y_m15,translation_y,height,0,000918.png,0,0.1811,-0.0888,-0.1811,-0.0156,0.0061,-0.0923,-0.1655,0.746,0.313,24.8,54.5,2.198,0.0029,7,0.0,0
trans_y_m15,translation_y,translation_y,1,000930.png,1,0.1609,-0.0185,0.0095,0.0124,-0.1609,0.0091,0.1423,0.709,0.9407,212.8,373.5,1.755,0.170625,3,0.039,0
trans_y_m15,translation_y,translation_y,1,000930.png,1,0.1419,0.0701,-0.0487,-0.0142,-0.1419,0.0215,0.0718,0.704,0.9158,83.6,113.3,1.356,0.020334,3,0.321,0
trans_y_m15,translation_y,translation_y,1,000936.png,1,0.1343,-0.0361,-0.0245,0.0145,-0.1343,0.0117,0.0982,0.736,0.897,221.3,280.6,1.268,0.133307,12,0.231,1
trans_y_m15,translation_y,translation_y,1,000936.png,1,0.1242,0.1144,0.1113,-0.0498,-0.1242,0.0031,0.0098,0.713,0.6846,52.8,108.5,2.055,0.012298,12,0.703,0
trans_y_m15,translation_y,translation_y,1,000936.png,1,0.1627,-0.0211,0.0393,-0.0124,-0.1627,-0.0183,0.1234,0.71,0.9093,137.9,253.7,1.84,0.075077,12,0.275,0
trans_y_m15,translation_y,translation_y,1,000936.png,1,0.1772,0.0352,-0.0242,0.0219,-0.1772,0.011,0.142,0.671,0.8931,46.0,52.8,1.149,0.005217,12,0.439,0
trans_y_m15,translation_y,height,0,000936.png,0,0.2352,-0.1165,-0.2352,0.0275,-0.139,-0.1187,-0.0962,0.645,0.272,61.4,122.0,1.986,0.016092,12,1.0,0
trans_y_m15,translation_y,height,0,000936.png,0,0.252,-0.0251,0.252,-0.0563,0.2217,-0.227,-0.0304,0.611,0.3914,93.0,152.8,1.643,0.030519,12,0.98,1
trans_y_m15,translation_y,scale,0,000936.png,0,0.2317,-0.2473,-0.2161,0.0445,-0.0796,0.0312,-0.1677,0.59,0.3649,38.0,90.9,2.389,0.007423,12,1.0,0
trans_y_m15,translation_y,translation_y,1,000970.png,1,0.1373,0.0298,-0.024,-0.0049,-0.1373,0.0058,0.1075,0.737,0.8528,46.4,62.7,1.352,0.00624,6,0.452,0
trans_y_m15,translation_y,translation_y,1,000970.png,1,0.1729,0.0196,0.0995,-0.0122,-0.1729,-0.0798,0.0734,0.702,0.8594,76.9,162.2,2.108,0.026781,6,0.0,0
trans_y_m15,translation_y,height,0,000985.png,1,0.138,0.0059,0.138,0.0037,-0.1063,-0.1321,-0.0317,0.813,0.344,58.9,128.5,2.182,0.016225,11,0.748,0
trans_y_m15,translation_y,translation_y,1,000985.png,1,0.1068,0.0489,-0.0037,-0.0613,-0.1068,0.0452,0.058,0.723,0.2608,21.5,27.0,1.255,0.001249,11,0.137,0
trans_y_m15,translation_y,translation_y,1,000985.png,1,0.1267,-0.0076,-0.0304,-0.0488,-0.1267,-0.0228,0.0964,0.707,0.8876,46.9,63.5,1.356,0.00638,11,0.5,0
trans_y_m15,translation_y,translation_y,1,000985.png,1,0.199,0.0087,-0.0483,0.003,-0.199,-0.0396,0.1507,0.657,0.872,35.4,44.4,1.256,0.003366,11,0.0,0
trans_y_m15,translation_y,height,0,000998.png,0,0.1239,-0.0886,0.1239,0.0032,-0.0446,-0.0353,-0.0793,0.819,0.6931,31.7,40.4,1.273,0.002752,8,0.255,0
trans_y_m15,translation_y,translation_y,1,000998.png,1,0.1471,0.0811,0.0401,-0.0212,-0.1471,0.041,0.066,0.698,0.808,57.1,97.3,1.703,0.011932,8,0.272,0
trans_y_m15,translation_y,translation_y,1,001012.png,1,0.1167,0.0269,-0.0088,0.0106,-0.1167,0.0181,0.0898,0.772,0.8787,82.4,118.9,1.442,0.021043,6,0.074,0
trans_y_m15,translation_y,translation_y,1,001012.png,1,0.1743,0.0177,0.0667,-0.0359,-0.1743,-0.049,0.1076,0.669,0.8123,39.6,54.4,1.374,0.00462,6,0.315,0
trans_y_m15,translation_y,height,0,001013.png,0,0.127,-0.0574,0.127,-0.0287,0.0719,-0.0696,-0.0551,0.829,0.7421,116.2,154.6,1.331,0.038519,9,1.0,1
trans_y_m15,translation_y,translation_y,1,001013.png,1,0.1558,0.0045,0.0099,-0.0131,-0.1558,-0.0054,0.1459,0.715,0.9351,69.1,103.8,1.502,0.015372,9,0.098,0
trans_y_m15,translation_y,translation_y,1,001013.png,1,0.143,0.0951,0.0338,0.0301,-0.143,0.0613,0.0479,0.695,0.5107,28.2,37.9,1.343,0.002292,9,0.319,0
trans_y_m15,translation_y,scale,0,001013.png,0,0.3094,-0.3237,-0.2951,0.0466,-0.1498,0.0286,-0.1739,0.475,0.3432,63.6,153.5,2.414,0.020907,9,1.0,0
trans_y_m15,translation_y,translation_y,1,001044.png,1,0.1651,-0.0375,-0.0389,-0.0089,-0.1651,-0.0014,0.1263,0.688,0.8868,142.5,197.9,1.388,0.060545,7,0.389,0
trans_y_m15,translation_y,translation_y,1,001044.png,1,0.1492,-0.0187,-0.0118,0.0812,-0.1492,0.0069,0.1305,0.64,0.7804,35.1,80.9,2.306,0.006098,7,0.0,0
trans_y_m15,translation_y,scale,0,001044.png,1,0.3548,0.1531,0.5564,0.0475,-0.1558,-0.4033,-0.4006,0.557,0.4333,63.9,105.7,1.654,0.014486,7,0.8,0
trans_y_m15,translation_y,translation_y,1,001090.png,1,0.1523,-0.0773,0.0958,0.0645,-0.1523,-0.0185,0.0565,0.665,0.8062,29.5,34.0,1.154,0.002152,1,0.0,0
trans_y_m15,translation_y,width,0,001100.png,0,0.1324,0.1324,-0.085,-0.0545,-0.0394,0.0475,-0.0779,0.816,0.3675,29.8,57.1,1.918,0.003655,8,0.683,0
trans_y_m15,translation_y,translation_y,1,001100.png,1,0.1592,-0.0183,0.0172,-0.0091,-0.1592,0.0011,0.1409,0.716,0.9273,159.6,280.7,1.758,0.096218,8,0.183,1
trans_y_m15,translation_y,translation_y,1,001100.png,1,0.1623,0.009,-0.0006,-0.0034,-0.1623,0.0085,0.1532,0.715,0.92,101.5,173.8,1.712,0.037897,8,0.459,0
trans_y_m15,translation_y,translation_y,1,001100.png,1,0.1626,-0.0043,0.0573,0.036,-0.1626,-0.0531,0.1052,0.683,0.5951,43.2,51.7,1.194,0.004795,8,0.103,0
trans_y_m15,translation_y,translation_x,0,001100.png,0,0.1774,-0.0986,0.0007,0.1774,-0.0961,0.0979,0.0788,0.581,0.3194,25.0,29.8,1.193,0.0016,8,0.362,0
trans_y_m15,translation_y,translation_y,1,001135.png,1,0.1651,0.0327,0.0619,-0.0111,-0.1651,-0.0292,0.1032,0.703,0.8107,80.1,120.0,1.498,0.02064,1,0.0,0
trans_y_m15,translation_y,translation_y,1,001143.png,1,0.1723,-0.0142,-0.0157,-0.0071,-0.1723,-0.0015,0.1567,0.695,0.9242,107.4,211.2,1.966,0.048717,4,0.0,1
trans_y_m15,translation_y,translation_y,1,001143.png,1,0.1876,-0.0059,0.0382,0.0031,-0.1876,-0.0323,0.1495,0.685,0.8622,25.5,26.9,1.057,0.001476,4,0.0,0
trans_y_m15,translation_y,translation_y,1,001158.png,1,0.1481,-0.0491,-0.0026,-0.0386,-0.1481,0.0466,0.099,0.692,0.7247,33.1,48.9,1.479,0.003463,5,0.389,0
trans_y_m15,translation_y,translation_y,1,001158.png,1,0.1514,-0.0039,-0.1171,-0.0384,-0.1514,-0.1131,0.0343,0.676,0.677,132.3,231.4,1.748,0.065623,5,0.0,1
trans_y_m15,translation_y,height,0,001190.png,0,0.1368,-0.0087,0.1368,0.0287,0.0442,-0.1281,-0.0926,0.834,0.9055,100.2,131.4,1.311,0.028289,7,0.589,0
trans_y_m15,translation_y,translation_y,1,001190.png,1,0.1247,-0.0028,0.0598,0.0056,-0.1247,-0.057,0.0649,0.776,0.8216,50.7,66.4,1.311,0.00722,7,0.574,0
trans_y_m15,translation_y,translation_y,1,001190.png,1,0.1589,-0.0982,0.1299,-0.026,-0.1589,-0.0317,0.029,0.68,0.8596,65.7,94.7,1.441,0.013372,7,0.381,0
trans_y_m15,translation_y,translation_y,1,001192.png,1,0.1277,0.0427,0.0487,0.0108,-0.1277,-0.0061,0.079,0.749,0.8347,69.4,96.4,1.389,0.01436,3,0.513,0
trans_y_m15,translation_y,height,0,001209.png,0,0.1634,-0.0753,-0.1634,-0.0298,-0.045,-0.0881,-0.1184,0.774,0.3786,74.7,153.9,2.061,0.02467,13,0.892,0
trans_y_m15,translation_y,translation_y,1,001209.png,1,0.1625,-0.0495,0.0263,0.0221,-0.1625,0.0232,0.113,0.693,0.9408,207.2,192.8,0.931,0.085771,13,0.351,1
trans_y_m15,translation_y,translation_y,1,001209.png,1,0.1931,0.1531,0.1465,0.0496,-0.1931,0.0066,0.04,0.61,0.5922,49.0,106.8,2.177,0.011241,13,0.68,0
trans_y_m15,translation_y,translation_y,1,001209.png,1,0.1665,0.0158,-0.0645,-0.1528,-0.1665,-0.0487,0.102,0.541,0.2967,29.8,70.4,2.362,0.004505,13,0.595,0
trans_y_m15,translation_y,translation_y,1,001226.png,1,0.1168,-0.0211,-0.0604,0.0071,-0.1168,-0.0392,0.0565,0.77,0.4366,18.7,24.6,1.314,0.000986,4,0.0,0
trans_y_m15,translation_y,translation_y,1,001226.png,1,0.1419,-0.0039,-0.0108,0.0027,-0.1419,-0.0069,0.1311,0.747,0.9257,117.4,258.5,2.202,0.065177,4,0.0,0
trans_y_p15,translation_y,translation_y,1,000006.png,1,0.1354,-0.0705,0.002,-0.0473,0.1354,0.0685,0.0649,0.698,0.7365,33.4,73.8,2.206,0.005328,4,0.0,0
trans_y_p15,translation_y,width,0,000060.png,1,0.2762,-0.2762,-0.0649,-0.1114,0.1621,0.2113,-0.1141,0.533,0.283,19.7,49.8,2.527,0.002105,2,0.0,0
trans_y_p15,translation_y,translation_y,1,000066.png,1,0.21,-0.0157,-0.0248,-0.0357,0.21,-0.0091,0.1852,0.612,0.8232,27.4,42.9,1.568,0.002523,2,0.0,0
trans_y_p15,translation_y,translation_y,1,000075.png,1,0.1177,0.0145,-0.0253,0.0049,0.1177,-0.0108,0.0924,0.777,0.9093,79.1,118.0,1.493,0.020031,5,0.133,0
trans_y_p15,translation_y,width,0,000075.png,0,0.1413,-0.1413,-0.0166,0.1143,0.0347,0.1247,-0.027,0.733,0.4814,25.3,49.2,1.942,0.002674,5,0.0,0
trans_y_p15,translation_y,translation_y,1,000107.png,1,0.1303,-0.0404,-0.0091,-0.0117,0.1303,0.0314,0.0899,0.741,0.8354,55.5,72.7,1.309,0.008661,7,0.0,0
trans_y_p15,translation_y,translation_y,1,000107.png,1,0.2444,-0.0768,0.0224,0.0229,0.2444,0.0545,0.1676,0.573,0.7325,48.0,66.9,1.393,0.006901,7,0.802,0
trans_y_p15,translation_y,width,0,000136.png,0,0.1698,0.1698,0.04,0.0714,-0.0001,0.1299,-0.0984,0.822,0.7334,57.5,162.3,2.823,0.020033,6,0.403,0
trans_y_p15,translation_y,translation_x,0,000136.png,0,0.1025,-0.0008,-0.033,0.1025,-0.0467,-0.0322,0.0695,0.746,0.7895,27.8,35.1,1.264,0.002093,6,0.215,0
trans_y_p15,translation_y,height,0,000136.png,0,0.184,0.0376,0.184,-0.0099,0.1417,-0.1464,-0.0423,0.743,0.7836,36.9,68.8,1.865,0.005446,6,0.054,0
trans_y_p15,translation_y,translation_y,1,000136.png,1,0.1386,0.0251,0.0058,0.018,0.1386,0.0193,0.1135,0.734,0.8907,39.2,52.7,1.345,0.004433,6,0.095,0
trans_y_p15,translation_y,translation_y,1,000178.png,1,0.1566,0.027,-0.0612,-0.0019,0.1566,-0.0342,0.0954,0.706,0.8463,26.8,25.8,0.961,0.001484,8,0.0,0
trans_y_p15,translation_y,translation_y,1,000178.png,1,0.1912,0.0879,0.01,0.0484,0.1912,0.0779,0.1033,0.629,0.3452,51.0,56.0,1.098,0.006132,8,0.866,0
trans_y_p15,translation_y,translation_y,1,000194.png,1,0.194,0.0034,0.0268,0.0221,0.194,-0.0233,0.1672,0.654,0.8732,28.7,37.0,1.29,0.002279,2,0.0,0
trans_y_p15,translation_y,translation_y,1,000286.png,1,0.2028,-0.0903,0.0259,0.0422,0.2028,0.0644,0.1125,0.616,0.6718,31.1,40.2,1.293,0.002681,11,0.582,0
trans_y_p15,translation_y,translation_y,1,000286.png,1,0.2113,0.053,0.0544,0.0508,0.2113,-0.0014,0.1569,0.606,0.7037,28.3,83.6,2.961,0.005074,11,0.0,0
trans_y_p15,translation_y,translation_y,1,000292.png,1,0.1687,-0.0163,-0.0001,0.0042,0.1687,0.0162,0.1524,0.701,0.9173,65.0,68.3,1.052,0.009531,1,0.0,0
trans_y_p15,translation_y,translation_y,1,000357.png,1,0.1042,0.0003,0.0171,-0.0384,0.1042,-0.0168,0.0871,0.758,0.8663,34.3,38.3,1.116,0.00282,8,0.0,0
trans_y_p15,translation_y,translation_x,0,000357.png,0,0.1061,0.0784,0.0416,-0.1061,-0.0603,0.0368,0.0277,0.73,0.5936,39.9,56.8,1.424,0.004859,8,0.661,0
trans_y_p15,translation_y,translation_y,1,000386.png,1,0.1075,-0.0322,-0.0293,-0.002,0.1075,0.0029,0.0753,0.779,0.8625,57.8,96.6,1.673,0.011962,8,1.0,0
trans_y_p15,translation_y,translation_y,1,000386.png,1,0.1472,-0.0223,0.0596,0.021,0.1472,-0.0372,0.0877,0.723,0.8383,38.4,45.6,1.189,0.003753,8,0.0,0
trans_y_p15,translation_y,scale,0,000386.png,1,0.1555,-0.1289,-0.182,0.0722,0.0973,-0.0531,-0.0847,0.693,0.3354,82.4,189.6,2.303,0.033474,8,1.0,0
trans_y_p15,translation_y,translation_y,1,000421.png,1,0.1694,-0.0136,-0.0128,-0.0094,0.1694,0.0007,0.1559,0.697,0.8709,33.7,85.6,2.541,0.006191,7,0.0,0
trans_y_p15,translation_y,translation_y,1,000421.png,1,0.1877,0.0105,-0.0506,0.0425,0.1877,-0.0401,0.1371,0.63,0.8724,36.3,110.7,3.052,0.008618,7,0.242,0
trans_y_p15,translation_y,scale,0,000421.png,1,0.324,-0.3787,-0.2693,-0.13,0.0576,0.1095,-0.2488,0.454,0.4469,27.3,66.8,2.445,0.00392,7,0.683,0
trans_y_p15,translation_y,translation_y,1,000462.png,1,0.1525,-0.0,-0.0077,-0.0,0.1525,-0.0077,0.1447,0.735,0.9322,99.5,179.3,1.802,0.038295,7,0.207,1
trans_y_p15,translation_y,translation_y,1,000462.png,1,0.1454,0.0451,0.0062,-0.022,0.1454,0.0389,0.1003,0.718,0.8454,71.8,140.6,1.958,0.021678,7,0.346,0
trans_y_p15,translation_y,width,0,000493.png,0,0.1643,-0.1643,-0.0118,0.12,0.0117,0.1525,-0.0443,0.752,0.8197,34.4,42.6,1.238,0.003145,4,0.0,0
trans_y_p15,translation_y,translation_y,1,000493.png,1,0.1325,-0.0328,-0.0313,-0.0202,0.1325,0.0015,0.0997,0.735,0.8875,44.0,59.7,1.355,0.005641,4,0.0,0
trans_y_p15,translation_y,translation_y,1,000521.png,0,0.1324,0.1183,-0.0291,0.0658,0.1324,0.0892,0.0141,0.684,0.5935,19.5,26.8,1.371,0.001121,4,0.0,0
trans_y_p15,translation_y,translation_y,1,000521.png,1,0.1867,0.0165,0.0569,-0.0367,0.1867,-0.0404,0.1298,0.651,0.7181,42.6,78.8,1.848,0.007214,4,0.549,0
trans_y_p15,translation_y,translation_y,1,000536.png,1,0.162,-0.0204,-0.0591,-0.0169,0.162,-0.0387,0.1029,0.693,0.6539,21.3,33.6,1.578,0.001538,2,0.0,0
trans_y_p15,translation_y,translation_y,1,000537.png,1,0.2068,-0.0108,0.0682,-0.0012,0.2068,-0.0574,0.1385,0.661,0.811,24.3,48.0,1.972,0.002506,2,0.0,0
trans_y_p15,translation_y,height,0,000539.png,0,0.1396,-0.0533,-0.1396,-0.0104,-0.038,-0.0862,-0.1016,0.815,0.8233,30.5,63.2,2.07,0.004145,7,0.278,0
trans_y_p15,translation_y,width,0,000539.png,0,0.2256,0.2256,-0.0399,-0.1268,0.0656,0.1857,-0.0987,0.707,0.7479,23.8,45.0,1.888,0.002302,7,0.346,0
trans_y_p15,translation_y,width,0,000539.png,0,0.2833,-0.2833,-0.1115,0.0748,-0.0205,0.1718,-0.2085,0.637,0.6364,21.2,47.7,2.253,0.002168,7,0.411,0
trans_y_p15,translation_y,translation_y,1,000556.png,1,0.1122,0.0482,-0.0969,0.0217,0.1122,-0.0488,0.0153,0.758,0.7901,29.3,40.6,1.387,0.002548,2,0.0,0
trans_y_p15,translation_y,translation_y,1,000556.png,1,0.1744,-0.0077,-0.012,0.0206,0.1744,-0.0042,0.1624,0.677,0.8385,28.9,85.0,2.944,0.005274,2,0.0,0
trans_y_p15,translation_y,translation_y,1,000577.png,1,0.1348,-0.0238,0.0044,-0.0115,0.1348,0.0194,0.111,0.747,0.9033,123.6,173.1,1.4,0.045926,5,0.179,0
trans_y_p15,translation_y,width,0,000577.png,0,0.1938,0.1938,-0.1132,-0.1024,0.0588,0.0806,-0.0913,0.746,0.4308,130.9,69.6,0.532,0.019575,5,0.0,1
trans_y_p15,translation_y,translation_y,1,000577.png,1,0.1402,-0.0421,0.0238,0.0282,0.1402,0.0183,0.0981,0.72,0.8921,93.4,105.7,1.132,0.021202,5,0.388,0
trans_y_p15,translation_y,width,0,000601.png,0,0.1387,-0.1387,-0.0578,0.0068,0.0038,0.0809,-0.1319,0.811,0.6537,22.8,25.9,1.136,0.001267,2,0.0,0
trans_y_p15,translation_y,height,0,000612.png,0,0.1528,0.0444,0.1528,-0.0866,0.0571,-0.1084,-0.0662,0.738,0.254,27.2,72.2,2.658,0.004215,9,0.671,0
trans_y_p15,translation_y,height,0,000612.png,1,0.2662,-0.1559,0.2662,0.0496,0.0058,-0.1103,-0.2166,0.689,0.2632,46.1,133.0,2.888,0.013155,9,0.481,0
trans_y_p15,translation_y,width,0,000616.png,0,0.1483,0.1483,0.0428,-0.0549,0.0122,0.1055,-0.0934,0.835,0.6724,30.2,43.9,1.455,0.002843,3,0.05,0
trans_y_p15,translation_y,translation_y,1,000623.png,1,0.1416,-0.0314,0.0122,0.0137,0.1416,0.0192,0.1102,0.733,0.9055,163.6,241.7,1.478,0.08489,7,0.0,1
trans_y_p15,translation_y,width,0,000623.png,0,0.1745,-0.1745,-0.0241,0.0363,-0.07,0.1504,-0.1045,0.723,0.3458,81.7,184.4,2.257,0.032358,7,0.038,0
trans_y_p15,translation_y,translation_y,1,000623.png,1,0.1736,0.015,0.0199,0.0014,0.1736,-0.0049,0.1537,0.698,0.7567,51.0,78.3,1.536,0.008579,7,0.314,0
trans_y_p15,translation_y,translation_y,1,000630.png,1,0.1481,0.0311,0.0229,0.0154,0.1481,0.0082,0.117,0.725,0.8081,31.0,31.9,1.03,0.00212,1,0.0,0
trans_y_p15,translation_y,width,0,000657.png,1,0.1335,-0.1335,-0.0373,-0.0163,0.0839,0.0962,-0.0496,0.736,0.3552,15.7,21.1,1.348,0.000709,2,0.0,0
trans_y_p15,translation_y,translation_y,1,000657.png,0,0.1368,0.0088,-0.0465,-0.0259,-0.1368,-0.0376,0.0904,0.721,0.5261,17.4,21.1,1.211,0.000788,2,0.0,0
trans_y_p15,translation_y,translation_y,1,000664.png,1,0.1334,-0.014,-0.03,0.016,0.1334,-0.016,0.1034,0.74,0.9321,122.1,186.7,1.529,0.049257,5,0.017,0
trans_y_p15,translation_y,width,0,000664.png,1,0.2198,0.2198,0.0663,0.0964,0.1441,0.1536,-0.0757,0.63,0.5068,37.1,38.7,1.042,0.003103,5,0.634,0
trans_y_p15,translation_y,translation_y,1,000682.png,1,0.1279,-0.0194,-0.0138,-0.0009,0.1279,0.0056,0.1085,0.758,0.6042,23.1,28.7,1.244,0.001423,2,0.0,0
trans_y_p15,translation_y,translation_y,1,000683.png,1,0.2074,0.0425,-0.0163,0.0009,0.2074,0.0262,0.1649,0.632,0.8407,27.9,26.7,0.955,0.001601,4,0.0,0
trans_y_p15,translation_y,translation_y,1,000714.png,1,0.1515,-0.0046,0.0472,-0.0044,0.1515,-0.0426,0.1042,0.737,0.9332,99.0,181.7,1.836,0.038615,6,0.244,0
trans_y_p15,translation_y,translation_y,1,000714.png,1,0.1697,-0.0532,-0.0386,-0.0213,0.1697,0.0145,0.1165,0.672,0.7726,59.4,156.9,2.643,0.019994,6,0.425,0
trans_y_p15,translation_y,width,0,000725.png,0,0.173,-0.173,-0.0084,-0.0649,0.0029,0.1645,-0.1081,0.82,0.7178,67.4,164.2,2.437,0.023699,7,0.27,0
trans_y_p15,translation_y,height,0,000725.png,0,0.1353,0.0702,-0.1353,0.035,0.0637,-0.0651,-0.0716,0.815,0.8326,185.2,130.5,0.705,0.051786,7,0.414,1
trans_y_p15,translation_y,width,0,000725.png,0,0.2127,0.2127,0.0014,0.1021,-0.0243,0.2113,-0.1106,0.789,0.7433,86.1,138.4,1.608,0.025543,7,0.852,1
trans_y_p15,translation_y,translation_y,1,000725.png,1,0.1265,-0.0163,0.0132,0.0022,0.1265,0.0031,0.1102,0.766,0.829,29.1,32.9,1.129,0.002053,7,0.0,0
trans_y_p15,translation_y,translation_y,1,000725.png,1,0.1159,-0.0936,-0.0486,0.0756,0.1159,0.045,0.0223,0.681,0.7598,41.6,60.6,1.456,0.005402,7,0.24,0
trans_y_p15,translation_y,width,0,000729.png,0,0.1238,0.1238,0.0875,-0.0762,0.0093,0.0363,-0.0476,0.797,0.6637,44.7,128.7,2.877,0.012365,6,0.38,0
trans_y_p15,translation_y,translation_y,1,000729.png,1,0.1374,0.0738,-0.0035,-0.0277,0.1374,0.0703,0.0636,0.712,0.7516,84.6,230.4,2.724,0.041851,6,0.477,0
trans_y_p15,translation_y,translation_y,1,000729.png,1,0.1517,-0.0208,-0.0249,-0.0462,0.1517,-0.0041,0.1268,0.676,0.2769,40.4,95.1,2.352,0.008249,6,0.055,0
trans_y_p15,translation_y,width,0,000747.png,0,0.177,-0.177,-0.0386,-0.0779,0.0043,0.1384,-0.0991,0.791,0.4229,28.6,98.4,3.433,0.00605,5,0.0,0
trans_y_p15,translation_y,width,0,000747.png,0,0.1481,0.1481,0.0896,-0.0953,0.0145,0.0586,-0.0529,0.769,0.372,30.6,38.5,1.261,0.002527,5,0.369,0
trans_y_p15,translation_y,translation_y,1,000747.png,1,0.2145,-0.006,-0.0228,-0.0045,0.2145,-0.0168,0.1917,0.639,0.8177,31.3,51.5,1.647,0.003457,5,0.347,0
trans_y_p15,translation_y,height,0,000747.png,1,0.2514,0.0713,0.2514,0.0237,0.2136,-0.18,-0.0378,0.638,0.6725,18.2,23.0,1.262,0.000897,5,0.0,0
trans_y_p15,translation_y,translation_y,1,000747.png,1,0.2674,-0.117,-0.0949,-0.056,0.2674,0.0221,0.1503,0.507,0.6663,27.7,30.3,1.094,0.001805,5,0.0,0
trans_y_p15,translation_y,translation_y,1,000829.png,1,0.1752,-0.002,-0.04,0.0073,0.1752,-0.038,0.1352,0.688,0.9332,63.1,85.3,1.353,0.011555,2,0.128,0
trans_y_p15,translation_y,translation_y,1,000843.png,1,0.128,-0.0024,0.0028,0.0081,0.128,-0.0003,0.1253,0.762,0.9357,123.0,195.0,1.586,0.051494,9,0.0,0
trans_y_p15,translation_y,width,0,000843.png,1,0.1251,-0.1251,0.0299,0.0239,0.0908,0.0952,-0.0343,0.74,0.4797,18.8,25.8,1.373,0.001045,9,0.0,0
trans_y_p15,translation_y,translation_y,1,000843.png,1,0.1574,-0.0237,-0.0062,-0.0119,0.1574,0.0175,0.1337,0.712,0.943,164.3,203.4,1.238,0.071776,9,0.044,1
trans_y_p15,translation_y,translation_y,1,000843.png,1,0.1953,-0.029,0.0178,0.0126,0.1953,0.0112,0.1664,0.659,0.9216,64.4,98.2,1.525,0.013567,9,0.214,0
trans_y_p15,translation_y,height,0,000846.png,0,0.2328,-0.044,-0.2328,0.007,-0.0514,-0.1888,-0.1815,0.733,0.5703,32.5,70.1,2.157,0.00489,7,0.168,0
trans_y_p15,translation_y,translation_y,1,000846.png,1,0.1729,0.1361,0.0026,-0.038,0.1729,0.1336,0.0368,0.632,0.6837,22.7,58.7,2.582,0.002862,7,0.0,0
trans_y_p15,translation_y,width,0,000846.png,1,0.5633,0.5633,0.0676,0.0473,0.0149,0.4957,-0.516,0.599,0.558,22.5,56.9,2.524,0.002752,7,0.0,0
trans_y_p15,translation_y,translation_y,1,000851.png,1,0.1337,0.1149,-0.0023,-0.0345,0.1337,0.1126,0.0188,0.694,0.7529,28.7,30.6,1.065,0.001889,2,0.0,0
trans_y_p15,translation_y,translation_y,1,000851.png,1,0.1986,0.0283,0.0878,-0.0062,0.1986,-0.0595,0.1108,0.664,0.8702,36.3,47.0,1.293,0.003669,2,0.0,0
trans_y_p15,translation_y,width,0,000859.png,0,0.2538,0.2538,0.0552,-0.136,-0.0309,0.1986,-0.1178,0.74,0.6945,172.6,106.1,0.615,0.039311,6,0.0,1
trans_y_p15,translation_y,width,0,000859.png,0,0.2669,0.2669,0.0911,-0.0987,0.0148,0.1758,-0.1682,0.723,0.6033,21.8,30.6,1.407,0.00143,6,0.304,0
trans_y_p15,translation_y,translation_y,1,000859.png,1,0.1657,0.0279,0.033,-0.0052,0.1657,-0.0051,0.1328,0.702,0.9184,116.8,165.8,1.419,0.041597,6,0.107,0
trans_y_p15,translation_y,translation_y,1,000882.png,1,0.1179,0.013,-0.0438,0.0065,0.1179,-0.0308,0.0741,0.776,0.9212,141.5,204.5,1.445,0.062106,9,0.0,1
trans_y_p15,translation_y,scale,0,000882.png,0,0.1374,-0.1534,-0.1214,0.0337,-0.0584,0.032,-0.0951,0.744,0.6687,26.7,29.5,1.106,0.001689,9,0.104,0
trans_y_p15,translation_y,translation_y,1,000882.png,1,0.1615,-0.029,0.0407,-0.0049,0.1615,-0.0117,0.1208,0.709,0.9392,158.1,218.8,1.384,0.074309,9,0.327,0
trans_y_p15,translation_y,translation_y,1,000882.png,1,0.1636,0.0046,-0.0121,0.0212,0.1636,-0.0075,0.1515,0.692,0.7227,97.7,121.5,1.243,0.025492,9,0.687,0
trans_y_p15,translation_y,width,0,000910.png,0,0.1353,0.1353,0.0072,0.0346,0.0019,0.1281,-0.1007,0.875,0.397,26.6,56.4,2.125,0.003219,8,0.643,0
trans_y_p15,translation_y,translation_y,1,000910.png,1,0.1893,0.1137,0.0237,-0.0629,0.1893,0.09,0.0757,0.618,0.6419,43.2,45.7,1.058,0.004237,8,0.056,0
trans_y_p15,translation_y,translation_y,1,000910.png,1,0.2096,-0.1185,-0.0428,0.072,0.2096,0.0756,0.0911,0.568,0.3961,24.2,28.6,1.183,0.001482,8,0.216,0
trans_y_p15,translation_y,height,0,000918.png,0,0.1811,-0.0888,-0.1811,-0.0156,0.0061,-0.0923,-0.1655,0.746,0.313,24.8,54.5,2.198,0.0029,7,0.0,0
trans_y_p15,translation_y,translation_y,1,000918.png,1,0.1676,-0.0516,0.017,-0.0199,0.1676,0.0347,0.116,0.683,0.8583,54.4,69.3,1.274,0.00809,7,0.309,0
trans_y_p15,translation_y,translation_y,1,000930.png,1,0.1843,-0.0174,-0.0444,0.0344,0.1843,-0.027,0.1399,0.644,0.8378,37.8,46.3,1.224,0.003755,3,0.0,0
trans_y_p15,translation_y,translation_y,1,000936.png,1,0.1491,-0.0211,0.0393,-0.0124,0.1491,-0.0183,0.1097,0.729,0.9093,137.9,253.7,1.84,0.075077,12,0.311,0
trans_y_p15,translation_y,translation_y,1,000936.png,1,0.1556,0.0003,-0.0246,0.0002,0.1556,-0.0243,0.131,0.728,0.9273,190.2,213.1,1.12,0.087037,12,0.325,1
trans_y_p15,translation_y,height,0,000936.png,1,0.2352,-0.1165,-0.2352,0.0275,-0.0243,-0.1187,-0.2076,0.676,0.272,61.4,122.0,1.986,0.016092,12,0.525,0
trans_y_p15,translation_y,height,0,000936.png,0,0.252,-0.0251,0.252,-0.0563,0.2217,-0.227,-0.0304,0.611,0.3914,93.0,152.8,1.643,0.030519,12,0.741,1
trans_y_p15,translation_y,scale,0,000936.png,1,0.2317,-0.2473,-0.2161,0.0445,0.038,0.0312,-0.2029,0.59,0.3649,38.0,90.9,2.389,0.007423,12,0.407,0
trans_y_p15,translation_y,translation_y,1,000970.png,1,0.132,0.0495,-0.0353,-0.0151,0.132,0.0142,0.0825,0.732,0.8941,79.5,122.6,1.541,0.020937,6,0.141,0
trans_y_p15,translation_y,translation_y,1,000970.png,1,0.1555,0.0298,-0.024,-0.0049,0.1555,0.0058,0.1257,0.71,0.8528,46.4,62.7,1.352,0.00624,6,0.478,0
trans_y_p15,translation_y,height,0,000985.png,0,0.138,0.0059,0.138,0.0037,0.0644,-0.1321,-0.0736,0.872,0.344,58.9,128.5,2.182,0.016225,11,0.495,0
trans_y_p15,translation_y,translation_y,1,000985.png,1,0.157,0.0024,-0.014,-0.0119,0.157,-0.0116,0.143,0.712,0.9612,182.6,376.0,2.058,0.147156,11,0.063,1
trans_y_p15,translation_y,translation_y,1,000985.png,1,0.1641,-0.0076,-0.0304,-0.0488,0.1641,-0.0228,0.1338,0.656,0.8876,46.9,63.5,1.356,0.00638,11,0.57,0
trans_y_p15,translation_y,translation_y,1,000985.png,1,0.1921,0.0489,-0.0037,-0.0613,0.1921,0.0452,0.1432,0.612,0.2608,21.5,27.0,1.255,0.001249,11,0.122,0
trans_y_p15,translation_y,height,0,000998.png,0,0.1239,-0.0886,0.1239,0.0032,-0.0446,-0.0353,-0.0793,0.819,0.6931,31.7,40.4,1.273,0.002752,8,0.174,0
trans_y_p15,translation_y,translation_y,1,000998.png,1,0.165,0.0811,0.0401,-0.0212,0.165,0.041,0.0839,0.674,0.808,57.1,97.3,1.703,0.011932,8,0.394,0
trans_y_p15,translation_y,translation_y,1,000998.png,1,0.1633,-0.0643,-0.0041,-0.0386,0.1633,0.0602,0.099,0.671,0.8246,63.7,78.7,1.236,0.010773,8,0.614,0
trans_y_p15,translation_y,translation_y,1,000998.png,1,0.1912,-0.0024,-0.041,-0.0198,0.1912,-0.0386,0.1502,0.651,0.8931,31.9,32.2,1.01,0.002208,8,0.0,0
trans_y_p15,translation_y,translation_y,1,001012.png,1,0.1664,0.0037,-0.0258,0.0013,0.1664,-0.0221,0.1406,0.709,0.9453,194.8,360.5,1.851,0.15073,6,0.0,1
trans_y_p15,translation_y,translation_y,1,001012.png,1,0.1533,-0.0345,-0.0348,-0.0153,0.1533,-0.0003,0.1185,0.708,0.8694,76.9,112.3,1.46,0.018545,6,0.252,0
trans_y_p15,translation_y,translation_y,1,001012.png,1,0.1457,0.0177,0.0667,-0.0359,0.1457,-0.049,0.079,0.707,0.8123,39.6,54.4,1.374,0.00462,6,0.315,0
trans_y_p15,translation_y,translation_y,1,001012.png,1,0.1537,0.046,-0.0116,0.0391,0.1537,0.0343,0.1077,0.685,0.9559,188.1,416.4,2.214,0.168152,6,0.025,1
trans_y_p15,translation_y,height,0,001013.png,1,0.1951,-0.0756,-0.1951,-0.0378,0.0238,-0.1196,-0.1573,0.744,0.3339,162.7,157.7,0.969,0.054993,9,1.0,1
trans_y_p15,translation_y,translation_y,1,001013.png,1,0.1472,0.0045,0.0099,-0.0131,0.1472,-0.0054,0.1373,0.728,0.9351,69.1,103.8,1.502,0.015372,9,0.076,0
trans_y_p15,translation_y,translation_y,1,001013.png,1,0.1838,0.0412,0.0505,0.0327,0.1838,-0.0093,0.1333,0.658,0.4731,58.3,124.2,2.13,0.01552,9,1.0,0
trans_y_p15,translation_y,height,0,001013.png,1,0.1756,-0.0598,-0.1756,0.1425,0.0515,-0.1158,-0.0331,0.624,0.2573,41.7,69.5,1.667,0.00621,9,1.0,0
trans_y_p15,translation_y,scale,0,001013.png,1,0.3094,-0.3237,-0.2951,0.0466,-0.044,0.0286,-0.277,0.477,0.3432,63.6,153.5,2.414,0.020907,9,1.0,0
trans_y_p15,translation_y,width,0,001100.png,0,0.1324,0.1324,-0.085,-0.0545,-0.0394,0.0475,-0.0779,0.816,0.3675,29.8,57.1,1.918,0.003655,8,0.581,0
trans_y_p15,translation_y,translation_y,1,001100.png,1,0.1161,0.0277,0.0261,0.0194,0.1161,0.0016,0.0885,0.767,0.8259,36.4,91.5,2.516,0.00715,8,0.292,0
trans_y_p15,translation_y,translation_y,1,001100.png,1,0.1375,0.009,-0.0006,-0.0034,0.1375,0.0085,0.1285,0.752,0.92,101.5,173.8,1.712,0.037897,8,0.459,0
trans_y_p15,translation_y,translation_y,1,001100.png,1,0.1546,-0.0043,0.0573,0.036,0.1546,-0.0531,0.0973,0.694,0.5951,43.2,51.7,1.194,0.004795,8,0.072,0
trans_y_p15,translation_y,translation_y,1,001100.png,1,0.1615,0.0519,0.023,-0.0138,0.1615,0.0289,0.1095,0.693,0.3692,92.4,123.5,1.337,0.024498,8,0.046,0
trans_y_p15,translation_y,translation_x,0,001100.png,0,0.1774,-0.0986,0.0007,0.1774,-0.0961,0.0979,0.0788,0.581,0.3194,25.0,29.8,1.193,0.0016,8,0.251,0
trans_y_p15,translation_y,translation_y,1,001143.png,1,0.1238,-0.0059,0.0382,0.0031,0.1238,-0.0323,0.0857,0.779,0.8622,25.5,26.9,1.057,0.001476,4,0.0,0
trans_y_p15,translation_y,translation_y,1,001167.png,1,0.2398,0.0466,0.0834,-0.0603,0.2398,-0.0368,0.1564,0.567,0.8813,31.4,66.3,2.108,0.004473,1,0.0,0
trans_y_p15,translation_y,height,0,001190.png,0,0.1299,-0.0982,0.1299,-0.026,0.0106,-0.0317,-0.1039,0.807,0.8596,65.7,94.7,1.441,0.013372,7,0.339,0
trans_y_p15,translation_y,translation_y,1,001190.png,1,0.1476,-0.0021,-0.0096,0.0015,0.1476,-0.0074,0.138,0.74,0.9413,173.2,458.3,2.646,0.170417,7,0.103,1
trans_y_p15,translation_y,translation_y,1,001190.png,1,0.1932,-0.0028,0.0598,0.0056,0.1932,-0.057,0.1334,0.678,0.8216,50.7,66.4,1.311,0.00722,7,0.574,0
trans_y_p15,translation_y,translation_y,1,001190.png,1,0.1573,0.085,0.0794,-0.049,0.1573,0.0056,0.0724,0.677,0.3952,31.2,37.9,1.218,0.002539,7,0.494,0
trans_y_p15,translation_y,translation_y,1,001190.png,1,0.2147,-0.0087,0.1368,0.0287,0.2147,-0.1281,0.0779,0.634,0.9055,100.2,131.4,1.311,0.028289,7,0.542,0
trans_y_p15,translation_y,height,0,001209.png,0,0.1634,-0.0753,-0.1634,-0.0298,-0.045,-0.0881,-0.1184,0.774,0.3786,74.7,153.9,2.061,0.02467,13,0.892,0
trans_y_p15,translation_y,scale,0,001209.png,0,0.1498,0.1531,0.1465,0.0496,-0.0212,0.0066,-0.1035,0.756,0.5922,49.0,106.8,2.177,0.011241,13,0.81,0
trans_y_p15,translation_y,translation_y,1,001209.png,1,0.164,-0.0087,-0.0158,0.0071,0.164,-0.0071,0.1482,0.708,0.9294,161.4,276.3,1.712,0.09574,13,0.315,0
trans_y_p15,translation_y,translation_y,1,001209.png,1,0.1565,0.0097,0.0477,0.0237,0.1565,-0.038,0.1088,0.705,0.9475,39.0,42.8,1.097,0.003584,13,0.0,0
trans_y_p15,translation_y,translation_x,0,001209.png,0,0.1528,0.0158,-0.0645,-0.1528,-0.0262,-0.0487,0.0883,0.695,0.2967,29.8,70.4,2.362,0.004505,13,0.704,0
trans_y_p15,translation_y,translation_y,1,001209.png,1,0.1569,-0.112,0.0659,0.0851,0.1569,0.0461,0.0449,0.63,0.6785,18.5,30.3,1.643,0.001203,13,0.0,0
trans_y_p15,translation_y,translation_y,1,001276.png,1,0.1628,0.0222,0.0342,-0.0165,0.1628,-0.012,0.1287,0.704,0.9034,79.6,152.9,1.92,0.026149,6,0.156,0
scale_m15,scale,height,0,000029.png,1,0.1398,-0.1009,-0.1398,0.0208,0.0526,-0.0389,-0.0872,0.773,0.5179,29.7,35.8,1.206,0.00228,1,0.0,0
scale_m15,scale,width,0,000060.png,0,0.2762,-0.2762,-0.0649,-0.1114,0.0218,0.2113,-0.1648,0.677,0.283,19.7,49.8,2.527,0.002105,2,0.0,0
scale_m15,scale,width,0,000066.png,1,0.1511,-0.1511,-0.0791,-0.0114,-0.0051,0.072,-0.1397,0.782,0.8335,34.9,38.7,1.109,0.002897,2,0.0,0
scale_m15,scale,scale,1,000066.png,1,0.1672,-0.1634,-0.1711,-0.0357,0.0637,-0.0077,-0.1073,0.694,0.8232,27.4,42.9,1.568,0.002523,2,0.0,0
scale_m15,scale,width,0,000075.png,0,0.1413,-0.1413,-0.0166,0.1143,0.0347,0.1247,-0.027,0.733,0.4814,25.3,49.2,1.942,0.002674,5,0.0,0
scale_m15,scale,height,0,000088.png,1,0.2057,-0.1059,-0.2057,0.0119,0.0108,-0.0998,-0.1938,0.71,0.8502,59.7,187.4,3.139,0.024025,1,0.0,0
scale_m15,scale,height,0,000107.png,1,0.1341,-0.1036,-0.1341,0.0269,0.0416,-0.0306,-0.0925,0.776,0.8693,78.6,102.7,1.306,0.017324,7,0.555,0
scale_m15,scale,scale,1,000107.png,1,0.171,-0.1844,-0.1577,-0.0117,-0.0183,0.0267,-0.1661,0.687,0.8354,55.5,72.7,1.309,0.008661,7,0.0,0
scale_m15,scale,width,0,000136.png,0,0.1698,0.1698,0.04,0.0714,-0.0001,0.1299,-0.0984,0.822,0.7334,57.5,162.3,2.823,0.020033,6,0.296,0
scale_m15,scale,scale,1,000136.png,1,0.1369,-0.1287,-0.145,0.018,-0.0123,-0.0164,-0.1271,0.745,0.8907,39.2,52.7,1.345,0.004433,6,0.052,0
scale_m15,scale,scale,1,000136.png,1,0.1508,-0.1492,-0.1524,-0.0033,-0.0004,-0.0032,-0.1491,0.721,0.9678,164.1,370.3,2.257,0.13049,6,0.0,0
scale_m15,scale,scale,1,000136.png,1,0.1569,-0.1483,-0.1655,0.0446,0.0747,-0.0172,-0.0908,0.711,0.7798,51.1,166.6,3.257,0.018294,6,0.554,0
scale_m15,scale,translation_y,0,000136.png,1,0.1417,-0.118,0.0064,-0.0099,0.1417,0.1116,0.0237,0.674,0.7836,36.9,68.8,1.865,0.005446,6,0.0,0
scale_m15,scale,scale,1,000136.png,1,0.1644,-0.1507,-0.178,0.1025,-0.0467,-0.0274,-0.0755,0.661,0.7895,27.8,35.1,1.264,0.002093,6,0.118,0
scale_m15,scale,width,0,000178.png,1,0.1863,-0.1863,-0.1181,0.0167,0.0021,0.0682,-0.1696,0.718,0.812,48.3,149.1,3.088,0.015449,8,0.0,0
scale_m15,scale,scale,1,000178.png,1,0.2034,-0.22,-0.1869,-0.0063,0.0586,0.0331,-0.1614,0.634,0.6405,32.4,42.7,1.32,0.002968,8,0.385,0
scale_m15,scale,scale,1,000286.png,1,0.148,-0.1463,-0.1497,-0.0174,0.0208,-0.0034,-0.1289,0.726,0.9428,79.6,110.0,1.381,0.018813,11,0.041,0
scale_m15,scale,scale,1,000286.png,1,0.1561,-0.1721,-0.1401,-0.0001,0.022,0.032,-0.1501,0.712,0.8626,57.6,79.3,1.376,0.009811,11,0.52,0
scale_m15,scale,height,0,000332.png,1,0.1273,-0.1066,-0.1273,-0.0264,0.0028,-0.0208,-0.1009,0.78,0.8599,36.5,46.3,1.268,0.003655,1,0.0,0
scale_m15,scale,scale,1,000357.png,1,0.1621,-0.1406,-0.1835,0.0062,-0.007,-0.0429,-0.1765,0.702,0.9401,57.5,88.0,1.531,0.010847,8,0.287,0
scale_m15,scale,scale,1,000386.png,1,0.1387,-0.1404,-0.137,-0.0075,0.0009,0.0034,-0.1329,0.742,0.8982,58.7,86.5,1.473,0.010881,8,0.166,0
scale_m15,scale,scale,1,000386.png,0,0.1555,-0.1289,-0.182,0.0722,-0.0254,-0.0531,-0.1098,0.702,0.3354,82.4,189.6,2.303,0.033474,8,0.928,0
scale_m15,scale,scale,1,000386.png,1,0.1658,-0.1579,-0.1736,-0.0047,0.0136,-0.0157,-0.16,0.696,0.9544,200.2,414.0,2.067,0.177638,8,0.357,0
scale_m15,scale,scale,1,000386.png,1,0.1761,-0.1774,-0.1749,-0.002,-0.0381,0.0025,-0.1393,0.679,0.8625,57.8,96.6,1.673,0.011962,8,0.597,0
scale_m15,scale,scale,1,000421.png,0,0.324,-0.3787,-0.2693,-0.13,-0.052,0.1095,-0.2488,0.454,0.4469,27.3,66.8,2.445,0.00392,7,0.683,0
scale_m15,scale,width,0,000493.png,0,0.1643,-0.1643,-0.0118,0.12,0.0117,0.1525,-0.0443,0.752,0.8197,34.4,42.6,1.238,0.003145,4,0.0,0
scale_m15,scale,scale,1,000493.png,1,0.1428,-0.1331,-0.1524,-0.0219,-0.0012,-0.0193,-0.1305,0.735,0.5733,25.5,35.0,1.372,0.001913,4,0.0,0
scale_m15,scale,height,0,000521.png,1,0.1747,-0.0495,-0.1747,0.0658,0.1324,-0.1252,-0.0423,0.66,0.5935,19.5,26.8,1.371,0.001121,4,0.0,0
scale_m15,scale,height,0,000539.png,0,0.1396,-0.0533,-0.1396,-0.0104,-0.038,-0.0862,-0.1016,0.815,0.8233,30.5,63.2,2.07,0.004145,7,0.278,0
scale_m15,scale,height,0,000539.png,1,0.1332,-0.0587,-0.1332,0.0537,-0.0546,-0.0745,-0.0786,0.778,0.7565,44.0,39.9,0.907,0.003766,7,0.0,0
scale_m15,scale,width,0,000539.png,0,0.2256,0.2256,-0.0399,-0.1268,0.0656,0.1857,-0.0987,0.707,0.7479,23.8,45.0,1.888,0.002302,7,0.346,0
scale_m15,scale,scale,1,000539.png,1,0.3178,-0.3908,-0.2448,0.0748,-0.0205,0.146,-0.316,0.46,0.6364,21.2,47.7,2.253,0.002168,7,0.395,0
scale_m15,scale,width,0,000577.png,0,0.1938,0.1938,-0.1132,-0.1024,0.0588,0.0806,-0.0913,0.746,0.4308,130.9,69.6,0.532,0.019575,5,0.0,1
scale_m15,scale,scale,1,000577.png,1,0.1578,-0.1858,-0.1298,0.0282,-0.0134,0.056,-0.1576,0.709,0.8921,93.4,105.7,1.132,0.021202,5,0.438,0
scale_m15,scale,scale,1,000581.png,1,0.1999,-0.2506,-0.1491,-0.019,-0.0151,0.1015,-0.2316,0.638,0.7119,35.6,40.9,1.147,0.003126,1,0.0,0
scale_m15,scale,width,0,000601.png,0,0.1387,-0.1387,-0.0578,0.0068,0.0038,0.0809,-0.1319,0.811,0.6537,22.8,25.9,1.136,0.001267,2,0.0,0
scale_m15,scale,scale,1,000601.png,1,0.1614,-0.1432,-0.1797,-0.0279,0.0912,-0.0365,-0.0885,0.701,0.736,34.4,66.0,1.919,0.004878,2,0.0,0
scale_m15,scale,height,0,000612.png,0,0.1528,0.0444,0.1528,-0.0866,0.0571,-0.1084,-0.0662,0.738,0.254,27.2,72.2,2.658,0.004215,9,0.671,0
scale_m15,scale,height,0,000612.png,1,0.3608,-0.2148,0.3608,-0.0843,-0.1836,-0.146,-0.1772,0.609,0.3412,36.4,121.5,3.336,0.009507,9,0.423,0
scale_m15,scale,width,0,000616.png,0,0.1483,0.1483,0.0428,-0.0549,0.0122,0.1055,-0.0934,0.835,0.6724,30.2,43.9,1.455,0.002843,3,0.05,0
scale_m15,scale,scale,1,000623.png,1,0.1351,-0.1372,-0.1331,0.0014,0.0206,0.0042,-0.1166,0.748,0.7567,51.0,78.3,1.536,0.008579,7,0.422,0
scale_m15,scale,scale,1,000623.png,1,0.1451,-0.1386,-0.1516,0.0092,0.0139,-0.0131,-0.1377,0.731,0.9289,60.4,82.0,1.358,0.010633,7,0.0,0
scale_m15,scale,width,0,000623.png,0,0.1745,-0.1745,-0.0241,0.0363,-0.07,0.1504,-0.1045,0.723,0.3458,81.7,184.4,2.257,0.032358,7,0.012,0
scale_m15,scale,scale,1,000623.png,1,0.1704,-0.1771,-0.1638,-0.0497,0.0173,0.0134,-0.1274,0.688,0.7128,25.4,38.4,1.51,0.002098,7,0.013,0
scale_m15,scale,width,0,000647.png,1,0.1922,-0.1922,-0.1176,0.0936,0.024,0.0747,-0.0986,0.713,0.6811,22.1,33.1,1.501,0.001568,6,0.0,0
scale_m15,scale,width,0,000657.png,0,0.1335,-0.1335,-0.0373,-0.0163,-0.0605,0.0962,-0.073,0.77,0.3552,15.7,21.1,1.348,0.000709,2,0.0,0
scale_m15,scale,translation_y,0,000657.png,0,0.1368,0.0088,-0.0465,-0.0259,-0.1368,-0.0376,0.0904,0.721,0.5261,17.4,21.1,1.211,0.000788,2,0.0,0
scale_m15,scale,height,0,000664.png,1,0.1393,-0.0744,-0.1393,-0.0778,-0.0118,-0.0649,-0.0616,0.736,0.8075,33.7,49.7,1.476,0.00362,5,0.73,0
scale_m15,scale,scale,1,000664.png,1,0.2056,-0.2299,-0.1813,0.0284,0.0185,0.0487,-0.2015,0.63,0.7865,32.9,34.9,1.06,0.002479,5,0.08,0
scale_m15,scale,height,0,000714.png,1,0.1261,-0.119,-0.1261,-0.0009,-0.0256,-0.0071,-0.1005,0.77,0.8907,69.7,185.3,2.659,0.027722,6,0.293,0
scale_m15,scale,width,0,000725.png,0,0.173,-0.173,-0.0084,-0.0649,0.0029,0.1645,-0.1081,0.82,0.7178,67.4,164.2,2.437,0.023699,7,0.27,0
scale_m15,scale,width,0,000725.png,0,0.2127,0.2127,0.0014,0.1021,-0.0243,0.2113,-0.1106,0.789,0.7433,86.1,138.4,1.608,0.025543,7,0.852,1
scale_m15,scale,height,0,000725.png,1,0.265,-0.0903,-0.265,0.035,0.0637,-0.1747,-0.2013,0.669,0.8326,185.2,130.5,0.705,0.051786,7,0.442,0
scale_m15,scale,width,0,000729.png,1,0.1411,-0.1411,-0.1078,0.0043,-0.0335,0.0333,-0.1076,0.766,0.8823,203.1,183.0,0.901,0.079777,6,0.771,0
scale_m15,scale,width,0,000747.png,0,0.177,-0.177,-0.0386,-0.0779,0.0043,0.1384,-0.0991,0.791,0.4229,28.6,98.4,3.433,0.00605,5,0.0,0
scale_m15,scale,width,0,000747.png,0,0.1481,0.1481,0.0896,-0.0953,0.0145,0.0586,-0.0529,0.769,0.372,30.6,38.5,1.261,0.002527,5,0.345,0
scale_m15,scale,height,0,000747.png,0,0.2514,0.0713,0.2514,0.0237,0.0259,-0.18,-0.2255,0.746,0.6725,18.2,23.0,1.262,0.000897,5,0.0,0
scale_m15,scale,scale,1,000747.png,1,0.1623,-0.1551,-0.1694,-0.0045,0.0679,-0.0143,-0.1015,0.702,0.8177,31.3,51.5,1.647,0.003457,5,0.449,0
scale_m15,scale,scale,1,000747.png,1,0.2401,-0.2495,-0.2307,-0.056,0.1316,0.0188,-0.1179,0.558,0.6663,27.7,30.3,1.094,0.001805,5,0.0,0
scale_m15,scale,width,0,000843.png,0,0.1251,-0.1251,0.0299,0.0239,-0.0637,0.0952,-0.0614,0.779,0.4797,18.8,25.8,1.373,0.001045,9,0.0,0
scale_m15,scale,scale,1,000843.png,1,0.1499,-0.1521,-0.1477,0.0081,-0.0224,0.0044,-0.1297,0.723,0.9357,123.0,195.0,1.586,0.051494,9,0.006,0
scale_m15,scale,scale,1,000843.png,1,0.1548,-0.1746,-0.1349,0.0126,0.0427,0.0397,-0.1319,0.714,0.9216,64.4,98.2,1.525,0.013567,9,0.272,0
scale_m15,scale,scale,1,000843.png,1,0.1627,-0.1702,-0.1552,-0.0119,0.0084,0.0149,-0.1583,0.701,0.943,164.3,203.4,1.238,0.071776,9,0.029,0
scale_m15,scale,width,0,000846.png,0,0.1361,0.1361,0.0026,-0.038,0.0226,0.1336,-0.0981,0.843,0.6837,22.7,58.7,2.582,0.002862,7,0.0,0
scale_m15,scale,translation_y,0,000846.png,0,0.1004,-0.074,-0.0744,-0.0067,-0.1004,-0.0005,0.0259,0.755,0.5192,15.9,26.5,1.66,0.000907,7,0.0,0
scale_m15,scale,height,0,000846.png,0,0.2328,-0.044,-0.2328,0.007,-0.0514,-0.1888,-0.1815,0.733,0.5703,32.5,70.1,2.157,0.00489,7,0.168,0
scale_m15,scale,width,0,000846.png,1,0.3288,0.3288,-0.0925,0.0473,-0.1453,0.2362,-0.1835,0.579,0.558,22.5,56.9,2.524,0.002752,7,0.0,0
scale_m15,scale,height,0,000851.png,1,0.1519,-0.0524,-0.1519,-0.0345,-0.016,-0.0996,-0.1174,0.791,0.7529,28.7,30.6,1.065,0.001889,2,0.0,0
scale_m15,scale,scale,1,000854.png,1,0.1681,-0.1507,-0.1854,0.012,-0.0555,-0.0347,-0.1299,0.692,0.7341,19.3,35.4,1.836,0.001468,2,0.0,0
scale_m15,scale,width,0,000859.png,0,0.2538,0.2538,0.0552,-0.136,-0.0309,0.1986,-0.1178,0.74,0.6945,172.6,106.1,0.615,0.039311,6,0.0,1
scale_m15,scale,scale,1,000859.png,1,0.1424,-0.1227,-0.162,0.0449,-0.001,-0.0393,-0.1171,0.735,0.8109,71.8,91.2,1.27,0.014052,6,0.423,0
scale_m15,scale,width,0,000859.png,0,0.2669,0.2669,0.0911,-0.0987,0.0148,0.1758,-0.1682,0.723,0.6033,21.8,30.6,1.407,0.00143,6,0.304,0
scale_m15,scale,scale,1,000882.png,0,0.1374,-0.1534,-0.1214,0.0337,-0.0584,0.032,-0.0951,0.744,0.6687,26.7,29.5,1.106,0.001689,9,0.104,0
scale_m15,scale,scale,1,000882.png,1,0.1707,-0.1968,-0.1447,0.024,0.0303,0.0521,-0.1665,0.687,0.9542,68.3,143.6,2.102,0.021075,9,0.0,0
scale_m15,scale,height,0,000910.png,1,0.1439,-0.035,-0.1439,0.0346,0.0019,-0.1089,-0.1093,0.8,0.397,26.6,56.4,2.125,0.003219,8,0.725,0
scale_m15,scale,scale,1,000910.png,1,0.1412,-0.1345,-0.1479,-0.0101,0.0258,-0.0134,-0.1221,0.737,0.8397,89.8,121.3,1.351,0.023377,8,0.0,0
scale_m15,scale,scale,1,000910.png,1,0.1627,-0.1451,-0.1803,-0.0107,-0.0138,-0.0352,-0.1666,0.701,0.8699,108.9,116.2,1.067,0.027162,8,0.0,0
scale_m15,scale,height,0,000918.png,0,0.1811,-0.0888,-0.1811,-0.0156,0.0061,-0.0923,-0.1655,0.746,0.313,24.8,54.5,2.198,0.0029,7,0.0,0
scale_m15,scale,scale,1,000918.png,1,0.1732,-0.205,-0.1413,-0.0748,0.0473,0.0638,-0.1302,0.683,0.7536,41.2,56.8,1.377,0.005025,7,0.594,0
scale_m15,scale,width,0,000936.png,1,0.1512,-0.1512,-0.1069,-0.0169,0.0114,0.0443,-0.1343,0.758,0.821,78.5,219.6,2.796,0.037044,12,0.789,0
scale_m15,scale,width,0,000936.png,1,0.1679,-0.1679,-0.1166,-0.0124,-0.0068,0.0513,-0.1555,0.735,0.9093,137.9,253.7,1.84,0.075077,12,0.314,0
scale_m15,scale,height,0,000936.png,0,0.252,-0.0251,0.252,-0.0563,0.2217,-0.227,-0.0304,0.611,0.3914,93.0,152.8,1.643,0.030519,12,0.98,1
scale_m15,scale,scale,1,000936.png,0,0.2317,-0.2473,-0.2161,0.0445,-0.0796,0.0312,-0.1677,0.59,0.3649,38.0,90.9,2.389,0.007423,12,0.618,0
scale_m15,scale,translation_x,0,000936.png,1,0.2691,-0.1247,-0.0995,-0.2691,0.0602,0.0252,0.1444,0.499,0.2667,44.3,104.7,2.361,0.009967,12,0.622,0
scale_m15,scale,scale,1,000970.png,1,0.1476,-0.1247,-0.1704,-0.0049,0.0091,-0.0458,-0.1614,0.726,0.8528,46.4,62.7,1.352,0.00624,6,0.591,0
scale_m15,scale,height,0,000985.png,0,0.138,0.0059,0.138,0.0037,0.0644,-0.1321,-0.0736,0.872,0.344,58.9,128.5,2.182,0.016225,11,0.898,0
scale_m15,scale,scale,1,000985.png,1,0.1421,-0.1573,-0.127,-0.0002,-0.0022,0.0302,-0.155,0.736,0.9115,71.4,104.8,1.468,0.016044,11,0.0,0
scale_m15,scale,scale,1,000985.png,1,0.1605,-0.1378,-0.1832,-0.0443,0.0327,-0.0454,-0.1389,0.704,0.8125,42.1,68.7,1.633,0.006193,11,0.417,0
scale_m15,scale,height,0,000998.png,0,0.1239,-0.0886,0.1239,0.0032,-0.0446,-0.0353,-0.0793,0.819,0.6931,31.7,40.4,1.273,0.002752,8,0.255,0
scale_m15,scale,width,0,000998.png,1,0.1411,-0.1411,-0.1008,0.0026,0.0125,0.0403,-0.1286,0.772,0.8867,72.3,150.9,2.087,0.023435,8,0.107,0
scale_m15,scale,height,0,001013.png,0,0.127,-0.0574,0.127,-0.0287,0.0719,-0.0696,-0.0551,0.829,0.7421,116.2,154.6,1.331,0.038519,9,1.0,1
scale_m15,scale,height,0,001013.png,1,0.1213,-0.0691,-0.1213,0.0301,0.0121,-0.0521,-0.0912,0.818,0.5107,28.2,37.9,1.343,0.002292,9,0.382,0
scale_m15,scale,width,0,001013.png,1,0.1544,-0.1544,-0.107,0.022,0.0683,0.0474,-0.0861,0.733,0.5956,32.7,65.7,2.008,0.004605,9,1.0,0
scale_m15,scale,width,0,001100.png,0,0.1324,0.1324,-0.085,-0.0545,-0.0394,0.0475,-0.0779,0.816,0.3675,29.8,57.1,1.918,0.003655,8,0.547,0
scale_m15,scale,scale,1,001100.png,1,0.1272,-0.1265,-0.1278,0.0194,-0.0378,-0.0013,-0.0901,0.762,0.8259,36.4,91.5,2.516,0.00715,8,0.381,0
scale_m15,scale,scale,1,001100.png,1,0.1692,-0.1561,-0.1823,-0.0064,-0.0157,-0.0263,-0.1667,0.69,0.8266,113.2,100.6,0.888,0.024442,8,0.0,0
scale_m15,scale,translation_x,0,001100.png,0,0.1774,-0.0986,0.0007,0.1774,-0.0961,0.0979,0.0788,0.581,0.3194,25.0,29.8,1.193,0.0016,8,0.351,0
scale_m15,scale,scale,1,001143.png,1,0.1627,-0.162,-0.1633,-0.0071,-0.0247,-0.0013,-0.1386,0.701,0.9242,107.4,211.2,1.966,0.048717,4,0.0,0
scale_m15,scale,scale,1,001158.png,1,0.1291,-0.1232,-0.1351,0.0351,-0.0248,-0.0119,-0.1,0.758,0.836,29.3,31.7,1.08,0.001994,5,0.0,0
scale_m15,scale,scale,1,001158.png,1,0.1591,-0.142,-0.1763,0.0004,0.0123,-0.0342,-0.1639,0.707,0.7646,53.5,74.9,1.4,0.008584,5,0.167,0
scale_m15,scale,height,0,001190.png,0,0.1368,-0.0087,0.1368,0.0287,0.0442,-0.1281,-0.0926,0.834,0.9055,100.2,131.4,1.311,0.028289,7,0.589,0
scale_m15,scale,height,0,001190.png,0,0.1299,-0.0982,0.1299,-0.026,0.0106,-0.0317,-0.1039,0.807,0.8596,65.7,94.7,1.441,0.013372,7,0.46,0
scale_m15,scale,scale,1,001192.png,1,0.1451,-0.1541,-0.136,-0.02,0.0145,0.018,-0.1341,0.731,0.9345,104.2,149.9,1.439,0.033542,3,0.287,0
scale_m15,scale,height,0,001209.png,0,0.1634,-0.0753,-0.1634,-0.0298,-0.045,-0.0881,-0.1184,0.774,0.3786,74.7,153.9,2.061,0.02467,13,0.892,0
scale_m15,scale,translation_x,0,001209.png,0,0.1528,0.0158,-0.0645,-0.1528,-0.0262,-0.0487,0.0883,0.695,0.2967,29.8,70.4,2.362,0.004505,13,0.704,0
scale_p15,scale,scale,1,000019.png,1,0.193,0.1958,0.1901,0.0019,0.0229,0.0057,-0.1729,0.703,0.947,132.3,194.4,1.47,0.055217,2,0.0,0
scale_p15,scale,scale,1,000060.png,1,0.1626,0.1454,0.1799,0.0055,-0.0075,-0.0346,-0.1725,0.74,0.9226,61.4,63.5,1.034,0.008375,2,0.0,0
scale_p15,scale,width,0,000060.png,0,0.2762,-0.2762,-0.0649,-0.1114,0.0218,0.2113,-0.1648,0.677,0.283,19.7,49.8,2.527,0.002105,2,0.0,0
scale_p15,scale,scale,1,000066.png,1,0.1267,0.132,0.1215,-0.0357,0.0637,0.0104,-0.0682,0.784,0.8232,27.4,42.9,1.568,0.002523,2,0.0,0
scale_p15,scale,scale,1,000075.png,1,0.1545,0.1751,0.1338,-0.0126,0.0031,0.0414,-0.1625,0.751,0.9116,55.8,79.3,1.42,0.009504,5,0.349,0
scale_p15,scale,width,0,000075.png,0,0.1413,-0.1413,-0.0166,0.1143,0.0347,0.1247,-0.027,0.733,0.4814,25.3,49.2,1.942,0.002674,5,0.0,0
scale_p15,scale,scale,1,000075.png,1,0.1871,0.2015,0.1727,0.0205,-0.007,0.0288,-0.1809,0.71,0.8478,231.7,152.6,0.659,0.0759,5,0.0,1
scale_p15,scale,width,0,000091.png,1,0.5296,-0.5296,0.0933,0.1926,-0.0931,0.4363,-0.337,0.421,0.29,30.3,72.0,2.379,0.004681,1,0.0,0
scale_p15,scale,height,0,000107.png,1,0.1757,0.0617,0.1757,0.0229,0.0911,-0.114,-0.0846,0.797,0.7325,48.0,66.9,1.393,0.006901,7,0.725,0
scale_p15,scale,scale,1,000107.png,1,0.1649,0.1553,0.1745,0.0093,0.0289,-0.0192,-0.1456,0.737,0.9311,132.6,200.4,1.511,0.057037,7,0.545,0
scale_p15,scale,scale,1,000107.png,1,0.1965,0.2014,0.1917,0.0563,0.0816,0.0097,-0.1198,0.699,0.5647,34.0,40.3,1.184,0.002943,7,0.592,0
scale_p15,scale,width,0,000136.png,0,0.1698,0.1698,0.04,0.0714,-0.0001,0.1299,-0.0984,0.822,0.7334,57.5,162.3,2.823,0.020033,6,0.403,0
scale_p15,scale,translation_x,0,000136.png,0,0.1025,-0.0008,-0.033,0.1025,-0.0467,-0.0322,0.0695,0.746,0.7895,27.8,35.1,1.264,0.002093,6,0.421,0
scale_p15,scale,scale,1,000136.png,1,0.1678,0.1788,0.1567,0.018,-0.0123,0.0221,-0.1609,0.733,0.8907,39.2,52.7,1.345,0.004433,6,0.141,0
scale_p15,scale,scale,1,000136.png,1,0.2775,0.1933,0.3616,-0.0099,0.1417,-0.1684,-0.2199,0.615,0.7836,36.9,68.8,1.865,0.005446,6,0.087,0
scale_p15,scale,scale,1,000194.png,1,0.1674,0.1539,0.1808,0.0221,0.04,-0.0268,-0.1408,0.734,0.8732,28.7,37.0,1.29,0.002279,2,0.0,0
scale_p15,scale,scale,1,000286.png,1,0.1657,0.1631,0.1682,-0.0093,-0.0099,-0.0051,-0.1583,0.736,0.8689,179.2,282.1,1.575,0.108536,11,0.52,1
scale_p15,scale,scale,1,000286.png,1,0.2118,0.211,0.2126,0.0508,0.0531,-0.0016,-0.1594,0.681,0.7037,28.3,83.6,2.961,0.005074,11,0.0,0
scale_p15,scale,scale,1,000295.png,1,0.1432,0.1269,0.1596,-0.0064,-0.0267,-0.0327,-0.1329,0.765,0.9016,95.4,134.6,1.411,0.027569,2,0.0,0
scale_p15,scale,scale,1,000332.png,1,0.1947,0.2088,0.1807,-0.0264,0.0028,0.0281,-0.1824,0.701,0.8599,36.5,46.3,1.268,0.003655,1,0.0,0
scale_p15,scale,translation_x,0,000357.png,0,0.1061,0.0784,0.0416,-0.1061,-0.0603,0.0368,0.0277,0.73,0.5936,39.9,56.8,1.424,0.004859,8,0.661,0
scale_p15,scale,width,0,000386.png,1,0.1692,0.1692,0.1138,0.0486,0.0307,0.0553,-0.1206,0.768,0.8681,34.5,47.0,1.362,0.003471,8,0.368,0
scale_p15,scale,scale,1,000386.png,1,0.1652,0.1629,0.1675,-0.0075,0.0009,-0.0046,-0.16,0.736,0.8982,58.7,86.5,1.473,0.010881,8,0.236,0
scale_p15,scale,scale,1,000386.png,1,0.1714,0.1243,0.2185,0.021,-0.0117,-0.0942,-0.1975,0.73,0.8383,38.4,45.6,1.189,0.003753,8,0.0,0
scale_p15,scale,scale,1,000386.png,0,0.1555,-0.1289,-0.182,0.0722,-0.0254,-0.0531,-0.1098,0.702,0.3354,82.4,189.6,2.303,0.033474,8,1.0,0
scale_p15,scale,scale,1,000386.png,1,0.2521,0.2629,0.2413,0.0531,0.0191,0.0216,-0.2099,0.638,0.7752,34.8,58.7,1.686,0.00438,8,0.507,0
scale_p15,scale,scale,1,000421.png,0,0.324,-0.3787,-0.2693,-0.13,-0.052,0.1095,-0.2488,0.454,0.4469,27.3,66.8,2.445,0.00392,7,0.683,0
scale_p15,scale,width,0,000460.png,1,0.1563,0.1563,0.0957,0.0142,0.0184,0.0606,-0.1379,0.789,0.8993,105.4,319.8,3.033,0.074461,1,0.0,0
scale_p15,scale,height,0,000462.png,1,0.1513,0.1109,0.1513,0.0135,-0.004,-0.0404,-0.1378,0.782,0.9278,210.2,284.5,1.354,0.128416,7,0.175,1
scale_p15,scale,scale,1,000462.png,1,0.1452,0.1647,0.1258,0.0053,-0.0098,0.0389,-0.1549,0.763,0.8345,99.8,206.8,2.072,0.044304,7,0.523,0
scale_p15,scale,scale,1,000493.png,1,0.1407,0.1465,0.135,0.0061,0.0013,0.0115,-0.1404,0.768,0.8452,192.2,292.2,1.521,0.120576,4,0.0,1
scale_p15,scale,height,0,000493.png,1,0.1364,-0.039,0.1364,0.12,0.0117,-0.0974,-0.0164,0.699,0.8197,34.4,42.6,1.238,0.003145,4,0.0,0
scale_p15,scale,width,0,000521.png,1,0.1397,0.1397,0.118,-0.0003,0.0332,0.0217,-0.1065,0.785,0.8935,61.4,132.9,2.166,0.017505,4,0.261,0
scale_p15,scale,scale,1,000521.png,1,0.1922,0.169,0.2154,-0.0367,0.0282,-0.0464,-0.1787,0.704,0.7181,42.6,78.8,1.848,0.007214,4,0.568,0
scale_p15,scale,translation_y,0,000521.png,0,0.1324,0.1183,-0.0291,0.0658,0.1324,0.0892,0.0141,0.684,0.5935,19.5,26.8,1.371,0.001121,4,0.0,0
scale_p15,scale,width,0,000536.png,1,0.1266,0.1266,0.0821,-0.0169,0.0208,0.0445,-0.1058,0.82,0.6539,21.3,33.6,1.578,0.001538,2,0.0,0
scale_p15,scale,height,0,000537.png,1,0.2016,0.0857,0.2016,0.0527,-0.0232,-0.1159,-0.1488,0.753,0.5992,21.4,36.5,1.704,0.001679,2,0.094,0
scale_p15,scale,scale,1,000537.png,1,0.183,0.1376,0.2285,-0.0012,0.0465,-0.0909,-0.1819,0.716,0.811,24.3,48.0,1.972,0.002506,2,0.059,0
scale_p15,scale,width,0,000539.png,1,0.1758,-0.1758,0.0218,0.0748,-0.0205,0.154,-0.101,0.796,0.6364,21.2,47.7,2.253,0.002168,7,0.41,0
scale_p15,scale,width,0,000539.png,0,0.2256,0.2256,-0.0399,-0.1268,0.0656,0.1857,-0.0987,0.707,0.7479,23.8,45.0,1.888,0.002302,7,0.428,0
scale_p15,scale,width,0,000556.png,1,0.2054,0.2054,0.0385,0.0217,-0.0232,0.1668,-0.1821,0.793,0.7901,29.3,40.6,1.387,0.002548,2,0.0,0
scale_p15,scale,scale,1,000577.png,1,0.1388,0.1226,0.155,-0.0115,-0.0159,-0.0324,-0.1391,0.771,0.9033,123.6,173.1,1.4,0.045926,5,0.242,0
scale_p15,scale,height,0,000577.png,1,0.1774,0.1016,0.1774,0.0282,-0.0134,-0.0758,-0.1492,0.771,0.8921,93.4,105.7,1.132,0.021202,5,0.525,0
scale_p15,scale,width,0,000577.png,0,0.1938,0.1938,-0.1132,-0.1024,0.0588,0.0806,-0.0913,0.746,0.4308,130.9,69.6,0.532,0.019575,5,0.0,1
scale_p15,scale,scale,1,000577.png,1,0.1867,0.2038,0.1696,0.0313,0.0293,0.0342,-0.1725,0.71,0.8528,30.6,46.1,1.506,0.003024,5,0.0,0
scale_p15,scale,height,0,000581.png,1,0.1512,0.0138,0.1512,-0.019,-0.0151,-0.1373,-0.1321,0.838,0.7119,35.6,40.9,1.147,0.003126,1,0.0,0
scale_p15,scale,height,0,000612.png,0,0.1528,0.0444,0.1528,-0.0866,0.0571,-0.1084,-0.0662,0.738,0.254,27.2,72.2,2.658,0.004215,9,0.671,0
scale_p15,scale,height,0,000612.png,1,0.4562,-0.0293,0.4562,0.0496,-0.1841,-0.4268,-0.272,0.633,0.2632,46.1,133.0,2.888,0.013155,9,0.374,0
scale_p15,scale,width,0,000616.png,0,0.1483,0.1483,0.0428,-0.0549,0.0122,0.1055,-0.0934,0.835,0.6724,30.2,43.9,1.455,0.002843,3,0.05,0
scale_p15,scale,scale,1,000616.png,1,0.1498,0.1556,0.144,-0.0021,-0.0233,0.0116,-0.1322,0.756,0.9233,117.0,150.6,1.287,0.037845,3,0.028,0
scale_p15,scale,height,0,000623.png,1,0.1223,-0.0506,0.1223,0.0363,-0.07,-0.0717,-0.0523,0.819,0.3458,81.7,184.4,2.257,0.032358,7,0.058,0
scale_p15,scale,scale,1,000623.png,1,0.1875,0.1824,0.1925,0.0129,-0.0205,-0.0101,-0.1721,0.709,0.8222,151.9,147.1,0.968,0.047978,7,0.0,1
scale_p15,scale,scale,1,000630.png,1,0.1811,0.1858,0.1764,0.0154,-0.0053,0.0094,-0.1704,0.717,0.8081,31.0,31.9,1.03,0.00212,1,0.0,0
scale_p15,scale,translation_y,0,000657.png,0,0.1368,0.0088,-0.0465,-0.0259,-0.1368,-0.0376,0.0904,0.721,0.5261,17.4,21.1,1.211,0.000788,2,0.0,0
scale_p15,scale,scale,1,000664.png,1,0.3145,0.4028,0.2262,0.0964,-0.0158,0.1766,-0.3064,0.581,0.5068,37.1,38.7,1.042,0.003103,5,0.547,0
scale_p15,scale,width,0,000683.png,1,0.1363,0.1363,0.0742,0.029,0.0432,0.0621,-0.0931,0.81,0.3519,16.8,20.6,1.226,0.000743,4,0.0,0
scale_p15,scale,scale,1,000714.png,1,0.1596,0.1642,0.155,-0.0082,-0.0322,0.0092,-0.132,0.744,0.8779,57.8,76.4,1.321,0.009487,6,0.0,0
scale_p15,scale,scale,1,000714.png,1,0.1745,0.1447,0.2043,-0.0044,-0.0056,-0.0596,-0.1987,0.725,0.9332,99.0,181.7,1.836,0.038615,6,0.233,0
scale_p15,scale,width,0,000725.png,0,0.173,-0.173,-0.0084,-0.0649,0.0029,0.1645,-0.1081,0.82,0.7178,67.4,164.2,2.437,0.023699,7,0.401,0
scale_p15,scale,width,0,000725.png,0,0.2127,0.2127,0.0014,0.1021,-0.0243,0.2113,-0.1106,0.789,0.7433,86.1,138.4,1.608,0.025543,7,0.978,1
scale_p15,scale,scale,1,000725.png,1,0.1415,0.1387,0.1443,0.0118,0.0125,-0.0056,-0.1318,0.767,0.9114,107.0,235.2,2.199,0.053912,7,0.438,0
scale_p15,scale,width,0,000725.png,1,0.2308,0.2308,-0.0056,0.035,0.0637,0.2252,-0.1671,0.723,0.8326,185.2,130.5,0.705,0.051786,7,0.486,1
scale_p15,scale,scale,1,000729.png,1,0.1846,0.162,0.2071,0.0043,-0.0335,-0.0451,-0.1736,0.713,0.8823,203.1,183.0,0.901,0.079777,6,0.532,1
scale_p15,scale,scale,1,000747.png,1,0.1334,0.143,0.1238,-0.0045,0.0679,0.0193,-0.0751,0.77,0.8177,31.3,51.5,1.647,0.003457,5,0.398,0
scale_p15,scale,width,0,000747.png,0,0.1481,0.1481,0.0896,-0.0953,0.0145,0.0586,-0.0529,0.769,0.372,30.6,38.5,1.261,0.002527,5,0.56,0
scale_p15,scale,height,0,000747.png,0,0.2514,0.0713,0.2514,0.0237,0.0259,-0.18,-0.2255,0.746,0.6725,18.2,23.0,1.262,0.000897,5,0.0,0
scale_p15,scale,translation_y,0,000747.png,0,0.1316,-0.117,-0.0949,-0.056,0.1316,0.0221,0.0146,0.675,0.6663,27.7,30.3,1.094,0.001805,5,0.0,0
scale_p15,scale,width,0,000829.png,1,0.1477,0.1477,0.104,0.0073,0.0312,0.0437,-0.1165,0.789,0.9332,63.1,85.3,1.353,0.011555,2,0.178,0
scale_p15,scale,height,0,000843.png,1,0.1844,0.0062,0.1844,0.0239,-0.0637,-0.1782,-0.1207,0.808,0.4797,18.8,25.8,1.373,0.001045,9,0.0,0
scale_p15,scale,height,0,000843.png,1,0.1704,0.1167,0.1704,0.0126,0.0427,-0.0537,-0.1277,0.765,0.9216,64.4,98.2,1.525,0.013567,9,0.244,0
scale_p15,scale,width,0,000846.png,0,0.1361,0.1361,0.0026,-0.038,0.0226,0.1336,-0.0981,0.843,0.6837,22.7,58.7,2.582,0.002862,7,0.0,0
scale_p15,scale,translation_y,0,000846.png,0,0.1004,-0.074,-0.0744,-0.0067,-0.1004,-0.0005,0.0259,0.755,0.5192,15.9,26.5,1.66,0.000907,7,0.0,0
scale_p15,scale,height,0,000846.png,0,0.2328,-0.044,-0.2328,0.007,-0.0514,-0.1888,-0.1815,0.733,0.5703,32.5,70.1,2.157,0.00489,7,0.168,0
scale_p15,scale,width,0,000846.png,0,0.5633,0.5633,0.0676,0.0473,-0.1453,0.4957,-0.418,0.499,0.558,22.5,56.9,2.524,0.002752,7,0.0,0
scale_p15,scale,scale,1,000851.png,1,0.2147,0.2821,0.1474,-0.0345,-0.016,0.1348,-0.2476,0.68,0.7529,28.7,30.6,1.065,0.001889,2,0.0,0
scale_p15,scale,scale,1,000854.png,1,0.1855,0.1996,0.1714,-0.0079,0.0144,0.0282,-0.1852,0.712,0.9398,39.8,80.9,2.034,0.006916,2,0.0,0
scale_p15,scale,width,0,000859.png,0,0.2669,0.2669,0.0911,-0.0987,0.0148,0.1758,-0.1682,0.723,0.6033,21.8,30.6,1.407,0.00143,6,0.304,0
scale_p15,scale,scale,1,000859.png,1,0.185,0.1821,0.1879,-0.0052,0.0108,-0.0058,-0.1771,0.712,0.9184,116.8,165.8,1.419,0.041597,6,0.14,0
scale_p15,scale,scale,1,000859.png,1,0.3277,0.4419,0.2134,-0.136,-0.0309,0.2284,-0.3058,0.572,0.6945,172.6,106.1,0.615,0.039311,6,0.0,1
scale_p15,scale,scale,1,000882.png,1,0.1406,0.1543,0.1268,-0.0047,0.0051,0.0275,-0.1492,0.769,0.9336,195.2,348.8,1.787,0.146193,9,0.229,1
scale_p15,scale,height,0,000882.png,1,0.1968,0.1167,0.1968,-0.0049,0.0054,-0.0801,-0.1914,0.748,0.9392,158.1,218.8,1.384,0.074309,9,0.438,0
scale_p15,scale,scale,1,000882.png,0,0.1374,-0.1534,-0.1214,0.0337,-0.0584,0.032,-0.0951,0.744,0.6687,26.7,29.5,1.106,0.001689,9,0.104,0
scale_p15,scale,scale,1,000893.png,1,0.2129,0.2009,0.2248,0.0078,-0.0131,-0.0239,-0.2117,0.68,0.899,52.1,127.3,2.444,0.01424,1,0.0,0
scale_p15,scale,width,0,000910.png,0,0.1353,0.1353,0.0072,0.0346,0.0019,0.1281,-0.1007,0.875,0.397,26.6,56.4,2.125,0.003219,8,0.643,0
scale_p15,scale,height,0,000918.png,1,0.1618,0.0755,0.1618,-0.0748,0.0473,-0.0863,-0.0869,0.748,0.7536,41.2,56.8,1.377,0.005025,7,0.57,0
scale_p15,scale,scale,1,000918.png,1,0.1896,0.2069,0.1723,-0.0385,-0.0698,0.0346,-0.1371,0.707,0.2541,46.7,43.5,0.932,0.004365,7,0.674,0
scale_p15,scale,width,0,000930.png,1,0.2306,0.2306,0.094,-0.0142,0.0008,0.1366,-0.2164,0.743,0.9158,83.6,113.3,1.356,0.020334,3,0.344,0
scale_p15,scale,height,0,000936.png,1,0.1219,0.1085,0.1219,0.0145,0.012,-0.0134,-0.1074,0.804,0.897,221.3,280.6,1.268,0.133307,12,0.246,1
scale_p15,scale,width,0,000936.png,1,0.1344,-0.1344,-0.0985,0.0445,-0.0796,0.0359,-0.0548,0.735,0.3649,38.0,90.9,2.389,0.007423,12,0.916,0
scale_p15,scale,scale,1,000936.png,1,0.1783,0.1484,0.2083,-0.0169,0.0114,-0.0599,-0.1914,0.721,0.821,78.5,219.6,2.796,0.037044,12,0.794,0
scale_p15,scale,translation_y,0,000936.png,1,0.139,0.016,-0.1205,0.0275,-0.139,-0.1044,0.0186,0.708,0.272,61.4,122.0,1.986,0.016092,12,0.789,0
scale_p15,scale,height,0,000936.png,0,0.252,-0.0251,0.252,-0.0563,0.2217,-0.227,-0.0304,0.611,0.3914,93.0,152.8,1.643,0.030519,12,0.98,1
scale_p15,scale,height,0,000970.png,1,0.1576,0.0818,0.1576,0.0156,0.0107,-0.0759,-0.142,0.799,0.8386,32.5,41.0,1.262,0.00286,6,0.0,0
scale_p15,scale,width,0,000970.png,1,0.2069,0.2069,0.1094,-0.0151,-0.0127,0.0975,-0.1918,0.747,0.8941,79.5,122.6,1.541,0.020937,6,0.163,0
scale_p15,scale,width,0,000985.png,1,0.1601,0.1601,0.0944,0.003,-0.0562,0.0656,-0.1038,0.775,0.872,35.4,44.4,1.256,0.003366,11,0.0,0
scale_p15,scale,scale,1,000985.png,1,0.1475,0.1457,0.1493,-0.0053,-0.0034,-0.0037,-0.1441,0.759,0.9135,72.0,100.0,1.388,0.015438,11,0.208,0
scale_p15,scale,scale,1,000985.png,1,0.2327,0.1568,0.3087,0.0037,0.0644,-0.1519,-0.2443,0.661,0.344,58.9,128.5,2.182,0.016225,11,0.846,0
scale_p15,scale,height,0,000998.png,0,0.1239,-0.0886,0.1239,0.0032,-0.0446,-0.0353,-0.0793,0.819,0.6931,31.7,40.4,1.273,0.002752,8,0.442,0
scale_p15,scale,height,0,000998.png,1,0.1453,0.0761,0.1453,-0.0386,0.0139,-0.0692,-0.1067,0.811,0.8246,63.7,78.7,1.236,0.010773,8,0.544,0
scale_p15,scale,scale,1,000998.png,1,0.2196,0.2432,0.1961,-0.0212,0.009,0.0472,-0.2221,0.673,0.808,57.1,97.3,1.703,0.011932,8,0.326,0
scale_p15,scale,scale,1,001012.png,1,0.1697,0.2029,0.1366,0.0391,0.0054,0.0662,-0.1637,0.731,0.9559,188.1,416.4,2.214,0.168152,6,0.061,1
scale_p15,scale,scale,1,001012.png,1,0.1985,0.1703,0.2267,-0.0359,-0.0143,-0.0564,-0.1908,0.697,0.8123,39.6,54.4,1.374,0.00462,6,0.321,0
scale_p15,scale,scale,1,001013.png,1,0.1611,0.1646,0.1575,-0.0207,-0.0071,0.0071,-0.1439,0.742,0.8936,67.9,74.1,1.091,0.01078,9,0.0,0
scale_p15,scale,scale,1,001013.png,1,0.2027,0.1974,0.2081,0.0327,0.0262,-0.0107,-0.1754,0.691,0.4731,58.3,124.2,2.13,0.01552,9,1.0,0
scale_p15,scale,scale,1,001013.png,0,0.3094,-0.3237,-0.2951,0.0466,-0.1498,0.0286,-0.1739,0.475,0.3432,63.6,153.5,2.414,0.020907,9,1.0,0
scale_p15,scale,scale,1,001044.png,1,0.1553,0.1429,0.1677,-0.0133,-0.0003,-0.0248,-0.1545,0.749,0.82,32.7,58.1,1.777,0.004077,7,0.0,0
scale_p15,scale,width,0,001100.png,0,0.1324,0.1324,-0.085,-0.0545,-0.0394,0.0475,-0.0779,0.816,0.3675,29.8,57.1,1.918,0.003655,8,0.792,0
scale_p15,scale,scale,1,001100.png,1,0.1494,0.129,0.1697,-0.0091,-0.0066,-0.0407,-0.1606,0.757,0.9273,159.6,280.7,1.758,0.096218,8,0.218,1
scale_p15,scale,scale,1,001100.png,1,0.1549,0.1604,0.1493,-0.0034,-0.0124,0.0111,-0.148,0.75,0.92,101.5,173.8,1.712,0.037897,8,0.548,0
scale_p15,scale,scale,1,001100.png,1,0.1809,0.1818,0.18,0.0194,-0.0378,0.0018,-0.144,0.717,0.8259,36.4,91.5,2.516,0.00715,8,0.301,0
scale_p15,scale,scale,1,001100.png,1,0.1931,0.2097,0.1765,-0.0138,0.008,0.0332,-0.1959,0.703,0.3692,92.4,123.5,1.337,0.024498,8,0.189,0
scale_p15,scale,translation_x,0,001100.png,0,0.1774,-0.0986,0.0007,0.1774,-0.0961,0.0979,0.0788,0.581,0.3194,25.0,29.8,1.193,0.0016,8,0.351,0
scale_p15,scale,height,0,001143.png,1,0.1528,0.1045,0.1528,0.0387,-0.0134,-0.0482,-0.1141,0.785,0.8845,33.1,59.0,1.783,0.004195,4,0.0,0
scale_p15,scale,width,0,001158.png,1,0.1608,0.1608,0.1145,0.0004,0.0123,0.0463,-0.1485,0.773,0.7646,53.5,74.9,1.4,0.008584,5,0.188,0
scale_p15,scale,scale,1,001158.png,1,0.1782,0.1863,0.1702,0.0351,-0.0248,0.016,-0.1512,0.72,0.836,29.3,31.7,1.08,0.001994,5,0.0,0
scale_p15,scale,height,0,001190.png,0,0.1299,-0.0982,0.1299,-0.026,0.0106,-0.0317,-0.1039,0.807,0.8596,65.7,94.7,1.441,0.013372,7,0.633,0
scale_p15,scale,scale,1,001190.png,1,0.1526,0.1386,0.1666,0.0151,0.0254,-0.028,-0.1413,0.753,0.8691,66.1,81.9,1.239,0.011611,7,0.0,0
scale_p15,scale,scale,1,001190.png,1,0.2237,0.14,0.3073,0.0287,0.0442,-0.1674,-0.2631,0.671,0.9055,100.2,131.4,1.311,0.028289,7,0.539,0
scale_p15,scale,scale,1,001209.png,0,0.1498,0.1531,0.1465,0.0496,-0.0212,0.0066,-0.1035,0.756,0.5922,49.0,106.8,2.177,0.011241,13,0.955,0
scale_p15,scale,scale,1,001209.png,1,0.183,0.1612,0.2049,0.0237,-0.0006,-0.0437,-0.1812,0.715,0.9475,39.0,42.8,1.097,0.003584,13,0.018,0
scale_p15,scale,height,0,001209.png,1,0.2258,0.0212,0.2258,0.0851,-0.003,-0.2045,-0.1406,0.698,0.6785,18.5,30.3,1.643,0.001203,13,0.063,0
scale_p15,scale,translation_x,0,001209.png,0,0.1528,0.0158,-0.0645,-0.1528,-0.0262,-0.0487,0.0883,0.695,0.2967,29.8,70.4,2.362,0.004505,13,0.704,0
scale_m30,scale,width,0,000060.png,0,0.2762,-0.2762,-0.0649,-0.1114,0.0218,0.2113,-0.1648,0.677,0.283,19.7,49.8,2.527,0.002105,2,0.0,0
scale_m30,scale,scale,1,000066.png,1,0.2712,-0.3009,-0.2416,-0.0114,-0.0051,0.0593,-0.2895,0.53,0.8335,34.9,38.7,1.109,0.002897,2,0.0,0
scale_m30,scale,width,0,000075.png,0,0.1413,-0.1413,-0.0166,0.1143,0.0347,0.1247,-0.027,0.733,0.4814,25.3,49.2,1.942,0.002674,5,0.0,0
scale_m30,scale,scale,1,000075.png,1,0.3038,-0.2898,-0.3177,0.0049,-0.0285,-0.0279,-0.2892,0.485,0.9093,79.1,118.0,1.493,0.020031,5,0.117,0
scale_m30,scale,scale,1,000107.png,1,0.2717,-0.2687,-0.2746,0.0563,0.0816,-0.0059,-0.193,0.53,0.5647,34.0,40.3,1.184,0.002943,7,0.494,0
scale_m30,scale,width,0,000136.png,0,0.1698,0.1698,0.04,0.0714,-0.0001,0.1299,-0.0984,0.822,0.7334,57.5,162.3,2.823,0.020033,6,0.205,0
scale_m30,scale,translation_x,0,000136.png,0,0.1025,-0.0008,-0.033,0.1025,-0.0467,-0.0322,0.0695,0.746,0.7895,27.8,35.1,1.264,0.002093,6,0.052,0
scale_m30,scale,scale,1,000136.png,1,0.2224,-0.2737,-0.1712,-0.0099,0.1417,0.1025,-0.1319,0.539,0.7836,36.9,68.8,1.865,0.005446,6,0.0,0
scale_m30,scale,scale,1,000136.png,1,0.2892,-0.2824,-0.2959,0.018,-0.0123,-0.0135,-0.278,0.505,0.8907,39.2,52.7,1.345,0.004433,6,0.047,0
scale_m30,scale,scale,1,000136.png,1,0.3006,-0.2993,-0.302,-0.0033,-0.0004,-0.0026,-0.2987,0.489,0.9678,164.1,370.3,2.257,0.13049,6,0.0,0
scale_m30,scale,scale,1,000136.png,1,0.3057,-0.2986,-0.3128,0.0446,0.0747,-0.0142,-0.2381,0.482,0.7798,51.1,166.6,3.257,0.018294,6,0.566,0
scale_m30,scale,scale,1,000178.png,1,0.3016,-0.2997,-0.3035,-0.0019,0.0017,-0.0038,-0.3016,0.488,0.9442,183.9,352.7,1.917,0.139285,8,0.351,0
scale_m30,scale,scale,1,000178.png,1,0.3028,-0.2938,-0.3117,0.014,-0.0228,-0.0179,-0.2889,0.486,0.7215,52.7,160.6,3.048,0.018158,8,0.0,0
scale_m30,scale,scale,1,000286.png,1,0.2414,-0.2771,-0.2056,0.0748,0.0708,0.0715,-0.2023,0.574,0.4303,42.2,54.9,1.3,0.004975,11,0.958,0
scale_m30,scale,scale,1,000286.png,1,0.2896,-0.3233,-0.2559,-0.0192,0.0193,0.0673,-0.3039,0.504,0.7852,22.0,25.4,1.156,0.001201,11,0.0,0
scale_m30,scale,scale,1,000286.png,1,0.2905,-0.292,-0.2889,-0.0093,-0.0099,0.0031,-0.2821,0.503,0.8689,179.2,282.1,1.575,0.108536,11,0.593,0
scale_m30,scale,scale,1,000286.png,1,0.3225,-0.3632,-0.2819,0.0422,0.0489,0.0813,-0.3143,0.457,0.6718,31.1,40.2,1.293,0.002681,11,0.27,0
scale_m30,scale,translation_x,0,000357.png,0,0.1061,0.0784,0.0416,-0.1061,-0.0603,0.0368,0.0277,0.73,0.5936,39.9,56.8,1.424,0.004859,8,0.661,0
scale_m30,scale,scale,1,000357.png,1,0.2939,-0.2998,-0.288,-0.0384,-0.0484,0.0118,-0.2514,0.499,0.8663,34.3,38.3,1.116,0.00282,8,0.0,0
scale_m30,scale,scale,1,000357.png,1,0.2989,-0.302,-0.2958,-0.0172,-0.0094,0.0063,-0.2849,0.492,0.8381,40.3,71.8,1.782,0.006202,8,0.827,0
scale_m30,scale,scale,1,000357.png,1,0.3179,-0.2978,-0.338,0.0,-0.0451,-0.0402,-0.2929,0.465,0.8821,137.9,106.6,0.773,0.031517,8,0.244,0
scale_m30,scale,scale,1,000386.png,0,0.1555,-0.1289,-0.182,0.0722,-0.0254,-0.0531,-0.1098,0.702,0.3354,82.4,189.6,2.303,0.033474,8,0.928,0
scale_m30,scale,scale,1,000386.png,1,0.287,-0.3156,-0.2583,0.021,-0.0117,0.0573,-0.2946,0.508,0.8383,38.4,45.6,1.189,0.003753,8,0.0,0
scale_m30,scale,scale,1,000386.png,1,0.313,-0.3065,-0.3194,-0.0047,0.0136,-0.0129,-0.3058,0.472,0.9544,200.2,414.0,2.067,0.177638,8,0.381,0
scale_m30,scale,scale,1,000386.png,1,0.3215,-0.3226,-0.3205,-0.002,-0.0381,0.0021,-0.2845,0.46,0.8625,57.8,96.6,1.673,0.011962,8,0.17,0
scale_m30,scale,scale,1,000421.png,1,0.3138,-0.3419,-0.2856,-0.0158,0.0565,0.0563,-0.2854,0.47,0.6508,19.8,41.9,2.121,0.001777,7,0.0,0
scale_m30,scale,scale,1,000462.png,1,0.2821,-0.2684,-0.2957,-0.022,-0.0055,-0.0272,-0.2737,0.515,0.8454,71.8,140.6,1.958,0.021678,7,0.087,0
scale_m30,scale,scale,1,000462.png,1,0.3027,-0.3,-0.3054,-0.0,0.0036,-0.0054,-0.3018,0.486,0.9322,99.5,179.3,1.802,0.038295,7,0.052,0
scale_m30,scale,scale,1,000462.png,1,0.3029,-0.2911,-0.3148,0.0053,-0.0098,-0.0237,-0.305,0.486,0.8345,99.8,206.8,2.072,0.044304,7,0.7,0
scale_m30,scale,scale,1,000493.png,1,0.2941,-0.2861,-0.302,-0.0219,-0.0012,-0.0159,-0.2801,0.498,0.5733,25.5,35.0,1.372,0.001913,4,0.0,0
scale_m30,scale,scale,1,000493.png,1,0.3616,-0.415,-0.3083,0.12,0.0117,0.1067,-0.295,0.405,0.8197,34.4,42.6,1.238,0.003145,4,0.0,0
scale_m30,scale,translation_y,0,000521.png,0,0.1324,0.1183,-0.0291,0.0658,0.1324,0.0892,0.0141,0.684,0.5935,19.5,26.8,1.371,0.001121,4,0.0,0
scale_m30,scale,scale,1,000521.png,1,0.2743,-0.2885,-0.2602,-0.0367,0.0282,0.0283,-0.2518,0.526,0.7181,42.6,78.8,1.848,0.007214,4,0.565,0
scale_m30,scale,scale,1,000537.png,1,0.2799,-0.3076,-0.2522,-0.0012,0.0465,0.0553,-0.2611,0.518,0.811,24.3,48.0,1.972,0.002506,2,0.0,0
scale_m30,scale,width,0,000539.png,0,0.2256,0.2256,-0.0399,-0.1268,0.0656,0.1857,-0.0987,0.707,0.7479,23.8,45.0,1.888,0.002302,7,0.149,0
scale_m30,scale,width,0,000539.png,0,0.2833,-0.2833,-0.1115,0.0748,-0.0205,0.1718,-0.2085,0.637,0.6364,21.2,47.7,2.253,0.002168,7,0.411,0
scale_m30,scale,scale,1,000539.png,1,0.3122,-0.2956,-0.3288,0.0135,0.0147,-0.0332,-0.3141,0.473,0.8726,40.2,105.9,2.634,0.009142,7,0.0,0
scale_m30,scale,width,0,000577.png,0,0.1938,0.1938,-0.1132,-0.1024,0.0588,0.0806,-0.0913,0.746,0.4308,130.9,69.6,0.532,0.019575,5,0.0,1
scale_m30,scale,scale,1,000577.png,1,0.2736,-0.2662,-0.281,-0.053,0.0105,-0.0148,-0.228,0.528,0.8436,63.1,69.5,1.101,0.009411,5,0.48,0
scale_m30,scale,scale,1,000577.png,1,0.2777,-0.2672,-0.2881,0.0313,0.0293,-0.0208,-0.2568,0.522,0.8528,30.6,46.1,1.506,0.003024,5,0.0,0
scale_m30,scale,scale,1,000577.png,1,0.3068,-0.3167,-0.2969,-0.0115,-0.0159,0.0197,-0.3008,0.48,0.9033,123.6,173.1,1.4,0.045926,5,0.148,0
scale_m30,scale,width,0,000601.png,0,0.1387,-0.1387,-0.0578,0.0068,0.0038,0.0809,-0.1319,0.811,0.6537,22.8,25.9,1.136,0.001267,2,0.0,0
scale_m30,scale,scale,1,000601.png,1,0.3094,-0.2944,-0.3245,-0.0279,0.0912,-0.0301,-0.2333,0.477,0.736,34.4,66.0,1.919,0.004878,2,0.0,0
scale_m30,scale,height,0,000612.png,0,0.1528,0.0444,0.1528,-0.0866,0.0571,-0.1084,-0.0662,0.738,0.254,27.2,72.2,2.658,0.004215,9,0.399,0
scale_m30,scale,height,0,000612.png,0,0.2662,-0.1559,0.2662,0.0496,-0.1841,-0.1103,-0.0821,0.632,0.2632,46.1,133.0,2.888,0.013155,9,0.395,0
scale_m30,scale,scale,1,000612.png,1,0.3113,-0.2894,-0.3331,0.0046,-0.02,-0.0437,-0.3132,0.474,0.7687,127.5,302.0,2.368,0.082686,9,0.968,0
scale_m30,scale,scale,1,000612.png,1,0.3163,-0.2884,-0.3441,-0.0513,0.0011,-0.0557,-0.2928,0.467,0.4595,30.8,84.8,2.751,0.005615,9,0.773,0
scale_m30,scale,width,0,000616.png,0,0.1483,0.1483,0.0428,-0.0549,0.0122,0.1055,-0.0934,0.835,0.6724,30.2,43.9,1.455,0.002843,3,0.05,0
scale_m30,scale,width,0,000623.png,0,0.1745,-0.1745,-0.0241,0.0363,-0.07,0.1504,-0.1045,0.723,0.3458,81.7,184.4,2.257,0.032358,7,0.0,0
scale_m30,scale,scale,1,000623.png,1,0.2878,-0.2895,-0.286,0.0014,0.0206,0.0034,-0.2688,0.507,0.7567,51.0,78.3,1.536,0.008579,7,0.461,0
scale_m30,scale,scale,1,000623.png,1,0.296,-0.2906,-0.3013,0.0092,0.0139,-0.0108,-0.2874,0.496,0.9289,60.4,82.0,1.358,0.010633,7,0.0,0
scale_m30,scale,scale,1,000623.png,1,0.3168,-0.3223,-0.3113,-0.0497,0.0173,0.011,-0.2726,0.467,0.7128,25.4,38.4,1.51,0.002098,7,0.0,0
scale_m30,scale,scale,1,000647.png,1,0.2751,-0.2603,-0.2899,0.097,-0.098,-0.0296,-0.1919,0.525,0.2771,15.7,29.4,1.874,0.00099,6,0.0,0
scale_m30,scale,scale,1,000647.png,1,0.3098,-0.3226,-0.2971,0.0007,-0.0169,0.0255,-0.3056,0.476,0.9008,64.4,73.8,1.147,0.010182,6,0.0,0
scale_m30,scale,width,0,000657.png,0,0.1335,-0.1335,-0.0373,-0.0163,-0.0605,0.0962,-0.073,0.77,0.3552,15.7,21.1,1.348,0.000709,2,0.0,0
scale_m30,scale,translation_y,0,000657.png,0,0.1368,0.0088,-0.0465,-0.0259,-0.1368,-0.0376,0.0904,0.721,0.5261,17.4,21.1,1.211,0.000788,2,0.0,0
scale_m30,scale,width,0,000664.png,0,0.2198,0.2198,0.0663,0.0964,-0.0158,0.1536,-0.1235,0.769,0.5068,37.1,38.7,1.042,0.003103,5,0.326,0
scale_m30,scale,scale,1,000664.png,1,0.2645,-0.2377,-0.2912,-0.0778,-0.0118,-0.0535,-0.2134,0.54,0.8075,33.7,49.7,1.476,0.00362,5,0.858,0
scale_m30,scale,scale,1,000664.png,1,0.3133,-0.2894,-0.3373,0.0023,0.0165,-0.0479,-0.3208,0.471,0.9305,58.1,59.4,1.022,0.00746,5,0.374,0
scale_m30,scale,scale,1,000682.png,1,0.3116,-0.3136,-0.3097,-0.0009,-0.02,0.0039,-0.2936,0.474,0.6042,23.1,28.7,1.244,0.001423,2,0.0,0
scale_m30,scale,scale,1,000683.png,1,0.3191,-0.3184,-0.3197,0.0731,0.0064,-0.0012,-0.2466,0.464,0.6305,24.7,36.5,1.478,0.001934,4,0.0,0
scale_m30,scale,scale,1,000714.png,1,0.2991,-0.2947,-0.3034,0.0037,0.0143,-0.0088,-0.2892,0.491,0.9058,88.9,167.5,1.883,0.031979,6,0.223,0
scale_m30,scale,scale,1,000714.png,1,0.3321,-0.3372,-0.327,-0.0213,0.0255,0.0102,-0.3117,0.446,0.7726,59.4,156.9,2.643,0.019994,6,0.416,0
scale_m30,scale,width,0,000725.png,0,0.173,-0.173,-0.0084,-0.0649,0.0029,0.1645,-0.1081,0.82,0.7178,67.4,164.2,2.437,0.023699,7,0.27,0
scale_m30,scale,scale,1,000725.png,1,0.2251,-0.1511,-0.299,0.1021,-0.0243,-0.1479,-0.1969,0.566,0.7433,86.1,138.4,1.608,0.025543,7,1.0,0
scale_m30,scale,scale,1,000725.png,1,0.3228,-0.2508,-0.3947,0.035,0.0637,-0.1439,-0.331,0.453,0.8326,185.2,130.5,0.705,0.051786,7,0.482,0
scale_m30,scale,width,0,000729.png,0,0.1238,0.1238,0.0875,-0.0762,0.0093,0.0363,-0.0476,0.797,0.6637,44.7,128.7,2.877,0.012365,6,0.479,0
scale_m30,scale,scale,1,000729.png,1,0.3096,-0.3,-0.3192,-0.0175,0.0396,-0.0192,-0.2796,0.477,0.8454,52.2,69.9,1.34,0.007835,6,0.0,0
scale_m30,scale,width,0,000747.png,0,0.1481,0.1481,0.0896,-0.0953,0.0145,0.0586,-0.0529,0.769,0.372,30.6,38.5,1.261,0.002527,5,0.446,0
scale_m30,scale,height,0,000747.png,0,0.2514,0.0713,0.2514,0.0237,0.0259,-0.18,-0.2255,0.746,0.6725,18.2,23.0,1.262,0.000897,5,0.0,0
scale_m30,scale,translation_y,0,000747.png,0,0.1316,-0.117,-0.0949,-0.056,0.1316,0.0221,0.0146,0.675,0.6663,27.7,30.3,1.094,0.001805,5,0.0,0
scale_m30,scale,scale,1,000779.png,1,0.303,-0.3008,-0.3053,0.0012,0.0026,-0.0045,-0.3027,0.486,0.8938,94.7,245.2,2.589,0.049877,1,0.0,0
scale_m30,scale,scale,1,000829.png,1,0.2815,-0.2916,-0.2714,0.0222,0.0219,0.0202,-0.2694,0.516,0.799,40.4,53.1,1.315,0.004597,2,0.036,0
scale_m30,scale,scale,1,000829.png,1,0.3147,-0.3014,-0.328,0.0073,0.0312,-0.0266,-0.2968,0.469,0.9332,63.1,85.3,1.353,0.011555,2,0.016,0
scale_m30,scale,width,0,000843.png,0,0.1251,-0.1251,0.0299,0.0239,-0.0637,0.0952,-0.0614,0.779,0.4797,18.8,25.8,1.373,0.001045,9,0.0,0
scale_m30,scale,translation_y,0,000846.png,0,0.1004,-0.074,-0.0744,-0.0067,-0.1004,-0.0005,0.0259,0.755,0.5192,15.9,26.5,1.66,0.000907,7,0.0,0
scale_m30,scale,height,0,000846.png,0,0.2328,-0.044,-0.2328,0.007,-0.0514,-0.1888,-0.1815,0.733,0.5703,32.5,70.1,2.157,0.00489,7,0.003,0
scale_m30,scale,scale,1,000846.png,1,0.2515,-0.2047,-0.2982,-0.038,0.0226,-0.0935,-0.2602,0.558,0.6837,22.7,58.7,2.582,0.002862,7,0.0,0
scale_m30,scale,scale,1,000846.png,1,0.2881,-0.2952,-0.281,0.0111,0.0118,0.0142,-0.2833,0.507,0.8854,73.3,115.1,1.57,0.018109,7,0.001,0
scale_m30,scale,width,0,000846.png,0,0.5633,0.5633,0.0676,0.0473,-0.1453,0.4957,-0.418,0.499,0.558,22.5,56.9,2.524,0.002752,7,0.0,0
scale_m30,scale,width,0,000859.png,0,0.2538,0.2538,0.0552,-0.136,-0.0309,0.1986,-0.1178,0.74,0.6945,172.6,106.1,0.615,0.039311,6,0.0,1
scale_m30,scale,width,0,000859.png,0,0.2669,0.2669,0.0911,-0.0987,0.0148,0.1758,-0.1682,0.723,0.6033,21.8,30.6,1.407,0.00143,6,0.304,0
scale_m30,scale,scale,1,000859.png,1,0.3139,-0.267,-0.3609,0.0606,-0.0324,-0.0939,-0.3003,0.469,0.6242,18.5,25.3,1.364,0.001007,6,0.0,0
scale_m30,scale,scale,1,000882.png,0,0.1374,-0.1534,-0.1214,0.0337,-0.0584,0.032,-0.0951,0.744,0.6687,26.7,29.5,1.106,0.001689,9,0.0,0
scale_m30,scale,scale,1,000882.png,1,0.3026,-0.2968,-0.3085,0.0212,0.0154,-0.0117,-0.2873,0.486,0.7227,97.7,121.5,1.243,0.025492,9,0.912,0
scale_m30,scale,scale,1,000882.png,1,0.3013,-0.3488,-0.2539,0.044,0.0288,0.0949,-0.3047,0.486,0.8284,48.2,61.6,1.278,0.00638,9,0.0,0
scale_m30,scale,scale,1,000882.png,1,0.3057,-0.2974,-0.3141,-0.0047,0.0051,-0.0167,-0.309,0.482,0.9336,195.2,348.8,1.787,0.146193,9,0.065,0
scale_m30,scale,scale,1,000884.png,1,0.2894,-0.3044,-0.2744,-0.0276,-0.0006,0.03,-0.2768,0.505,0.6428,48.1,61.9,1.287,0.006385,2,0.0,0
scale_m30,scale,scale,1,000884.png,1,0.3351,-0.3442,-0.326,0.014,-0.0337,0.0183,-0.3106,0.442,0.8593,74.7,100.9,1.35,0.016175,2,0.0,0
scale_m30,scale,width,0,000910.png,0,0.1353,0.1353,0.0072,0.0346,0.0019,0.1281,-0.1007,0.875,0.397,26.6,56.4,2.125,0.003219,8,0.643,0
scale_m30,scale,scale,1,000910.png,1,0.2928,-0.2872,-0.2983,-0.0101,0.0258,-0.0111,-0.2725,0.5,0.8397,89.8,121.3,1.351,0.023377,8,0.0,0
scale_m30,scale,height,0,000918.png,0,0.1811,-0.0888,-0.1811,-0.0156,0.0061,-0.0923,-0.1655,0.746,0.313,24.8,54.5,2.198,0.0029,7,0.0,0
scale_m30,scale,scale,1,000918.png,1,0.2903,-0.3065,-0.274,-0.0244,0.0903,0.0326,-0.2163,0.503,0.4645,33.0,40.0,1.213,0.002836,7,0.494,0
scale_m30,scale,scale,1,000918.png,1,0.3191,-0.3453,-0.2928,-0.0748,0.0473,0.0525,-0.2705,0.463,0.7536,41.2,56.8,1.377,0.005025,7,0.615,0
scale_m30,scale,scale,1,000930.png,1,0.3217,-0.3122,-0.3311,0.0344,0.041,-0.0189,-0.2901,0.46,0.8378,37.8,46.3,1.224,0.003755,3,0.0,0
scale_m30,scale,height,0,000936.png,0,0.2352,-0.1165,-0.2352,0.0275,-0.139,-0.1187,-0.0962,0.645,0.272,61.4,122.0,1.986,0.016092,12,0.832,0
scale_m30,scale,height,0,000936.png,0,0.252,-0.0251,0.252,-0.0563,0.2217,-0.227,-0.0304,0.611,0.3914,93.0,152.8,1.643,0.030519,12,0.582,1
scale_m30,scale,scale,1,000936.png,0,0.2317,-0.2473,-0.2161,0.0445,-0.0796,0.0312,-0.1677,0.59,0.3649,38.0,90.9,2.389,0.007423,12,0.978,0
scale_m30,scale,scale,1,000936.png,1,0.2828,-0.301,-0.2645,-0.0169,0.0114,0.0365,-0.2841,0.514,0.821,78.5,219.6,2.796,0.037044,12,0.851,0
scale_m30,scale,scale,1,000936.png,1,0.3085,-0.2998,-0.3172,0.0002,0.0093,-0.0175,-0.3079,0.478,0.9273,190.2,213.1,1.12,0.087037,12,0.521,0
scale_m30,scale,scale,1,000970.png,1,0.298,-0.2791,-0.3168,-0.0049,0.0091,-0.0377,-0.3078,0.492,0.8528,46.4,62.7,1.352,0.00624,6,0.61,0
scale_m30,scale,height,0,000985.png,0,0.138,0.0059,0.138,0.0037,0.0644,-0.1321,-0.0736,0.872,0.344,58.9,128.5,2.182,0.016225,11,0.449,0
scale_m30,scale,scale,1,000985.png,1,0.304,-0.2983,-0.3098,-0.0119,0.0091,-0.0115,-0.2979,0.484,0.9612,182.6,376.0,2.058,0.147156,11,0.117,0
scale_m30,scale,scale,1,000985.png,1,0.3086,-0.29,-0.3273,-0.0443,0.0327,-0.0374,-0.283,0.478,0.8125,42.1,68.7,1.633,0.006193,11,0.287,0
scale_m30,scale,scale,1,000985.png,1,0.3138,-0.2939,-0.3338,0.003,-0.0562,-0.0399,-0.2776,0.47,0.872,35.4,44.4,1.256,0.003366,11,0.0,0
scale_m30,scale,height,0,000998.png,0,0.1239,-0.0886,0.1239,0.0032,-0.0446,-0.0353,-0.0793,0.819,0.6931,31.7,40.4,1.273,0.002752,8,0.255,0
scale_m30,scale,scale,1,000998.png,1,0.2761,-0.2927,-0.2595,0.0026,0.0125,0.0332,-0.2801,0.524,0.8867,72.3,150.9,2.087,0.023435,8,0.129,0
scale_m30,scale,height,0,001013.png,0,0.127,-0.0574,0.127,-0.0287,0.0719,-0.0696,-0.0551,0.829,0.7421,116.2,154.6,1.331,0.038519,9,1.0,1
scale_m30,scale,scale,1,001013.png,1,0.2549,-0.2334,-0.2763,0.0301,0.0121,-0.0429,-0.2463,0.555,0.5107,28.2,37.9,1.343,0.002292,9,0.357,0
scale_m30,scale,width,0,001044.png,1,0.1928,-0.1928,0.0895,0.0475,0.0777,0.1033,-0.1151,0.71,0.4333,63.9,105.7,1.654,0.014486,7,0.848,0
scale_m30,scale,scale,1,001044.png,1,0.3133,-0.2994,-0.3272,0.0187,0.0555,-0.0279,-0.2717,0.471,0.8275,35.2,53.5,1.522,0.004043,7,0.0,0
scale_m30,scale,width,0,001100.png,0,0.1324,0.1324,-0.085,-0.0545,-0.0394,0.0475,-0.0779,0.816,0.3675,29.8,57.1,1.918,0.003655,8,0.683,0
scale_m30,scale,translation_x,0,001100.png,0,0.1774,-0.0986,0.0007,0.1774,-0.0961,0.0979,0.0788,0.581,0.3194,25.0,29.8,1.193,0.0016,8,0.351,0
scale_m30,scale,scale,1,001100.png,1,0.297,-0.2937,-0.3004,-0.0034,-0.0124,-0.0067,-0.288,0.494,0.92,101.5,173.8,1.712,0.037897,8,0.442,0
scale_m30,scale,scale,1,001100.png,1,0.3158,-0.305,-0.3266,-0.0064,-0.0157,-0.0216,-0.311,0.468,0.8266,113.2,100.6,0.888,0.024442,8,0.0,0
scale_m30,scale,height,0,001190.png,0,0.1368,-0.0087,0.1368,0.0287,0.0442,-0.1281,-0.0926,0.834,0.9055,100.2,131.4,1.311,0.028289,7,0.589,0
scale_m30,scale,height,0,001190.png,0,0.1299,-0.0982,0.1299,-0.026,0.0106,-0.0317,-0.1039,0.807,0.8596,65.7,94.7,1.441,0.013372,7,0.46,0
scale_m30,scale,scale,1,001190.png,1,0.2425,-0.2405,-0.2444,-0.049,-0.0046,-0.0039,-0.1954,0.574,0.3952,31.2,37.9,1.218,0.002539,7,0.197,0
scale_m30,scale,scale,1,001190.png,1,0.28,-0.302,-0.2581,0.0056,0.0342,0.0438,-0.2677,0.518,0.8216,50.7,66.4,1.311,0.00722,7,0.606,0
scale_m30,scale,height,0,001209.png,0,0.1634,-0.0753,-0.1634,-0.0298,-0.045,-0.0881,-0.1184,0.774,0.3786,74.7,153.9,2.061,0.02467,13,0.631,0
scale_m30,scale,scale,1,001209.png,0,0.1498,0.1531,0.1465,0.0496,-0.0212,0.0066,-0.1035,0.756,0.5922,49.0,106.8,2.177,0.011241,13,0.81,0
scale_m30,scale,translation_x,0,001209.png,0,0.1528,0.0158,-0.0645,-0.1528,-0.0262,-0.0487,0.0883,0.695,0.2967,29.8,70.4,2.362,0.004505,13,0.704,0
scale_m30,scale,scale,1,001209.png,1,0.2799,-0.2932,-0.2666,0.0237,-0.0006,0.0266,-0.2695,0.518,0.9475,39.0,42.8,1.097,0.003584,13,0.0,0
scale_m30,scale,scale,1,001209.png,1,0.2805,-0.2583,-0.3026,0.0187,-0.0175,-0.0443,-0.2838,0.517,0.9016,101.7,192.9,1.896,0.042126,13,0.461,0
scale_m30,scale,scale,1,001209.png,1,0.2916,-0.311,-0.2722,-0.0274,0.0167,0.0388,-0.2836,0.501,0.7334,81.5,160.9,1.974,0.028147,13,0.849,0
scale_m30,scale,scale,1,001209.png,1,0.3161,-0.3784,-0.2539,0.0851,-0.003,0.1245,-0.2933,0.464,0.6785,18.5,30.3,1.643,0.001203,13,0.0,0
scale_m30,scale,scale,1,001226.png,1,0.3051,-0.3027,-0.3075,0.0027,0.0065,-0.0048,-0.301,0.483,0.9257,117.4,258.5,2.202,0.065177,4,0.0,0
scale_m30,scale,scale,1,001226.png,1,0.3285,-0.3148,-0.3423,0.0071,0.0241,-0.0275,-0.3181,0.451,0.4366,18.7,24.6,1.314,0.000986,4,0.0,0
scale_p30,scale,scale,1,000006.png,1,0.2193,0.2231,0.2156,0.016,0.0624,0.0075,-0.1607,0.673,0.8673,65.6,188.9,2.881,0.02675,4,0.0,0
scale_p30,scale,scale,1,000006.png,1,0.3214,0.3369,0.3058,-0.0176,-0.0066,0.0311,-0.3193,0.573,0.3256,40.6,68.3,1.68,0.005989,4,0.197,0
scale_p30,scale,width,0,000060.png,0,0.2762,-0.2762,-0.0649,-0.1114,0.0218,0.2113,-0.1648,0.677,0.283,19.7,49.8,2.527,0.002105,2,0.0,0
scale_p30,scale,scale,1,000060.png,1,0.3143,0.2947,0.3338,0.0055,-0.0075,-0.0391,-0.3264,0.579,0.9226,61.4,63.5,1.034,0.008375,2,0.0,0
scale_p30,scale,scale,1,000066.png,1,0.3534,0.2983,0.4085,-0.0114,-0.0051,-0.1102,-0.3971,0.547,0.8335,34.9,38.7,1.109,0.002897,2,0.0,0
scale_p30,scale,width,0,000075.png,0,0.1413,-0.1413,-0.0166,0.1143,0.0347,0.1247,-0.027,0.733,0.4814,25.3,49.2,1.942,0.002674,5,0.0,0
scale_p30,scale,scale,1,000075.png,1,0.293,0.3189,0.2671,0.0049,-0.0285,0.0518,-0.2903,0.598,0.9093,79.1,118.0,1.493,0.020031,5,0.175,0
scale_p30,scale,width,0,000091.png,1,0.4682,-0.4682,0.2359,0.1926,-0.0931,0.2323,-0.2756,0.473,0.29,30.3,72.0,2.379,0.004681,1,0.0,0
scale_p30,scale,scale,1,000107.png,1,0.3168,0.306,0.3277,0.0093,0.0289,-0.0217,-0.2988,0.577,0.9311,132.6,200.4,1.511,0.057037,7,0.507,0
scale_p30,scale,scale,1,000107.png,1,0.3476,0.371,0.3242,0.0269,0.0416,0.0468,-0.3294,0.551,0.8693,78.6,102.7,1.306,0.017324,7,0.75,0
scale_p30,scale,width,0,000136.png,0,0.1698,0.1698,0.04,0.0714,-0.0001,0.1299,-0.0984,0.822,0.7334,57.5,162.3,2.823,0.020033,6,0.601,0
scale_p30,scale,translation_x,0,000136.png,0,0.1025,-0.0008,-0.033,0.1025,-0.0467,-0.0322,0.0695,0.746,0.7895,27.8,35.1,1.264,0.002093,6,0.282,0
scale_p30,scale,height,0,000136.png,0,0.184,0.0376,0.184,-0.0099,0.1417,-0.1464,-0.0423,0.743,0.7836,36.9,68.8,1.865,0.005446,6,0.054,0
scale_p30,scale,scale,1,000136.png,1,0.2894,0.3025,0.2762,0.0446,0.0747,0.0263,-0.2278,0.602,0.7798,51.1,166.6,3.257,0.018294,6,0.481,0
scale_p30,scale,scale,1,000178.png,1,0.2971,0.3006,0.2935,-0.0019,0.0017,0.007,-0.2987,0.594,0.9442,183.9,352.7,1.917,0.139285,8,0.306,1
scale_p30,scale,scale,1,000178.png,1,0.3636,0.4142,0.3129,0.0484,0.0397,0.1013,-0.3658,0.539,0.3452,51.0,56.0,1.098,0.006132,8,0.675,0
scale_p30,scale,scale,1,000286.png,1,0.3177,0.3148,0.3206,-0.0093,-0.0099,-0.0057,-0.3107,0.576,0.8689,179.2,282.1,1.575,0.108536,11,0.46,1
scale_p30,scale,scale,1,000286.png,1,0.3408,0.2684,0.4133,0.0015,-0.0053,-0.1449,-0.408,0.558,0.8155,26.3,80.2,3.056,0.004522,11,0.272,0
scale_p30,scale,scale,1,000286.png,1,0.3698,0.3689,0.3707,0.0508,0.0531,-0.0018,-0.3176,0.533,0.7037,28.3,83.6,2.961,0.005074,11,0.075,0
scale_p30,scale,scale,1,000295.png,1,0.2923,0.2738,0.3108,-0.0064,-0.0267,-0.037,-0.2842,0.599,0.9016,95.4,134.6,1.411,0.027569,2,0.0,0
scale_p30,scale,translation_x,0,000357.png,0,0.1061,0.0784,0.0416,-0.1061,-0.0603,0.0368,0.0277,0.73,0.5936,39.9,56.8,1.424,0.004859,8,1.0,0
scale_p30,scale,scale,1,000357.png,1,0.2668,0.3041,0.2295,0.0,-0.0451,0.0746,-0.259,0.624,0.8821,137.9,106.6,0.773,0.031517,8,0.342,1
scale_p30,scale,scale,1,000357.png,1,0.2815,0.3143,0.2488,0.0062,-0.007,0.0655,-0.3073,0.609,0.9401,57.5,88.0,1.531,0.010847,8,0.307,0
scale_p30,scale,scale,1,000357.png,1,0.2835,0.3024,0.2645,0.0265,0.0097,0.0379,-0.276,0.607,0.9099,70.7,158.7,2.245,0.024048,8,0.436,0
scale_p30,scale,scale,1,000386.png,0,0.1555,-0.1289,-0.182,0.0722,-0.0254,-0.0531,-0.1098,0.702,0.3354,82.4,189.6,2.303,0.033474,8,1.0,0
scale_p30,scale,scale,1,000386.png,1,0.2904,0.3217,0.2591,0.0486,0.0307,0.0626,-0.273,0.601,0.8681,34.5,47.0,1.362,0.003471,8,0.489,0
scale_p30,scale,scale,1,000386.png,1,0.3172,0.3146,0.3198,-0.0075,0.0009,-0.0052,-0.3123,0.576,0.8982,58.7,86.5,1.473,0.010881,8,0.272,0
scale_p30,scale,scale,1,000386.png,1,0.3242,0.271,0.3774,0.021,-0.0117,-0.1064,-0.3564,0.571,0.8383,38.4,45.6,1.189,0.003753,8,0.0,0
scale_p30,scale,scale,1,000386.png,1,0.4154,0.4277,0.4032,0.0531,0.0191,0.0245,-0.3746,0.499,0.7752,34.8,58.7,1.686,0.00438,8,0.585,0
scale_p30,scale,scale,1,000421.png,1,0.2739,0.3137,0.2342,0.0425,0.0453,0.0795,-0.2684,0.617,0.8724,36.3,110.7,3.052,0.008618,7,0.398,0
scale_p30,scale,scale,1,000421.png,1,0.2744,0.2221,0.3268,-0.0158,0.0565,-0.1046,-0.2703,0.617,0.6508,19.8,41.9,2.121,0.001777,7,0.144,0
scale_p30,scale,scale,1,000421.png,1,0.2828,0.2823,0.2833,-0.0094,0.0214,-0.001,-0.262,0.608,0.8709,33.7,85.6,2.541,0.006191,7,0.0,0
scale_p30,scale,scale,1,000421.png,1,0.2927,0.2554,0.33,0.0135,0.0421,-0.0746,-0.2879,0.599,0.6543,31.4,73.9,2.351,0.004991,7,0.668,0
scale_p30,scale,scale,1,000421.png,1,0.2937,0.2852,0.3022,0.0008,0.0026,-0.017,-0.2995,0.598,0.9319,207.8,224.8,1.082,0.100285,7,0.03,1
scale_p30,scale,scale,1,000421.png,0,0.324,-0.3787,-0.2693,-0.13,-0.052,0.1095,-0.2488,0.454,0.4469,27.3,66.8,2.445,0.00392,7,1.0,0
scale_p30,scale,scale,1,000456.png,1,0.2986,0.29,0.3072,0.0001,0.042,-0.0172,-0.2652,0.593,0.906,82.1,98.0,1.193,0.017284,2,0.03,0
scale_p30,scale,scale,1,000462.png,1,0.3333,0.3586,0.308,-0.022,-0.0055,0.0506,-0.3366,0.563,0.8454,71.8,140.6,1.958,0.021678,7,0.347,0
scale_p30,scale,width,0,000493.png,0,0.1643,-0.1643,-0.0118,0.12,0.0117,0.1525,-0.0443,0.752,0.8197,34.4,42.6,1.238,0.003145,4,0.0,0
scale_p30,scale,translation_y,0,000521.png,0,0.1324,0.1183,-0.0291,0.0658,0.1324,0.0892,0.0141,0.684,0.5935,19.5,26.8,1.371,0.001121,4,0.0,0
scale_p30,scale,scale,1,000521.png,1,0.3727,0.385,0.3603,0.0392,0.0511,0.0247,-0.3339,0.531,0.8512,25.9,25.7,0.994,0.001432,4,0.0,0
scale_p30,scale,scale,1,000537.png,1,0.2928,0.2273,0.3583,0.0527,-0.0232,-0.131,-0.3056,0.6,0.5992,21.4,36.5,1.704,0.001679,2,0.058,0
scale_p30,scale,height,0,000539.png,0,0.1396,-0.0533,-0.1396,-0.0104,-0.038,-0.0862,-0.1016,0.815,0.8233,30.5,63.2,2.07,0.004145,7,0.278,0
scale_p30,scale,width,0,000539.png,0,0.2256,0.2256,-0.0399,-0.1268,0.0656,0.1857,-0.0987,0.707,0.7479,23.8,45.0,1.888,0.002302,7,0.346,0
scale_p30,scale,width,0,000539.png,0,0.2833,-0.2833,-0.1115,0.0748,-0.0205,0.1718,-0.2085,0.637,0.6364,21.2,47.7,2.253,0.002168,7,0.587,0
scale_p30,scale,scale,1,000539.png,1,0.2287,0.1713,0.2861,-0.1234,-0.1124,-0.1148,-0.1627,0.623,0.2871,22.9,44.7,1.954,0.002193,7,0.245,0
scale_p30,scale,scale,1,000556.png,1,0.2872,0.2899,0.2844,0.0206,0.0262,0.0055,-0.2637,0.604,0.8385,28.9,85.0,2.944,0.005274,2,0.0,0
scale_p30,scale,scale,1,000577.png,1,0.3524,0.5519,0.1529,-0.1024,0.0588,0.399,-0.4495,0.559,0.4308,130.9,69.6,0.532,0.019575,5,0.0,1
scale_p30,scale,width,0,000601.png,0,0.1387,-0.1387,-0.0578,0.0068,0.0038,0.0809,-0.1319,0.811,0.6537,22.8,25.9,1.136,0.001267,2,0.0,0
scale_p30,scale,height,0,000612.png,0,0.1528,0.0444,0.1528,-0.0866,0.0571,-0.1084,-0.0662,0.738,0.254,27.2,72.2,2.658,0.004215,9,0.949,0
scale_p30,scale,height,0,000612.png,1,0.2424,0.0872,0.2424,0.1338,-0.0174,-0.1552,-0.1086,0.631,0.3455,66.7,166.3,2.494,0.023807,9,0.474,0
scale_p30,scale,scale,1,000612.png,1,0.2698,0.3215,0.2181,-0.0513,0.0011,0.1034,-0.2703,0.621,0.4595,30.8,84.8,2.751,0.005615,9,0.769,0
scale_p30,scale,scale,1,000612.png,1,0.2956,0.2677,0.3234,0.0152,0.0448,-0.0557,-0.2786,0.596,0.7403,45.4,146.3,3.226,0.014246,9,0.403,0
scale_p30,scale,scale,1,000612.png,1,0.3105,0.3153,0.3057,0.0034,-0.0085,0.0095,-0.3068,0.582,0.9204,160.1,250.8,1.567,0.086198,9,0.514,1
scale_p30,scale,height,0,000612.png,1,0.6461,0.0973,0.6461,0.0496,-0.1841,-0.5488,-0.462,0.553,0.2632,46.1,133.0,2.888,0.013155,9,0.539,0
scale_p30,scale,scale,1,000616.png,1,0.2272,0.1911,0.2634,0.0145,0.0148,-0.0723,-0.2486,0.665,0.9291,52.7,65.7,1.247,0.007422,3,0.139,0
scale_p30,scale,scale,1,000616.png,1,0.4242,0.4928,0.3556,-0.0549,0.0122,0.1372,-0.4379,0.494,0.6724,30.2,43.9,1.455,0.002843,3,0.269,0
scale_p30,scale,width,0,000623.png,0,0.1745,-0.1745,-0.0241,0.0363,-0.07,0.1504,-0.1045,0.723,0.3458,81.7,184.4,2.257,0.032358,7,0.031,0
scale_p30,scale,scale,1,000623.png,1,0.293,0.351,0.2349,-0.0667,-0.0519,0.1161,-0.2844,0.599,0.7259,43.5,61.7,1.419,0.005753,7,0.52,0
scale_p30,scale,scale,1,000623.png,1,0.3424,0.3367,0.3481,0.0129,-0.0205,-0.0114,-0.3276,0.555,0.8222,151.9,147.1,0.968,0.047978,7,0.0,1
scale_p30,scale,scale,1,000647.png,1,0.2925,0.2354,0.3496,0.0936,0.024,-0.1142,-0.256,0.6,0.6811,22.1,33.1,1.501,0.001568,6,0.06,0
scale_p30,scale,width,0,000657.png,0,0.1335,-0.1335,-0.0373,-0.0163,-0.0605,0.0962,-0.073,0.77,0.3552,15.7,21.1,1.348,0.000709,2,0.0,0
scale_p30,scale,scale,1,000657.png,1,0.2756,0.3115,0.2396,-0.0259,-0.1368,0.0719,-0.1747,0.598,0.5261,17.4,21.1,1.211,0.000788,2,0.0,0
scale_p30,scale,width,0,000664.png,0,0.2198,0.2198,0.0663,0.0964,-0.0158,0.1536,-0.1235,0.769,0.5068,37.1,38.7,1.042,0.003103,5,0.599,0
scale_p30,scale,scale,1,000682.png,1,0.2784,0.2747,0.2821,-0.0009,-0.02,-0.0073,-0.262,0.612,0.6042,23.1,28.7,1.244,0.001423,2,0.0,0
scale_p30,scale,scale,1,000683.png,1,0.317,0.3552,0.2788,0.0009,0.0598,0.0764,-0.2954,0.577,0.8407,27.9,26.7,0.955,0.001601,4,0.0,0
scale_p30,scale,scale,1,000714.png,1,0.2403,0.2309,0.2498,-0.0213,0.0255,-0.0189,-0.2243,0.65,0.7726,59.4,156.9,2.643,0.019994,6,0.604,0
scale_p30,scale,scale,1,000714.png,1,0.342,0.3475,0.3365,-0.0009,-0.0256,0.0109,-0.3218,0.555,0.8907,69.7,185.3,2.659,0.027722,6,0.372,0
scale_p30,scale,width,0,000725.png,0,0.173,-0.173,-0.0084,-0.0649,0.0029,0.1645,-0.1081,0.82,0.7178,67.4,164.2,2.437,0.023699,7,0.27,0
scale_p30,scale,height,0,000725.png,0,0.1353,0.0702,-0.1353,0.035,0.0637,-0.0651,-0.0716,0.815,0.8326,185.2,130.5,0.705,0.051786,7,0.414,1
scale_p30,scale,width,0,000725.png,0,0.2127,0.2127,0.0014,0.1021,-0.0243,0.2113,-0.1106,0.789,0.7433,86.1,138.4,1.608,0.025543,7,0.852,1
scale_p30,scale,scale,1,000729.png,1,0.172,0.1895,0.1545,0.0921,0.0275,0.035,-0.0974,0.728,0.2916,54.8,158.1,2.885,0.018596,6,0.448,0
scale_p30,scale,scale,1,000729.png,1,0.2822,0.3,0.2644,-0.0175,0.0396,0.0357,-0.2604,0.608,0.8454,52.2,69.9,1.34,0.007835,6,0.102,0
scale_p30,scale,width,0,000747.png,0,0.177,-0.177,-0.0386,-0.0779,0.0043,0.1384,-0.0991,0.791,0.4229,28.6,98.4,3.433,0.00605,5,0.0,0
scale_p30,scale,translation_y,0,000747.png,0,0.1316,-0.117,-0.0949,-0.056,0.1316,0.0221,0.0146,0.675,0.6663,27.7,30.3,1.094,0.001805,5,0.0,0
scale_p30,scale,scale,1,000747.png,1,0.4545,0.4926,0.4165,-0.0953,0.0145,0.0761,-0.3973,0.473,0.372,30.6,38.5,1.261,0.002527,5,0.388,0
scale_p30,scale,scale,1,000747.png,1,0.5098,0.3927,0.6268,0.0237,0.0259,-0.2341,-0.6009,0.441,0.6725,18.2,23.0,1.262,0.000897,5,0.0,0
scale_p30,scale,width,0,000843.png,0,0.1251,-0.1251,0.0299,0.0239,-0.0637,0.0952,-0.0614,0.779,0.4797,18.8,25.8,1.373,0.001045,9,0.0,0
scale_p30,scale,scale,1,000843.png,1,0.2806,0.2692,0.292,-0.0119,0.0084,-0.0228,-0.2801,0.61,0.943,164.3,203.4,1.238,0.071776,9,0.095,1
scale_p30,scale,scale,1,000843.png,1,0.2927,0.2624,0.3231,0.0126,0.0427,-0.0607,-0.2804,0.599,0.9216,64.4,98.2,1.525,0.013567,9,0.221,0
scale_p30,scale,width,0,000846.png,0,0.1361,0.1361,0.0026,-0.038,0.0226,0.1336,-0.0981,0.843,0.6837,22.7,58.7,2.582,0.002862,7,0.0,0
scale_p30,scale,translation_y,0,000846.png,0,0.1004,-0.074,-0.0744,-0.0067,-0.1004,-0.0005,0.0259,0.755,0.5192,15.9,26.5,1.66,0.000907,7,0.0,0
scale_p30,scale,height,0,000846.png,0,0.2328,-0.044,-0.2328,0.007,-0.0514,-0.1888,-0.1815,0.733,0.5703,32.5,70.1,2.157,0.00489,7,0.168,0
scale_p30,scale,width,0,000846.png,0,0.5633,0.5633,0.0676,0.0473,-0.1453,0.4957,-0.418,0.499,0.558,22.5,56.9,2.524,0.002752,7,0.0,0
scale_p30,scale,scale,1,000851.png,1,0.3754,0.3367,0.4141,-0.0062,0.0354,-0.0774,-0.3787,0.529,0.8702,36.3,47.0,1.293,0.003669,2,0.0,0
scale_p30,scale,width,0,000859.png,0,0.2669,0.2669,0.0911,-0.0987,0.0148,0.1758,-0.1682,0.723,0.6033,21.8,30.6,1.407,0.00143,6,0.304,0
scale_p30,scale,scale,1,000859.png,1,0.2742,0.3614,0.187,0.0606,-0.0324,0.1744,-0.3008,0.619,0.6242,18.5,25.3,1.364,0.001007,6,0.0,0
scale_p30,scale,scale,1,000859.png,1,0.3396,0.3363,0.3429,-0.0052,0.0108,-0.0066,-0.3321,0.557,0.9184,116.8,165.8,1.419,0.041597,6,0.135,0
scale_p30,scale,scale,1,000859.png,1,0.5008,0.63,0.3717,-0.136,-0.0309,0.2582,-0.4939,0.447,0.6945,172.6,106.1,0.615,0.039311,6,0.0,1
scale_p30,scale,height,0,000882.png,1,0.1422,0.1006,0.1422,0.0337,-0.0584,-0.0416,-0.0838,0.796,0.6687,26.7,29.5,1.106,0.001689,9,0.461,0
scale_p30,scale,scale,1,000882.png,1,0.2794,0.2651,0.2937,-0.0344,0.05,-0.0286,-0.2436,0.611,0.897,34.9,37.5,1.075,0.002812,9,0.386,0
scale_p30,scale,scale,1,000882.png,1,0.28,0.3169,0.243,0.0065,-0.0255,0.0739,-0.2914,0.611,0.9212,141.5,204.5,1.445,0.062106,9,0.023,1
scale_p30,scale,scale,1,000882.png,1,0.2976,0.2095,0.3857,0.044,0.0288,-0.1762,-0.3417,0.597,0.8284,48.2,61.6,1.278,0.00638,9,0.328,0
scale_p30,scale,scale,1,000882.png,1,0.2951,0.306,0.2842,0.0212,0.0154,0.0218,-0.2848,0.596,0.7227,97.7,121.5,1.243,0.025492,9,0.626,0
scale_p30,scale,scale,1,000897.png,1,0.2528,0.176,0.3295,-0.0012,-0.028,-0.1535,-0.3015,0.64,0.5824,20.9,24.5,1.174,0.001098,2,0.0,0
scale_p30,scale,width,0,000910.png,0,0.1353,0.1353,0.0072,0.0346,0.0019,0.1281,-0.1007,0.875,0.397,26.6,56.4,2.125,0.003219,8,0.909,0
scale_p30,scale,scale,1,000910.png,1,0.2793,0.2837,0.2748,-0.004,0.0376,0.0089,-0.2461,0.611,0.7719,37.4,94.0,2.516,0.007537,8,0.271,0
scale_p30,scale,scale,1,000910.png,1,0.3134,0.3237,0.3032,-0.0101,0.0258,0.0205,-0.2979,0.58,0.8397,89.8,121.3,1.351,0.023377,8,0.119,0
scale_p30,scale,width,0,000918.png,1,0.1845,0.1845,0.0646,-0.0156,0.0061,0.1199,-0.1689,0.793,0.313,24.8,54.5,2.198,0.0029,7,0.0,0
scale_p30,scale,scale,1,000918.png,1,0.2775,0.2329,0.322,-0.0199,0.015,-0.0891,-0.3022,0.614,0.8583,54.4,69.3,1.274,0.00809,7,0.276,0
scale_p30,scale,scale,1,000918.png,1,0.3447,0.3643,0.3252,-0.0385,-0.0698,0.0391,-0.2945,0.553,0.2541,46.7,43.5,0.932,0.004365,7,0.615,0
scale_p30,scale,scale,1,000930.png,1,0.314,0.3912,0.2367,-0.0142,0.0008,0.1544,-0.377,0.581,0.9158,83.6,113.3,1.356,0.020334,3,0.362,0
scale_p30,scale,height,0,000936.png,0,0.2352,-0.1165,-0.2352,0.0275,-0.139,-0.1187,-0.0962,0.645,0.272,61.4,122.0,1.986,0.016092,12,0.832,0
scale_p30,scale,height,0,000936.png,0,0.252,-0.0251,0.252,-0.0563,0.2217,-0.227,-0.0304,0.611,0.3914,93.0,152.8,1.643,0.030519,12,0.98,1
scale_p30,scale,scale,1,000936.png,0,0.2317,-0.2473,-0.2161,0.0445,-0.0796,0.0312,-0.1677,0.59,0.3649,38.0,90.9,2.389,0.007423,12,0.978,0
scale_p30,scale,scale,1,000936.png,1,0.3071,0.3458,0.2685,0.0219,-0.0308,0.0772,-0.3149,0.586,0.8931,46.0,52.8,1.149,0.005217,12,0.26,0
scale_p30,scale,scale,1,000936.png,1,0.332,0.2982,0.3659,-0.0169,0.0114,-0.0677,-0.349,0.564,0.821,78.5,219.6,2.796,0.037044,12,0.689,0
scale_p30,scale,scale,1,000970.png,1,0.2658,0.2229,0.3086,0.0156,0.0107,-0.0858,-0.293,0.625,0.8386,32.5,41.0,1.262,0.00286,6,0.0,0
scale_p30,scale,scale,1,000970.png,1,0.3037,0.3387,0.2687,-0.0049,0.0091,0.07,-0.3297,0.589,0.8528,46.4,62.7,1.352,0.00624,6,0.789,0
scale_p30,scale,scale,1,000970.png,1,0.3092,0.3643,0.2541,-0.0151,-0.0127,0.1102,-0.3492,0.584,0.8941,79.5,122.6,1.541,0.020937,6,0.233,0
scale_p30,scale,scale,1,000985.png,1,0.2753,0.2901,0.2605,-0.0488,0.0187,0.0296,-0.2413,0.615,0.8876,46.9,63.5,1.356,0.00638,11,0.502,0
scale_p30,scale,scale,1,000985.png,1,0.2839,0.3186,0.2493,-0.0443,0.0327,0.0694,-0.2743,0.607,0.8125,42.1,68.7,1.633,0.006193,11,0.362,0
scale_p30,scale,scale,1,000985.png,1,0.3935,0.3077,0.4794,0.0037,0.0644,-0.1717,-0.4149,0.517,0.344,58.9,128.5,2.182,0.016225,11,0.806,0
scale_p30,scale,scale,1,000985.png,1,0.4159,0.418,0.4137,0.0634,0.0148,0.0043,-0.3546,0.499,0.5383,21.0,22.0,1.051,0.000991,11,0.0,0
scale_p30,scale,height,0,000998.png,0,0.1239,-0.0886,0.1239,0.0032,-0.0446,-0.0353,-0.0793,0.819,0.6931,31.7,40.4,1.273,0.002752,8,0.6,0
scale_p30,scale,scale,1,000998.png,1,0.2235,0.1671,0.28,0.0191,-0.003,-0.1129,-0.2609,0.669,0.8535,42.4,76.9,1.815,0.006993,8,0.23,0
scale_p30,scale,scale,1,000998.png,1,0.2556,0.2164,0.2947,-0.0386,0.0139,-0.0783,-0.2561,0.635,0.8246,63.7,78.7,1.236,0.010773,8,0.506,0
scale_p30,scale,scale,1,001012.png,1,0.3223,0.3598,0.2849,0.0391,0.0054,0.0749,-0.3206,0.572,0.9559,188.1,416.4,2.214,0.168152,6,0.055,1
scale_p30,scale,width,0,001013.png,1,0.2018,0.2018,0.0463,-0.0378,-0.0969,0.1554,-0.1048,0.696,0.3339,162.7,157.7,0.969,0.054993,9,1.0,1
scale_p30,scale,scale,1,001013.png,1,0.3067,0.3127,0.3006,-0.0015,-0.0003,0.0121,-0.3112,0.586,0.9229,193.8,370.6,1.912,0.153954,9,0.263,1
scale_p30,scale,scale,1,001013.png,1,0.3838,0.4237,0.344,0.0301,0.0121,0.0797,-0.3936,0.523,0.5107,28.2,37.9,1.343,0.002292,9,0.357,0
scale_p30,scale,scale,1,001013.png,0,0.3094,-0.3237,-0.2951,0.0466,-0.1498,0.0286,-0.1739,0.475,0.3432,63.6,153.5,2.414,0.020907,9,1.0,0
scale_p30,scale,scale,1,001044.png,1,0.2504,0.2513,0.2495,-0.0089,-0.0209,0.0018,-0.2304,0.64,0.8868,142.5,197.9,1.388,0.060545,7,0.415,0
scale_p30,scale,width,0,001100.png,0,0.1324,0.1324,-0.085,-0.0545,-0.0394,0.0475,-0.0779,0.816,0.3675,29.8,57.1,1.918,0.003655,8,0.901,0
scale_p30,scale,scale,1,001100.png,1,0.3055,0.3118,0.2992,-0.0034,-0.0124,0.0125,-0.2994,0.587,0.92,101.5,173.8,1.712,0.037897,8,0.385,0
scale_p30,scale,scale,1,001100.png,1,0.2364,0.1718,0.3009,0.1774,-0.0961,-0.1291,-0.1236,0.562,0.3194,25.0,29.8,1.193,0.0016,8,0.339,0
scale_p30,scale,scale,1,001100.png,1,0.3349,0.336,0.3339,0.0194,-0.0378,0.0021,-0.2982,0.561,0.8259,36.4,91.5,2.516,0.00715,8,0.268,0
scale_p30,scale,scale,1,001100.png,1,0.3487,0.3675,0.3299,-0.0138,0.008,0.0376,-0.3537,0.55,0.3692,92.4,123.5,1.337,0.024498,8,0.301,0
scale_p30,scale,scale,1,001143.png,1,0.2759,0.2486,0.3031,0.0387,-0.0134,-0.0545,-0.2644,0.615,0.8845,33.1,59.0,1.783,0.004195,4,0.0,0
scale_p30,scale,scale,1,001158.png,1,0.2213,0.2949,0.1478,-0.0384,-0.0189,0.1471,-0.2565,0.673,0.677,132.3,231.4,1.748,0.065623,5,0.0,1
scale_p30,scale,scale,1,001158.png,1,0.286,0.3122,0.2599,0.0004,0.0123,0.0524,-0.2999,0.605,0.7646,53.5,74.9,1.4,0.008584,5,0.176,0
scale_p30,scale,height,0,001190.png,0,0.1299,-0.0982,0.1299,-0.026,0.0106,-0.0317,-0.1039,0.807,0.8596,65.7,94.7,1.441,0.013372,7,0.752,0
scale_p30,scale,scale,1,001190.png,1,0.3371,0.2963,0.3778,0.0056,0.0342,-0.0814,-0.3435,0.56,0.8216,50.7,66.4,1.311,0.00722,7,0.484,0
scale_p30,scale,scale,1,001190.png,1,0.3833,0.2887,0.4779,0.0287,0.0442,-0.1892,-0.4336,0.525,0.9055,100.2,131.4,1.311,0.028289,7,0.501,0
scale_p30,scale,height,0,001209.png,0,0.1634,-0.0753,-0.1634,-0.0298,-0.045,-0.0881,-0.1184,0.774,0.3786,74.7,153.9,2.061,0.02467,13,1.0,0
scale_p30,scale,scale,1,001209.png,0,0.1498,0.1531,0.1465,0.0496,-0.0212,0.0066,-0.1035,0.756,0.5922,49.0,106.8,2.177,0.011241,13,0.937,0
scale_p30,scale,translation_x,0,001209.png,0,0.1528,0.0158,-0.0645,-0.1528,-0.0262,-0.0487,0.0883,0.695,0.2967,29.8,70.4,2.362,0.004505,13,0.926,0
scale_p30,scale,scale,1,001209.png,1,0.2053,0.23,0.1806,-0.0866,0.0184,0.0494,-0.1434,0.689,0.4526,24.5,62.3,2.541,0.003284,13,0.657,0
scale_p30,scale,scale,1,001209.png,1,0.2849,0.2357,0.3342,0.0221,-0.0085,-0.0985,-0.3122,0.607,0.9408,207.2,192.8,0.931,0.085771,13,0.274,1
scale_p30,scale,scale,1,001209.png,1,0.2922,0.3186,0.2659,-0.005,0.003,0.0527,-0.3136,0.599,0.5929,37.6,94.3,2.51,0.0076,13,0.783,0
scale_p30,scale,scale,1,001209.png,1,0.3156,0.2796,0.3516,-0.0274,0.0167,-0.0721,-0.3242,0.578,0.7334,81.5,160.9,1.974,0.028147,13,0.798,0
scale_p30,scale,scale,1,001209.png,1,0.3363,0.3774,0.2952,0.0187,-0.0175,0.0822,-0.3586,0.561,0.9016,101.7,192.9,1.896,0.042126,13,0.517,0
scale_p30,scale,scale,1,001226.png,1,0.2905,0.295,0.286,0.0027,0.0065,0.009,-0.2885,0.6,0.9257,117.4,258.5,2.202,0.065177,4,0.0,1
scale_p30,scale,scale,1,001276.png,1,0.2761,0.219,0.3332,-0.0248,0.0324,-0.1142,-0.3008,0.615,0.6576,24.7,32.3,1.308,0.001711,6,0.227,0
scale_p30,scale,scale,1,001276.png,1,0.3425,0.3787,0.3063,-0.0346,-0.0037,0.0723,-0.3441,0.555,0.6732,73.8,104.8,1.42,0.016599,6,0.301,0
missing_10,missing,width,0,000060.png,0,0.2762,-0.2762,-0.0649,-0.1114,0.0218,0.2113,-0.1648,0.677,0.283,19.7,49.8,2.527,0.002105,2,0.0,0
missing_10,missing,width,0,000136.png,0,0.1698,0.1698,0.04,0.0714,-0.0001,0.1299,-0.0984,0.822,0.7334,57.5,162.3,2.823,0.020033,5,0.403,0
missing_10,missing,translation_x,0,000136.png,0,0.1025,-0.0008,-0.033,0.1025,-0.0467,-0.0322,0.0695,0.746,0.7895,27.8,35.1,1.264,0.002093,5,0.282,0
missing_10,missing,height,0,000136.png,0,0.184,0.0376,0.184,-0.0099,0.1417,-0.1464,-0.0423,0.743,0.7836,36.9,68.8,1.865,0.005446,5,0.0,0
missing_10,missing,translation_x,0,000357.png,0,0.1061,0.0784,0.0416,-0.1061,-0.0603,0.0368,0.0277,0.73,0.5936,39.9,56.8,1.424,0.004859,7,0.661,0
missing_10,missing,scale,0,000386.png,0,0.1555,-0.1289,-0.182,0.0722,-0.0254,-0.0531,-0.1098,0.702,0.3354,82.4,189.6,2.303,0.033474,8,1.0,0
missing_10,missing,scale,0,000421.png,0,0.324,-0.3787,-0.2693,-0.13,-0.052,0.1095,-0.2488,0.454,0.4469,27.3,66.8,2.445,0.00392,7,0.683,0
missing_10,missing,width,0,000493.png,0,0.1643,-0.1643,-0.0118,0.12,0.0117,0.1525,-0.0443,0.752,0.8197,34.4,42.6,1.238,0.003145,4,0.0,0
missing_10,missing,height,0,000539.png,0,0.1396,-0.0533,-0.1396,-0.0104,-0.038,-0.0862,-0.1016,0.815,0.8233,30.5,63.2,2.07,0.004145,6,0.278,0
missing_10,missing,width,0,000539.png,0,0.2256,0.2256,-0.0399,-0.1268,0.0656,0.1857,-0.0987,0.707,0.7479,23.8,45.0,1.888,0.002302,6,0.346,0
missing_10,missing,width,0,000539.png,0,0.2833,-0.2833,-0.1115,0.0748,-0.0205,0.1718,-0.2085,0.637,0.6364,21.2,47.7,2.253,0.002168,6,0.411,0
missing_10,missing,width,0,000577.png,0,0.1938,0.1938,-0.1132,-0.1024,0.0588,0.0806,-0.0913,0.746,0.4308,130.9,69.6,0.532,0.019575,4,0.0,1
missing_10,missing,width,0,000601.png,0,0.1387,-0.1387,-0.0578,0.0068,0.0038,0.0809,-0.1319,0.811,0.6537,22.8,25.9,1.136,0.001267,2,0.0,0
missing_10,missing,height,0,000612.png,0,0.1528,0.0444,0.1528,-0.0866,0.0571,-0.1084,-0.0662,0.738,0.254,27.2,72.2,2.658,0.004215,9,0.671,0
missing_10,missing,height,0,000612.png,0,0.2662,-0.1559,0.2662,0.0496,-0.1841,-0.1103,-0.0821,0.632,0.2632,46.1,133.0,2.888,0.013155,9,0.395,0
missing_10,missing,width,0,000616.png,0,0.1483,0.1483,0.0428,-0.0549,0.0122,0.1055,-0.0934,0.835,0.6724,30.2,43.9,1.455,0.002843,3,0.05,0
missing_10,missing,width,0,000623.png,0,0.1745,-0.1745,-0.0241,0.0363,-0.07,0.1504,-0.1045,0.723,0.3458,81.7,184.4,2.257,0.032358,7,0.031,0
missing_10,missing,width,0,000657.png,0,0.1335,-0.1335,-0.0373,-0.0163,-0.0605,0.0962,-0.073,0.77,0.3552,15.7,21.1,1.348,0.000709,2,0.0,0
missing_10,missing,translation_y,0,000657.png,0,0.1368,0.0088,-0.0465,-0.0259,-0.1368,-0.0376,0.0904,0.721,0.5261,17.4,21.1,1.211,0.000788,2,0.0,0
missing_10,missing,width,0,000664.png,0,0.2198,0.2198,0.0663,0.0964,-0.0158,0.1536,-0.1235,0.769,0.5068,37.1,38.7,1.042,0.003103,5,0.599,0
missing_10,missing,width,0,000725.png,0,0.173,-0.173,-0.0084,-0.0649,0.0029,0.1645,-0.1081,0.82,0.7178,67.4,164.2,2.437,0.023699,7,0.27,0
missing_10,missing,height,0,000725.png,0,0.1353,0.0702,-0.1353,0.035,0.0637,-0.0651,-0.0716,0.815,0.8326,185.2,130.5,0.705,0.051786,7,0.414,1
missing_10,missing,width,0,000725.png,0,0.2127,0.2127,0.0014,0.1021,-0.0243,0.2113,-0.1106,0.789,0.7433,86.1,138.4,1.608,0.025543,7,0.852,1
missing_10,missing,width,0,000729.png,0,0.1238,0.1238,0.0875,-0.0762,0.0093,0.0363,-0.0476,0.797,0.6637,44.7,128.7,2.877,0.012365,5,0.479,0
missing_10,missing,width,0,000747.png,0,0.177,-0.177,-0.0386,-0.0779,0.0043,0.1384,-0.0991,0.791,0.4229,28.6,98.4,3.433,0.00605,5,0.0,0
missing_10,missing,width,0,000747.png,0,0.1481,0.1481,0.0896,-0.0953,0.0145,0.0586,-0.0529,0.769,0.372,30.6,38.5,1.261,0.002527,5,0.446,0
missing_10,missing,height,0,000747.png,0,0.2514,0.0713,0.2514,0.0237,0.0259,-0.18,-0.2255,0.746,0.6725,18.2,23.0,1.262,0.000897,5,0.0,0
missing_10,missing,translation_y,0,000747.png,0,0.1316,-0.117,-0.0949,-0.056,0.1316,0.0221,0.0146,0.675,0.6663,27.7,30.3,1.094,0.001805,5,0.0,0
missing_10,missing,width,0,000843.png,0,0.1251,-0.1251,0.0299,0.0239,-0.0637,0.0952,-0.0614,0.779,0.4797,18.8,25.8,1.373,0.001045,8,0.0,0
missing_10,missing,width,0,000846.png,0,0.1361,0.1361,0.0026,-0.038,0.0226,0.1336,-0.0981,0.843,0.6837,22.7,58.7,2.582,0.002862,7,0.0,0
missing_10,missing,translation_y,0,000846.png,0,0.1004,-0.074,-0.0744,-0.0067,-0.1004,-0.0005,0.0259,0.755,0.5192,15.9,26.5,1.66,0.000907,7,0.0,0
missing_10,missing,height,0,000846.png,0,0.2328,-0.044,-0.2328,0.007,-0.0514,-0.1888,-0.1815,0.733,0.5703,32.5,70.1,2.157,0.00489,7,0.168,0
missing_10,missing,width,0,000846.png,0,0.5633,0.5633,0.0676,0.0473,-0.1453,0.4957,-0.418,0.499,0.558,22.5,56.9,2.524,0.002752,7,0.0,0
missing_10,missing,width,0,000859.png,0,0.2538,0.2538,0.0552,-0.136,-0.0309,0.1986,-0.1178,0.74,0.6945,172.6,106.1,0.615,0.039311,5,0.0,1
missing_10,missing,width,0,000859.png,0,0.2669,0.2669,0.0911,-0.0987,0.0148,0.1758,-0.1682,0.723,0.6033,21.8,30.6,1.407,0.00143,5,0.304,0
missing_10,missing,scale,0,000882.png,0,0.1374,-0.1534,-0.1214,0.0337,-0.0584,0.032,-0.0951,0.744,0.6687,26.7,29.5,1.106,0.001689,9,0.104,0
missing_10,missing,width,0,000910.png,0,0.1353,0.1353,0.0072,0.0346,0.0019,0.1281,-0.1007,0.875,0.397,26.6,56.4,2.125,0.003219,8,0.643,0
missing_10,missing,height,0,000936.png,0,0.2352,-0.1165,-0.2352,0.0275,-0.139,-0.1187,-0.0962,0.645,0.272,61.4,122.0,1.986,0.016092,11,0.832,0
missing_10,missing,height,0,000936.png,0,0.252,-0.0251,0.252,-0.0563,0.2217,-0.227,-0.0304,0.611,0.3914,93.0,152.8,1.643,0.030519,11,0.98,1
missing_10,missing,scale,0,000936.png,0,0.2317,-0.2473,-0.2161,0.0445,-0.0796,0.0312,-0.1677,0.59,0.3649,38.0,90.9,2.389,0.007423,11,0.978,0
missing_10,missing,height,0,000985.png,0,0.138,0.0059,0.138,0.0037,0.0644,-0.1321,-0.0736,0.872,0.344,58.9,128.5,2.182,0.016225,10,0.898,0
missing_10,missing,height,0,001013.png,0,0.127,-0.0574,0.127,-0.0287,0.0719,-0.0696,-0.0551,0.829,0.7421,116.2,154.6,1.331,0.038519,9,1.0,1
missing_10,missing,scale,0,001013.png,0,0.3094,-0.3237,-0.2951,0.0466,-0.1498,0.0286,-0.1739,0.475,0.3432,63.6,153.5,2.414,0.020907,9,1.0,0
missing_10,missing,width,0,001100.png,0,0.1324,0.1324,-0.085,-0.0545,-0.0394,0.0475,-0.0779,0.816,0.3675,29.8,57.1,1.918,0.003655,8,0.683,0
missing_10,missing,translation_x,0,001100.png,0,0.1774,-0.0986,0.0007,0.1774,-0.0961,0.0979,0.0788,0.581,0.3194,25.0,29.8,1.193,0.0016,8,0.351,0
missing_10,missing,height,0,001190.png,0,0.1368,-0.0087,0.1368,0.0287,0.0442,-0.1281,-0.0926,0.834,0.9055,100.2,131.4,1.311,0.028289,6,0.589,0
missing_10,missing,height,0,001190.png,0,0.1299,-0.0982,0.1299,-0.026,0.0106,-0.0317,-0.1039,0.807,0.8596,65.7,94.7,1.441,0.013372,6,0.46,0
missing_10,missing,height,0,001209.png,0,0.1634,-0.0753,-0.1634,-0.0298,-0.045,-0.0881,-0.1184,0.774,0.3786,74.7,153.9,2.061,0.02467,13,0.892,0
missing_10,missing,scale,0,001209.png,0,0.1498,0.1531,0.1465,0.0496,-0.0212,0.0066,-0.1035,0.756,0.5922,49.0,106.8,2.177,0.011241,13,0.81,0
missing_10,missing,translation_x,0,001209.png,0,0.1528,0.0158,-0.0645,-0.1528,-0.0262,-0.0487,0.0883,0.695,0.2967,29.8,70.4,2.362,0.004505,13,0.704,0
missing_20,missing,width,0,000136.png,0,0.1698,0.1698,0.04,0.0714,-0.0001,0.1299,-0.0984,0.822,0.7334,57.5,162.3,2.823,0.020033,5,0.403,0
missing_20,missing,translation_x,0,000136.png,0,0.1025,-0.0008,-0.033,0.1025,-0.0467,-0.0322,0.0695,0.746,0.7895,27.8,35.1,1.264,0.002093,5,0.282,0
missing_20,missing,translation_x,0,000357.png,0,0.1061,0.0784,0.0416,-0.1061,-0.0603,0.0368,0.0277,0.73,0.5936,39.9,56.8,1.424,0.004859,6,0.661,0
missing_20,missing,scale,0,000421.png,0,0.324,-0.3787,-0.2693,-0.13,-0.052,0.1095,-0.2488,0.454,0.4469,27.3,66.8,2.445,0.00392,6,0.0,0
missing_20,missing,width,0,000493.png,0,0.1643,-0.1643,-0.0118,0.12,0.0117,0.1525,-0.0443,0.752,0.8197,34.4,42.6,1.238,0.003145,3,0.0,0
missing_20,missing,translation_y,0,000521.png,0,0.1324,0.1183,-0.0291,0.0658,0.1324,0.0892,0.0141,0.684,0.5935,19.5,26.8,1.371,0.001121,4,0.0,0
missing_20,missing,width,0,000539.png,0,0.2256,0.2256,-0.0399,-0.1268,0.0656,0.1857,-0.0987,0.707,0.7479,23.8,45.0,1.888,0.002302,5,0.149,0
missing_20,missing,width,0,000539.png,0,0.2833,-0.2833,-0.1115,0.0748,-0.0205,0.1718,-0.2085,0.637,0.6364,21.2,47.7,2.253,0.002168,5,0.411,0
missing_20,missing,width,0,000577.png,0,0.1938,0.1938,-0.1132,-0.1024,0.0588,0.0806,-0.0913,0.746,0.4308,130.9,69.6,0.532,0.019575,5,0.0,1
missing_20,missing,width,0,000601.png,0,0.1387,-0.1387,-0.0578,0.0068,0.0038,0.0809,-0.1319,0.811,0.6537,22.8,25.9,1.136,0.001267,2,0.0,0
missing_20,missing,height,0,000612.png,0,0.1528,0.0444,0.1528,-0.0866,0.0571,-0.1084,-0.0662,0.738,0.254,27.2,72.2,2.658,0.004215,8,0.671,0
missing_20,missing,height,0,000612.png,0,0.2662,-0.1559,0.2662,0.0496,-0.1841,-0.1103,-0.0821,0.632,0.2632,46.1,133.0,2.888,0.013155,8,0.395,0
missing_20,missing,width,0,000616.png,0,0.1483,0.1483,0.0428,-0.0549,0.0122,0.1055,-0.0934,0.835,0.6724,30.2,43.9,1.455,0.002843,1,0.0,0
missing_20,missing,width,0,000623.png,0,0.1745,-0.1745,-0.0241,0.0363,-0.07,0.1504,-0.1045,0.723,0.3458,81.7,184.4,2.257,0.032358,6,0.0,0
missing_20,missing,width,0,000657.png,0,0.1335,-0.1335,-0.0373,-0.0163,-0.0605,0.0962,-0.073,0.77,0.3552,15.7,21.1,1.348,0.000709,1,0.0,0
missing_20,missing,width,0,000725.png,0,0.173,-0.173,-0.0084,-0.0649,0.0029,0.1645,-0.1081,0.82,0.7178,67.4,164.2,2.437,0.023699,6,0.0,0
missing_20,missing,height,0,000725.png,0,0.1353,0.0702,-0.1353,0.035,0.0637,-0.0651,-0.0716,0.815,0.8326,185.2,130.5,0.705,0.051786,6,0.349,1
missing_20,missing,width,0,000725.png,0,0.2127,0.2127,0.0014,0.1021,-0.0243,0.2113,-0.1106,0.789,0.7433,86.1,138.4,1.608,0.025543,6,0.539,1
missing_20,missing,width,0,000729.png,0,0.1238,0.1238,0.0875,-0.0762,0.0093,0.0363,-0.0476,0.797,0.6637,44.7,128.7,2.877,0.012365,6,0.479,0
missing_20,missing,width,0,000747.png,0,0.177,-0.177,-0.0386,-0.0779,0.0043,0.1384,-0.0991,0.791,0.4229,28.6,98.4,3.433,0.00605,4,0.0,0
missing_20,missing,width,0,000747.png,0,0.1481,0.1481,0.0896,-0.0953,0.0145,0.0586,-0.0529,0.769,0.372,30.6,38.5,1.261,0.002527,4,0.0,0
missing_20,missing,height,0,000747.png,0,0.2514,0.0713,0.2514,0.0237,0.0259,-0.18,-0.2255,0.746,0.6725,18.2,23.0,1.262,0.000897,4,0.0,0
missing_20,missing,translation_y,0,000747.png,0,0.1316,-0.117,-0.0949,-0.056,0.1316,0.0221,0.0146,0.675,0.6663,27.7,30.3,1.094,0.001805,4,0.0,0
missing_20,missing,width,0,000846.png,0,0.1361,0.1361,0.0026,-0.038,0.0226,0.1336,-0.0981,0.843,0.6837,22.7,58.7,2.582,0.002862,7,0.0,0
missing_20,missing,translation_y,0,000846.png,0,0.1004,-0.074,-0.0744,-0.0067,-0.1004,-0.0005,0.0259,0.755,0.5192,15.9,26.5,1.66,0.000907,7,0.0,0
missing_20,missing,height,0,000846.png,0,0.2328,-0.044,-0.2328,0.007,-0.0514,-0.1888,-0.1815,0.733,0.5703,32.5,70.1,2.157,0.00489,7,0.168,0
missing_20,missing,width,0,000846.png,0,0.5633,0.5633,0.0676,0.0473,-0.1453,0.4957,-0.418,0.499,0.558,22.5,56.9,2.524,0.002752,7,0.0,0
missing_20,missing,width,0,000859.png,0,0.2538,0.2538,0.0552,-0.136,-0.0309,0.1986,-0.1178,0.74,0.6945,172.6,106.1,0.615,0.039311,6,0.0,1
missing_20,missing,width,0,000859.png,0,0.2669,0.2669,0.0911,-0.0987,0.0148,0.1758,-0.1682,0.723,0.6033,21.8,30.6,1.407,0.00143,6,0.304,0
missing_20,missing,scale,0,000882.png,0,0.1374,-0.1534,-0.1214,0.0337,-0.0584,0.032,-0.0951,0.744,0.6687,26.7,29.5,1.106,0.001689,7,0.104,0
missing_20,missing,width,0,000910.png,0,0.1353,0.1353,0.0072,0.0346,0.0019,0.1281,-0.1007,0.875,0.397,26.6,56.4,2.125,0.003219,7,0.643,0
missing_20,missing,height,0,000918.png,0,0.1811,-0.0888,-0.1811,-0.0156,0.0061,-0.0923,-0.1655,0.746,0.313,24.8,54.5,2.198,0.0029,6,0.0,0
missing_20,missing,height,0,000936.png,0,0.2352,-0.1165,-0.2352,0.0275,-0.139,-0.1187,-0.0962,0.645,0.272,61.4,122.0,1.986,0.016092,8,0.832,0
missing_20,missing,height,0,000936.png,0,0.252,-0.0251,0.252,-0.0563,0.2217,-0.227,-0.0304,0.611,0.3914,93.0,152.8,1.643,0.030519,8,0.139,1
missing_20,missing,height,0,000985.png,0,0.138,0.0059,0.138,0.0037,0.0644,-0.1321,-0.0736,0.872,0.344,58.9,128.5,2.182,0.016225,8,0.0,0
missing_20,missing,height,0,000998.png,0,0.1239,-0.0886,0.1239,0.0032,-0.0446,-0.0353,-0.0793,0.819,0.6931,31.7,40.4,1.273,0.002752,6,0.255,0
missing_20,missing,height,0,001013.png,0,0.127,-0.0574,0.127,-0.0287,0.0719,-0.0696,-0.0551,0.829,0.7421,116.2,154.6,1.331,0.038519,6,0.0,1
missing_20,missing,scale,0,001013.png,0,0.3094,-0.3237,-0.2951,0.0466,-0.1498,0.0286,-0.1739,0.475,0.3432,63.6,153.5,2.414,0.020907,6,0.932,0
missing_20,missing,width,0,001100.png,0,0.1324,0.1324,-0.085,-0.0545,-0.0394,0.0475,-0.0779,0.816,0.3675,29.8,57.1,1.918,0.003655,5,0.0,0
missing_20,missing,height,0,001209.png,0,0.1634,-0.0753,-0.1634,-0.0298,-0.045,-0.0881,-0.1184,0.774,0.3786,74.7,153.9,2.061,0.02467,12,0.892,0
missing_20,missing,scale,0,001209.png,0,0.1498,0.1531,0.1465,0.0496,-0.0212,0.0066,-0.1035,0.756,0.5922,49.0,106.8,2.177,0.011241,12,0.81,0
missing_20,missing,translation_x,0,001209.png,0,0.1528,0.0158,-0.0645,-0.1528,-0.0262,-0.0487,0.0883,0.695,0.2967,29.8,70.4,2.362,0.004505,12,0.704,0
missing_30,missing,width,0,000060.png,0,0.2762,-0.2762,-0.0649,-0.1114,0.0218,0.2113,-0.1648,0.677,0.283,19.7,49.8,2.527,0.002105,2,0.0,0
missing_30,missing,width,0,000075.png,0,0.1413,-0.1413,-0.0166,0.1143,0.0347,0.1247,-0.027,0.733,0.4814,25.3,49.2,1.942,0.002674,5,0.0,0
missing_30,missing,width,0,000136.png,0,0.1698,0.1698,0.04,0.0714,-0.0001,0.1299,-0.0984,0.822,0.7334,57.5,162.3,2.823,0.020033,5,0.403,0
missing_30,missing,translation_x,0,000136.png,0,0.1025,-0.0008,-0.033,0.1025,-0.0467,-0.0322,0.0695,0.746,0.7895,27.8,35.1,1.264,0.002093,5,0.282,0
missing_30,missing,height,0,000136.png,0,0.184,0.0376,0.184,-0.0099,0.1417,-0.1464,-0.0423,0.743,0.7836,36.9,68.8,1.865,0.005446,5,0.0,0
missing_30,missing,scale,0,000386.png,0,0.1555,-0.1289,-0.182,0.0722,-0.0254,-0.0531,-0.1098,0.702,0.3354,82.4,189.6,2.303,0.033474,7,1.0,0
missing_30,missing,scale,0,000421.png,0,0.324,-0.3787,-0.2693,-0.13,-0.052,0.1095,-0.2488,0.454,0.4469,27.3,66.8,2.445,0.00392,6,0.683,0
missing_30,missing,width,0,000493.png,0,0.1643,-0.1643,-0.0118,0.12,0.0117,0.1525,-0.0443,0.752,0.8197,34.4,42.6,1.238,0.003145,3,0.0,0
missing_30,missing,translation_y,0,000521.png,0,0.1324,0.1183,-0.0291,0.0658,0.1324,0.0892,0.0141,0.684,0.5935,19.5,26.8,1.371,0.001121,3,0.0,0
missing_30,missing,height,0,000539.png,0,0.1396,-0.0533,-0.1396,-0.0104,-0.038,-0.0862,-0.1016,0.815,0.8233,30.5,63.2,2.07,0.004145,4,0.0,0
missing_30,missing,width,0,000539.png,0,0.2833,-0.2833,-0.1115,0.0748,-0.0205,0.1718,-0.2085,0.637,0.6364,21.2,47.7,2.253,0.002168,4,0.411,0
missing_30,missing,height,0,000612.png,0,0.1528,0.0444,0.1528,-0.0866,0.0571,-0.1084,-0.0662,0.738,0.254,27.2,72.2,2.658,0.004215,8,0.671,0
missing_30,missing,height,0,000612.png,0,0.2662,-0.1559,0.2662,0.0496,-0.1841,-0.1103,-0.0821,0.632,0.2632,46.1,133.0,2.888,0.013155,8,0.395,0
missing_30,missing,width,0,000616.png,0,0.1483,0.1483,0.0428,-0.0549,0.0122,0.1055,-0.0934,0.835,0.6724,30.2,43.9,1.455,0.002843,3,0.05,0
missing_30,missing,translation_y,0,000657.png,0,0.1368,0.0088,-0.0465,-0.0259,-0.1368,-0.0376,0.0904,0.721,0.5261,17.4,21.1,1.211,0.000788,1,0.0,0
missing_30,missing,width,0,000725.png,0,0.173,-0.173,-0.0084,-0.0649,0.0029,0.1645,-0.1081,0.82,0.7178,67.4,164.2,2.437,0.023699,5,0.27,0
missing_30,missing,height,0,000725.png,0,0.1353,0.0702,-0.1353,0.035,0.0637,-0.0651,-0.0716,0.815,0.8326,185.2,130.5,0.705,0.051786,5,0.414,1
missing_30,missing,width,0,000725.png,0,0.2127,0.2127,0.0014,0.1021,-0.0243,0.2113,-0.1106,0.789,0.7433,86.1,138.4,1.608,0.025543,5,0.852,1
missing_30,missing,width,0,000729.png,0,0.1238,0.1238,0.0875,-0.0762,0.0093,0.0363,-0.0476,0.797,0.6637,44.7,128.7,2.877,0.012365,6,0.479,0
missing_30,missing,width,0,000747.png,0,0.177,-0.177,-0.0386,-0.0779,0.0043,0.1384,-0.0991,0.791,0.4229,28.6,98.4,3.433,0.00605,2,0.0,0
missing_30,missing,width,0,000747.png,0,0.1481,0.1481,0.0896,-0.0953,0.0145,0.0586,-0.0529,0.769,0.372,30.6,38.5,1.261,0.002527,2,0.0,0
missing_30,missing,width,0,000843.png,0,0.1251,-0.1251,0.0299,0.0239,-0.0637,0.0952,-0.0614,0.779,0.4797,18.8,25.8,1.373,0.001045,6,0.0,0
missing_30,missing,translation_y,0,000846.png,0,0.1004,-0.074,-0.0744,-0.0067,-0.1004,-0.0005,0.0259,0.755,0.5192,15.9,26.5,1.66,0.000907,6,0.0,0
missing_30,missing,height,0,000846.png,0,0.2328,-0.044,-0.2328,0.007,-0.0514,-0.1888,-0.1815,0.733,0.5703,32.5,70.1,2.157,0.00489,6,0.168,0
missing_30,missing,width,0,000846.png,0,0.5633,0.5633,0.0676,0.0473,-0.1453,0.4957,-0.418,0.499,0.558,22.5,56.9,2.524,0.002752,6,0.0,0
missing_30,missing,width,0,000859.png,0,0.2538,0.2538,0.0552,-0.136,-0.0309,0.1986,-0.1178,0.74,0.6945,172.6,106.1,0.615,0.039311,5,0.0,1
missing_30,missing,width,0,000859.png,0,0.2669,0.2669,0.0911,-0.0987,0.0148,0.1758,-0.1682,0.723,0.6033,21.8,30.6,1.407,0.00143,5,0.304,0
missing_30,missing,scale,0,000882.png,0,0.1374,-0.1534,-0.1214,0.0337,-0.0584,0.032,-0.0951,0.744,0.6687,26.7,29.5,1.106,0.001689,5,0.0,0
missing_30,missing,width,0,000910.png,0,0.1353,0.1353,0.0072,0.0346,0.0019,0.1281,-0.1007,0.875,0.397,26.6,56.4,2.125,0.003219,7,0.643,0
missing_30,missing,height,0,000918.png,0,0.1811,-0.0888,-0.1811,-0.0156,0.0061,-0.0923,-0.1655,0.746,0.313,24.8,54.5,2.198,0.0029,6,0.0,0
missing_30,missing,height,0,000936.png,0,0.2352,-0.1165,-0.2352,0.0275,-0.139,-0.1187,-0.0962,0.645,0.272,61.4,122.0,1.986,0.016092,6,0.832,0
missing_30,missing,scale,0,000936.png,0,0.2317,-0.2473,-0.2161,0.0445,-0.0796,0.0312,-0.1677,0.59,0.3649,38.0,90.9,2.389,0.007423,6,0.978,0
missing_30,missing,height,0,000985.png,0,0.138,0.0059,0.138,0.0037,0.0644,-0.1321,-0.0736,0.872,0.344,58.9,128.5,2.182,0.016225,9,0.898,0
missing_30,missing,height,0,000998.png,0,0.1239,-0.0886,0.1239,0.0032,-0.0446,-0.0353,-0.0793,0.819,0.6931,31.7,40.4,1.273,0.002752,5,0.126,0
missing_30,missing,scale,0,001013.png,0,0.3094,-0.3237,-0.2951,0.0466,-0.1498,0.0286,-0.1739,0.475,0.3432,63.6,153.5,2.414,0.020907,6,0.932,0
missing_30,missing,width,0,001100.png,0,0.1324,0.1324,-0.085,-0.0545,-0.0394,0.0475,-0.0779,0.816,0.3675,29.8,57.1,1.918,0.003655,6,0.683,0
missing_30,missing,translation_x,0,001100.png,0,0.1774,-0.0986,0.0007,0.1774,-0.0961,0.0979,0.0788,0.581,0.3194,25.0,29.8,1.193,0.0016,6,0.0,0
missing_30,missing,height,0,001190.png,0,0.1368,-0.0087,0.1368,0.0287,0.0442,-0.1281,-0.0926,0.834,0.9055,100.2,131.4,1.311,0.028289,6,0.589,0
missing_30,missing,height,0,001190.png,0,0.1299,-0.0982,0.1299,-0.026,0.0106,-0.0317,-0.1039,0.807,0.8596,65.7,94.7,1.441,0.013372,6,0.46,0
missing_30,missing,height,0,001209.png,0,0.1634,-0.0753,-0.1634,-0.0298,-0.045,-0.0881,-0.1184,0.774,0.3786,74.7,153.9,2.061,0.02467,6,0.892,0
duplicate_10,duplicate,width,0,000060.png,0,0.2762,-0.2762,-0.0649,-0.1114,0.0218,0.2113,-0.1648,0.677,0.283,19.7,49.8,2.527,0.002105,2,0.0,0
duplicate_10,duplicate,width,0,000075.png,0,0.1413,-0.1413,-0.0166,0.1143,0.0347,0.1247,-0.027,0.733,0.4814,25.3,49.2,1.942,0.002674,6,0.0,0
duplicate_10,duplicate,width,0,000136.png,0,0.1698,0.1698,0.04,0.0714,-0.0001,0.1299,-0.0984,0.822,0.7334,57.5,162.3,2.823,0.020033,6,0.403,0
duplicate_10,duplicate,translation_x,0,000136.png,0,0.1025,-0.0008,-0.033,0.1025,-0.0467,-0.0322,0.0695,0.746,0.7895,27.8,35.1,1.264,0.002093,6,0.282,0
duplicate_10,duplicate,height,0,000136.png,0,0.184,0.0376,0.184,-0.0099,0.1417,-0.1464,-0.0423,0.743,0.7836,36.9,68.8,1.865,0.005446,6,0.054,0
duplicate_10,duplicate,translation_y,0,000286.png,1,0.1616,0.0327,0.1348,0.1574,0.1616,-0.1021,0.0268,0.558,0.4303,42.2,54.9,1.3,0.004975,14,0.901,0
duplicate_10,duplicate,translation_x,0,000357.png,0,0.1061,0.0784,0.0416,-0.1061,-0.0603,0.0368,0.0277,0.73,0.5936,39.9,56.8,1.424,0.004859,9,0.661,0
duplicate_10,duplicate,scale,0,000386.png,1,0.1555,-0.1289,-0.182,0.0722,-0.0254,-0.0531,-0.1098,0.702,0.3354,82.4,189.6,2.303,0.033474,10,1.0,0
duplicate_10,duplicate,scale,0,000421.png,1,0.324,-0.3787,-0.2693,-0.0803,0.0065,0.1095,-0.2985,0.454,0.4469,27.3,66.8,2.445,0.00392,10,0.846,0
duplicate_10,duplicate,width,0,000493.png,0,0.1643,-0.1643,-0.0118,0.12,0.0117,0.1525,-0.0443,0.752,0.8197,34.4,42.6,1.238,0.003145,4,0.0,0
duplicate_10,duplicate,translation_y,0,000521.png,0,0.1324,0.1183,-0.0291,0.0658,0.1324,0.0892,0.0141,0.684,0.5935,19.5,26.8,1.371,0.001121,4,0.0,0
duplicate_10,duplicate,height,0,000539.png,0,0.1396,-0.0533,-0.1396,-0.0104,-0.038,-0.0862,-0.1016,0.815,0.8233,30.5,63.2,2.07,0.004145,7,0.278,0
duplicate_10,duplicate,width,0,000539.png,0,0.2256,0.2256,-0.0399,-0.1268,0.0656,0.1857,-0.0987,0.707,0.7479,23.8,45.0,1.888,0.002302,7,0.346,0
duplicate_10,duplicate,width,0,000539.png,0,0.2833,-0.2833,-0.1115,0.0748,-0.0205,0.1718,-0.2085,0.637,0.6364,21.2,47.7,2.253,0.002168,7,0.411,0
duplicate_10,duplicate,width,0,000577.png,0,0.1938,0.1938,-0.1132,-0.1024,0.0588,0.0806,-0.0913,0.746,0.4308,130.9,69.6,0.532,0.019575,5,0.0,1
duplicate_10,duplicate,width,0,000601.png,0,0.1387,-0.1387,-0.0578,0.0068,0.0038,0.0809,-0.1319,0.811,0.6537,22.8,25.9,1.136,0.001267,2,0.0,0
duplicate_10,duplicate,height,0,000612.png,0,0.1528,0.0444,0.1528,-0.0866,0.0571,-0.1084,-0.0662,0.738,0.254,27.2,72.2,2.658,0.004215,10,0.671,0
duplicate_10,duplicate,height,0,000612.png,0,0.2662,-0.1559,0.2662,0.0496,-0.1841,-0.1103,-0.0821,0.632,0.2632,46.1,133.0,2.888,0.013155,10,0.395,0
duplicate_10,duplicate,translation_y,0,000612.png,1,0.241,0.1791,0.1192,-0.1518,0.241,0.0599,0.0619,0.495,0.598,83.7,200.2,2.391,0.036006,10,0.846,0
duplicate_10,duplicate,width,0,000616.png,1,0.1483,0.1483,0.0428,-0.0549,0.0122,0.1055,-0.0934,0.835,0.6724,30.2,43.9,1.455,0.002843,5,0.846,0
duplicate_10,duplicate,width,0,000623.png,0,0.1745,-0.1745,-0.0241,0.0363,-0.07,0.1504,-0.1045,0.723,0.3458,81.7,184.4,2.257,0.032358,9,0.031,0
duplicate_10,duplicate,width,0,000657.png,0,0.1335,-0.1335,-0.0373,-0.0163,-0.0605,0.0962,-0.073,0.77,0.3552,15.7,21.1,1.348,0.000709,2,0.0,0
duplicate_10,duplicate,translation_y,0,000657.png,0,0.1368,0.0088,-0.0465,-0.0259,-0.1368,-0.0376,0.0904,0.721,0.5261,17.4,21.1,1.211,0.000788,2,0.0,0
duplicate_10,duplicate,width,0,000664.png,0,0.2198,0.2198,0.0663,0.0964,-0.0158,0.1536,-0.1235,0.769,0.5068,37.1,38.7,1.042,0.003103,5,0.599,0
duplicate_10,duplicate,width,0,000725.png,0,0.173,-0.173,-0.0084,-0.0649,0.0029,0.1645,-0.1081,0.82,0.7178,67.4,164.2,2.437,0.023699,7,0.27,0
duplicate_10,duplicate,height,0,000725.png,0,0.1353,0.0702,-0.1353,0.035,0.0637,-0.0651,-0.0716,0.815,0.8326,185.2,130.5,0.705,0.051786,7,0.414,1
duplicate_10,duplicate,width,0,000725.png,0,0.2127,0.2127,0.0014,0.1021,-0.0243,0.2113,-0.1106,0.789,0.7433,86.1,138.4,1.608,0.025543,7,0.852,1
duplicate_10,duplicate,width,0,000729.png,0,0.1238,0.1238,0.0875,-0.0762,0.0093,0.0363,-0.0476,0.797,0.6637,44.7,128.7,2.877,0.012365,7,0.479,0
duplicate_10,duplicate,translation_x,0,000729.png,1,0.2061,0.0259,0.029,0.2061,0.1552,-0.0031,0.1771,0.509,0.5949,38.3,90.7,2.369,0.007461,7,0.846,0
duplicate_10,duplicate,width,0,000747.png,0,0.177,-0.177,-0.0386,-0.0779,0.0043,0.1384,-0.0991,0.791,0.4229,28.6,98.4,3.433,0.00605,6,0.0,0
duplicate_10,duplicate,width,0,000747.png,0,0.1481,0.1481,0.0896,-0.0953,0.0145,0.0586,-0.0529,0.769,0.372,30.6,38.5,1.261,0.002527,6,0.446,0
duplicate_10,duplicate,height,0,000747.png,0,0.2514,0.0713,0.2514,0.0237,0.0259,-0.18,-0.2255,0.746,0.6725,18.2,23.0,1.262,0.000897,6,0.0,0
duplicate_10,duplicate,translation_y,0,000747.png,1,0.1316,-0.117,-0.0949,-0.056,0.1316,0.0221,0.0146,0.675,0.6663,27.7,30.3,1.094,0.001805,6,0.846,0
duplicate_10,duplicate,width,0,000843.png,0,0.1251,-0.1251,0.0299,0.0239,-0.0637,0.0952,-0.0614,0.779,0.4797,18.8,25.8,1.373,0.001045,9,0.0,0
duplicate_10,duplicate,width,0,000846.png,0,0.1361,0.1361,0.0026,-0.038,0.0226,0.1336,-0.0981,0.843,0.6837,22.7,58.7,2.582,0.002862,7,0.0,0
duplicate_10,duplicate,translation_y,0,000846.png,0,0.1004,-0.074,-0.0744,-0.0067,-0.1004,-0.0005,0.0259,0.755,0.5192,15.9,26.5,1.66,0.000907,7,0.0,0
duplicate_10,duplicate,height,0,000846.png,0,0.2328,-0.044,-0.2328,0.007,-0.0514,-0.1888,-0.1815,0.733,0.5703,32.5,70.1,2.157,0.00489,7,0.168,0
duplicate_10,duplicate,width,0,000846.png,0,0.5633,0.5633,0.0676,0.0473,-0.1453,0.4957,-0.418,0.499,0.558,22.5,56.9,2.524,0.002752,7,0.0,0
duplicate_10,duplicate,width,0,000859.png,0,0.2538,0.2538,0.0552,-0.136,-0.0309,0.1986,-0.1178,0.74,0.6945,172.6,106.1,0.615,0.039311,6,0.0,1
duplicate_10,duplicate,width,0,000859.png,0,0.2669,0.2669,0.0911,-0.0987,0.0148,0.1758,-0.1682,0.723,0.6033,21.8,30.6,1.407,0.00143,6,0.304,0
duplicate_10,duplicate,scale,0,000882.png,0,0.1374,-0.1534,-0.1214,0.0337,-0.0584,0.032,-0.0951,0.744,0.6687,26.7,29.5,1.106,0.001689,10,0.104,0
duplicate_10,duplicate,width,0,000910.png,1,0.1353,0.1353,0.0072,0.0346,0.0019,0.1281,-0.1007,0.875,0.397,26.6,56.4,2.125,0.003219,11,0.846,0
duplicate_10,duplicate,translation_x,0,000910.png,1,0.2014,-0.1393,-0.1773,-0.2014,-0.0145,-0.038,0.0241,0.541,0.3334,32.5,74.5,2.29,0.005198,11,0.846,0
duplicate_10,duplicate,translation_y,0,000910.png,1,0.217,0.2018,0.1327,-0.1392,0.217,0.0691,0.0151,0.529,0.2767,39.0,42.3,1.084,0.003549,11,0.846,0
duplicate_10,duplicate,height,0,000918.png,0,0.1811,-0.0888,-0.1811,-0.0156,0.0061,-0.0923,-0.1655,0.746,0.313,24.8,54.5,2.198,0.0029,7,0.0,0
duplicate_10,duplicate,height,0,000936.png,0,0.2352,-0.1165,-0.2352,0.0275,-0.139,-0.1187,-0.0962,0.645,0.272,61.4,122.0,1.986,0.016092,15,0.832,0
duplicate_10,duplicate,height,0,000936.png,0,0.252,-0.0251,0.252,-0.0563,0.2217,-0.227,-0.0304,0.611,0.3914,93.0,152.8,1.643,0.030519,15,0.98,1
duplicate_10,duplicate,scale,0,000936.png,0,0.2317,-0.2473,-0.2161,0.0445,-0.0796,0.0312,-0.1677,0.59,0.3649,38.0,90.9,2.389,0.007423,15,0.978,0
duplicate_10,duplicate,height,0,000985.png,0,0.138,0.0059,0.138,0.0037,0.0644,-0.1321,-0.0736,0.872,0.344,58.9,128.5,2.182,0.016225,12,0.898,0
duplicate_10,duplicate,height,0,000998.png,0,0.1239,-0.0886,0.1239,0.0032,-0.0446,-0.0353,-0.0793,0.819,0.6931,31.7,40.4,1.273,0.002752,9,0.255,0
duplicate_10,duplicate,height,0,001013.png,0,0.127,-0.0574,0.127,-0.0287,0.0719,-0.0696,-0.0551,0.829,0.7421,116.2,154.6,1.331,0.038519,9,1.0,1
duplicate_10,duplicate,scale,0,001013.png,0,0.3094,-0.3237,-0.2951,0.0466,-0.1498,0.0286,-0.1739,0.475,0.3432,63.6,153.5,2.414,0.020907,9,1.0,0
duplicate_10,duplicate,width,0,001100.png,1,0.1324,0.1324,-0.085,0.0361,0.0338,0.0475,-0.0963,0.816,0.3675,29.8,57.1,1.918,0.003655,10,0.846,0
duplicate_10,duplicate,width,0,001100.png,1,0.281,0.281,-0.0118,0.1077,0.0182,0.2692,-0.1733,0.756,0.5274,27.6,50.5,1.831,0.002992,10,0.846,0
duplicate_10,duplicate,translation_x,0,001100.png,0,0.1774,-0.0986,0.0007,0.1774,-0.0961,0.0979,0.0788,0.581,0.3194,25.0,29.8,1.193,0.0016,10,0.351,0
duplicate_10,duplicate,height,0,001190.png,0,0.1368,-0.0087,0.1368,0.0287,0.0442,-0.1281,-0.0926,0.834,0.9055,100.2,131.4,1.311,0.028289,7,0.589,0
duplicate_10,duplicate,height,0,001190.png,0,0.1299,-0.0982,0.1299,-0.026,0.0106,-0.0317,-0.1039,0.807,0.8596,65.7,94.7,1.441,0.013372,7,0.46,0
duplicate_10,duplicate,height,0,001209.png,0,0.1634,-0.0753,-0.1634,-0.0298,-0.045,-0.0881,-0.1184,0.774,0.3786,74.7,153.9,2.061,0.02467,14,0.892,0
duplicate_10,duplicate,scale,0,001209.png,0,0.1498,0.1531,0.1465,0.0496,-0.0212,0.0066,-0.1035,0.756,0.5922,49.0,106.8,2.177,0.011241,14,0.81,0
duplicate_10,duplicate,translation_x,0,001209.png,0,0.1528,0.0158,-0.0645,-0.1528,-0.0262,-0.0487,0.0883,0.695,0.2967,29.8,70.4,2.362,0.004505,14,0.704,0
duplicate_20,duplicate,width,0,000060.png,0,0.2762,-0.2762,-0.0649,-0.1114,0.0218,0.2113,-0.1648,0.677,0.283,19.7,49.8,2.527,0.002105,2,0.0,0
duplicate_20,duplicate,width,0,000075.png,1,0.1413,-0.1413,-0.0166,0.1143,0.0347,0.1247,-0.027,0.733,0.4814,25.3,49.2,1.942,0.002674,7,0.846,0
duplicate_20,duplicate,width,0,000136.png,0,0.1698,0.1698,0.04,0.0714,-0.0001,0.1299,-0.0984,0.822,0.7334,57.5,162.3,2.823,0.020033,6,0.403,0
duplicate_20,duplicate,translation_x,0,000136.png,0,0.1025,-0.0008,-0.033,0.1025,-0.0467,-0.0322,0.0695,0.746,0.7895,27.8,35.1,1.264,0.002093,6,0.282,0
duplicate_20,duplicate,height,0,000136.png,0,0.184,0.0376,0.184,-0.0099,0.1417,-0.1464,-0.0423,0.743,0.7836,36.9,68.8,1.865,0.005446,6,0.054,0
duplicate_20,duplicate,translation_y,0,000286.png,1,0.1616,0.0327,0.1348,0.1574,0.1616,-0.1021,0.0268,0.558,0.4303,42.2,54.9,1.3,0.004975,13,0.901,0
duplicate_20,duplicate,scale,0,000386.png,0,0.1555,-0.1289,-0.182,0.0722,-0.0254,-0.0531,-0.1098,0.702,0.3354,82.4,189.6,2.303,0.033474,10,1.0,0
duplicate_20,duplicate,scale,0,000421.png,0,0.324,-0.3787,-0.2693,-0.13,-0.052,0.1095,-0.2488,0.454,0.4469,27.3,66.8,2.445,0.00392,8,0.683,0
duplicate_20,duplicate,width,0,000493.png,0,0.1643,-0.1643,-0.0118,0.12,0.0117,0.1525,-0.0443,0.752,0.8197,34.4,42.6,1.238,0.003145,4,0.0,0
duplicate_20,duplicate,translation_y,0,000521.png,0,0.1324,0.1183,-0.0291,0.0658,0.1324,0.0892,0.0141,0.684,0.5935,19.5,26.8,1.371,0.001121,4,0.0,0
duplicate_20,duplicate,height,0,000539.png,0,0.1396,-0.0533,-0.1396,-0.0104,-0.038,-0.0862,-0.1016,0.815,0.8233,30.5,63.2,2.07,0.004145,7,0.278,0
duplicate_20,duplicate,width,0,000539.png,0,0.2256,0.2256,-0.0399,-0.1268,0.0656,0.1857,-0.0987,0.707,0.7479,23.8,45.0,1.888,0.002302,7,0.346,0
duplicate_20,duplicate,width,0,000539.png,0,0.2833,-0.2833,-0.1115,0.0748,-0.0205,0.1718,-0.2085,0.637,0.6364,21.2,47.7,2.253,0.002168,7,0.411,0
duplicate_20,duplicate,width,0,000577.png,1,0.1938,0.1938,-0.1132,-0.1024,0.0588,0.0806,-0.0913,0.746,0.4308,130.9,69.6,0.532,0.019575,6,0.846,1
duplicate_20,duplicate,width,0,000601.png,0,0.1387,-0.1387,-0.0578,0.0068,0.0038,0.0809,-0.1319,0.811,0.6537,22.8,25.9,1.136,0.001267,2,0.0,0
duplicate_20,duplicate,height,0,000612.png,0,0.1528,0.0444,0.1528,-0.0866,0.0571,-0.1084,-0.0662,0.738,0.254,27.2,72.2,2.658,0.004215,13,0.683,0
duplicate_20,duplicate,height,0,000612.png,0,0.2662,-0.1559,0.2662,0.0496,-0.1841,-0.1103,-0.0821,0.632,0.2632,46.1,133.0,2.888,0.013155,13,0.404,0
duplicate_20,duplicate,translation_x,0,000612.png,1,0.2007,-0.1637,-0.0443,0.2007,0.0591,0.1194,0.037,0.578,0.3455,66.7,166.3,2.494,0.023807,13,0.846,0
duplicate_20,duplicate,width,0,000616.png,0,0.1483,0.1483,0.0428,-0.0549,0.0122,0.1055,-0.0934,0.835,0.6724,30.2,43.9,1.455,0.002843,4,0.101,0
duplicate_20,duplicate,width,0,000623.png,0,0.1745,-0.1745,-0.0241,0.0363,-0.07,0.1504,-0.1045,0.723,0.3458,81.7,184.4,2.257,0.032358,8,0.031,0
duplicate_20,duplicate,width,0,000657.png,0,0.1335,-0.1335,-0.0373,-0.0163,-0.0605,0.0962,-0.073,0.77,0.3552,15.7,21.1,1.348,0.000709,3,0.0,0
duplicate_20,duplicate,width,0,000664.png,0,0.2198,0.2198,0.0663,0.0964,-0.0158,0.1536,-0.1235,0.769,0.5068,37.1,38.7,1.042,0.003103,5,0.599,0
duplicate_20,duplicate,width,0,000725.png,0,0.173,-0.173,-0.0084,-0.0649,0.0029,0.1645,-0.1081,0.82,0.7178,67.4,164.2,2.437,0.023699,8,0.27,0
duplicate_20,duplicate,height,0,000725.png,0,0.1353,0.0702,-0.1353,0.035,0.0637,-0.0651,-0.0716,0.815,0.8326,185.2,130.5,0.705,0.051786,8,0.414,1
duplicate_20,duplicate,width,0,000725.png,1,0.2127,0.2127,0.0014,0.1021,-0.0243,0.2113,-0.1106,0.789,0.7433,86.1,138.4,1.608,0.025543,8,0.852,1
duplicate_20,duplicate,height,0,000725.png,1,0.3032,0.2929,-0.3032,0.2454,-0.1194,-0.0103,-0.0578,0.493,0.3226,123.7,129.9,1.05,0.03443,8,0.954,0
duplicate_20,duplicate,width,0,000729.png,0,0.1238,0.1238,0.0875,-0.0762,0.0093,0.0363,-0.0476,0.797,0.6637,44.7,128.7,2.877,0.012365,6,0.479,0
duplicate_20,duplicate,width,0,000747.png,0,0.177,-0.177,-0.0386,-0.0779,0.0043,0.1384,-0.0991,0.791,0.4229,28.6,98.4,3.433,0.00605,5,0.0,0
duplicate_20,duplicate,width,0,000747.png,0,0.1481,0.1481,0.0896,-0.0953,0.0145,0.0586,-0.0529,0.769,0.372,30.6,38.5,1.261,0.002527,5,0.446,0
duplicate_20,duplicate,height,0,000747.png,0,0.2514,0.0713,0.2514,0.0237,0.0259,-0.18,-0.2255,0.746,0.6725,18.2,23.0,1.262,0.000897,5,0.0,0
duplicate_20,duplicate,translation_y,0,000747.png,0,0.1316,-0.117,-0.0949,-0.056,0.1316,0.0221,0.0146,0.675,0.6663,27.7,30.3,1.094,0.001805,5,0.0,0
duplicate_20,duplicate,width,0,000843.png,0,0.1251,-0.1251,0.0299,0.0239,-0.0637,0.0952,-0.0614,0.779,0.4797,18.8,25.8,1.373,0.001045,11,0.0,0
duplicate_20,duplicate,width,0,000846.png,0,0.1361,0.1361,0.0026,-0.038,0.0226,0.1336,-0.0981,0.843,0.6837,22.7,58.7,2.582,0.002862,7,0.0,0
duplicate_20,duplicate,translation_y,0,000846.png,0,0.1004,-0.074,-0.0744,-0.0067,-0.1004,-0.0005,0.0259,0.755,0.5192,15.9,26.5,1.66,0.000907,7,0.0,0
duplicate_20,duplicate,height,0,000846.png,0,0.2328,-0.044,-0.2328,0.007,-0.0514,-0.1888,-0.1815,0.733,0.5703,32.5,70.1,2.157,0.00489,7,0.168,0
duplicate_20,duplicate,width,0,000846.png,0,0.5633,0.5633,0.0676,0.0473,-0.1453,0.4957,-0.418,0.499,0.558,22.5,56.9,2.524,0.002752,7,0.0,0
duplicate_20,duplicate,width,0,000859.png,0,0.2538,0.2538,0.0552,-0.136,-0.0309,0.1986,-0.1178,0.74,0.6945,172.6,106.1,0.615,0.039311,9,0.0,1
duplicate_20,duplicate,width,0,000859.png,0,0.2669,0.2669,0.0911,-0.0987,0.0148,0.1758,-0.1682,0.723,0.6033,21.8,30.6,1.407,0.00143,9,0.406,0
duplicate_20,duplicate,scale,0,000882.png,1,0.1374,-0.1534,-0.1214,0.0337,-0.0584,0.032,-0.0951,0.744,0.6687,26.7,29.5,1.106,0.001689,10,0.846,0
duplicate_20,duplicate,width,0,000910.png,1,0.1353,0.1353,0.0072,0.0346,0.0019,0.1281,-0.1007,0.875,0.397,26.6,56.4,2.125,0.003219,9,0.846,0
duplicate_20,duplicate,translation_x,0,000910.png,1,0.2014,-0.1393,-0.1773,-0.2014,-0.0145,-0.038,0.0241,0.541,0.3334,32.5,74.5,2.29,0.005198,9,0.846,0
duplicate_20,duplicate,height,0,000918.png,0,0.1811,-0.0888,-0.1811,-0.0156,0.0061,-0.0923,-0.1655,0.746,0.313,24.8,54.5,2.198,0.0029,9,0.0,0
duplicate_20,duplicate,height,0,000936.png,1,0.2352,-0.1165,-0.2352,0.0275,-0.139,-0.1187,-0.0962,0.645,0.272,61.4,122.0,1.986,0.016092,15,0.846,0
duplicate_20,duplicate,height,0,000936.png,0,0.252,-0.0251,0.252,-0.0563,0.2217,-0.227,-0.0304,0.611,0.3914,93.0,152.8,1.643,0.030519,15,0.98,1
duplicate_20,duplicate,scale,0,000936.png,0,0.2317,-0.2473,-0.2161,0.0445,-0.0796,0.0312,-0.1677,0.59,0.3649,38.0,90.9,2.389,0.007423,15,0.978,0
duplicate_20,duplicate,translation_x,0,000936.png,1,0.1987,-0.1545,-0.1627,-0.1987,-0.022,-0.0082,0.036,0.55,0.2593,56.1,127.5,2.272,0.015361,15,0.912,0
duplicate_20,duplicate,height,0,000985.png,0,0.138,0.0059,0.138,0.0037,0.0644,-0.1321,-0.0736,0.872,0.344,58.9,128.5,2.182,0.016225,12,0.898,0
duplicate_20,duplicate,height,0,000998.png,0,0.1239,-0.0886,0.1239,0.0032,-0.0446,-0.0353,-0.0793,0.819,0.6931,31.7,40.4,1.273,0.002752,9,0.255,0
duplicate_20,duplicate,height,0,001013.png,0,0.127,-0.0574,0.127,-0.0287,0.0719,-0.0696,-0.0551,0.829,0.7421,116.2,154.6,1.331,0.038519,10,1.0,1
duplicate_20,duplicate,scale,0,001013.png,1,0.3094,-0.3237,-0.2951,0.1007,-0.0934,0.0286,-0.2229,0.477,0.3432,63.6,153.5,2.414,0.020907,10,1.0,0
duplicate_20,duplicate,width,0,001100.png,0,0.1324,0.1324,-0.085,-0.0545,-0.0394,0.0475,-0.0779,0.816,0.3675,29.8,57.1,1.918,0.003655,10,0.683,0
duplicate_20,duplicate,translation_x,0,001100.png,1,0.1774,-0.0986,0.0007,0.1774,-0.0961,0.0979,0.0788,0.581,0.3194,25.0,29.8,1.193,0.0016,10,0.846,0
duplicate_20,duplicate,height,0,001190.png,0,0.1368,-0.0087,0.1368,0.0287,0.0442,-0.1281,-0.0926,0.834,0.9055,100.2,131.4,1.311,0.028289,7,0.589,0
duplicate_20,duplicate,height,0,001190.png,0,0.1299,-0.0982,0.1299,-0.026,0.0106,-0.0317,-0.1039,0.807,0.8596,65.7,94.7,1.441,0.013372,7,0.46,0
duplicate_20,duplicate,height,0,001209.png,0,0.1634,-0.0753,-0.1634,-0.0298,-0.045,-0.0881,-0.1184,0.774,0.3786,74.7,153.9,2.061,0.02467,17,0.892,0
duplicate_20,duplicate,scale,0,001209.png,0,0.1498,0.1531,0.1465,0.0496,-0.0212,0.0066,-0.1035,0.756,0.5922,49.0,106.8,2.177,0.011241,17,0.81,0
duplicate_30,duplicate,width,0,000060.png,0,0.2762,-0.2762,-0.0649,-0.1114,0.0218,0.2113,-0.1648,0.677,0.283,19.7,49.8,2.527,0.002105,3,0.0,0
duplicate_30,duplicate,width,0,000075.png,1,0.1413,-0.1413,-0.0166,0.1143,0.0347,0.1247,-0.027,0.733,0.4814,25.3,49.2,1.942,0.002674,9,0.846,0
duplicate_30,duplicate,width,0,000136.png,1,0.1698,0.1698,0.04,0.0714,-0.0001,0.1299,-0.0984,0.822,0.7334,57.5,162.3,2.823,0.020033,11,0.846,0
duplicate_30,duplicate,translation_x,0,000136.png,1,0.1025,-0.0008,-0.033,0.1025,-0.0467,-0.0322,0.0695,0.746,0.7895,27.8,35.1,1.264,0.002093,11,0.846,0
duplicate_30,duplicate,height,0,000136.png,1,0.184,0.0376,0.184,-0.0099,0.1417,-0.1464,-0.0423,0.743,0.7836,36.9,68.8,1.865,0.005446,11,0.846,0
duplicate_30,duplicate,translation_x,0,000357.png,0,0.1061,0.0784,0.0416,-0.1061,-0.0603,0.0368,0.0277,0.73,0.5936,39.9,56.8,1.424,0.004859,11,0.661,0
duplicate_30,duplicate,scale,0,000386.png,0,0.1555,-0.1289,-0.182,0.0722,-0.0254,-0.0531,-0.1098,0.702,0.3354,82.4,189.6,2.303,0.033474,12,1.0,0
duplicate_30,duplicate,scale,0,000421.png,1,0.324,-0.3787,-0.2693,-0.0803,0.0065,0.1095,-0.2985,0.454,0.4469,27.3,66.8,2.445,0.00392,9,0.846,0
duplicate_30,duplicate,width,0,000493.png,0,0.1643,-0.1643,-0.0118,0.12,0.0117,0.1525,-0.0443,0.752,0.8197,34.4,42.6,1.238,0.003145,5,0.0,0
duplicate_30,duplicate,translation_y,0,000521.png,1,0.1324,0.1183,-0.0291,0.0658,0.1324,0.0892,0.0141,0.684,0.5935,19.5,26.8,1.371,0.001121,7,0.846,0
duplicate_30,duplicate,height,0,000539.png,0,0.1396,-0.0533,-0.1396,-0.0104,-0.038,-0.0862,-0.1016,0.815,0.8233,30.5,63.2,2.07,0.004145,7,0.278,0
duplicate_30,duplicate,width,0,000539.png,0,0.2256,0.2256,-0.0399,-0.1268,0.0656,0.1857,-0.0987,0.707,0.7479,23.8,45.0,1.888,0.002302,7,0.346,0
duplicate_30,duplicate,width,0,000539.png,0,0.2833,-0.2833,-0.1115,0.0748,-0.0205,0.1718,-0.2085,0.637,0.6364,21.2,47.7,2.253,0.002168,7,0.411,0
duplicate_30,duplicate,width,0,000577.png,0,0.1938,0.1938,-0.1132,-0.1024,0.0588,0.0806,-0.0913,0.746,0.4308,130.9,69.6,0.532,0.019575,7,0.0,1
duplicate_30,duplicate,width,0,000601.png,0,0.1387,-0.1387,-0.0578,0.0068,0.0038,0.0809,-0.1319,0.811,0.6537,22.8,25.9,1.136,0.001267,2,0.0,0
duplicate_30,duplicate,height,0,000612.png,0,0.1528,0.0444,0.1528,-0.0866,0.0571,-0.1084,-0.0662,0.738,0.254,27.2,72.2,2.658,0.004215,11,0.683,0
duplicate_30,duplicate,height,0,000612.png,0,0.2662,-0.1559,0.2662,0.0496,-0.1841,-0.1103,-0.0821,0.632,0.2632,46.1,133.0,2.888,0.013155,11,0.395,0
duplicate_30,duplicate,width,0,000616.png,0,0.1483,0.1483,0.0428,-0.0549,0.0122,0.1055,-0.0934,0.835,0.6724,30.2,43.9,1.455,0.002843,3,0.05,0
duplicate_30,duplicate,width,0,000623.png,0,0.1745,-0.1745,-0.0241,0.0363,-0.07,0.1504,-0.1045,0.723,0.3458,81.7,184.4,2.257,0.032358,9,0.031,0
duplicate_30,duplicate,width,0,000657.png,1,0.1335,-0.1335,-0.0373,0.053,0.0165,0.0962,-0.0805,0.834,0.3552,15.7,21.1,1.348,0.000709,3,0.846,0
duplicate_30,duplicate,translation_y,0,000657.png,0,0.1368,0.0088,-0.0465,-0.0259,-0.1368,-0.0376,0.0904,0.721,0.5261,17.4,21.1,1.211,0.000788,3,0.0,0
duplicate_30,duplicate,width,0,000664.png,1,0.2198,0.2198,0.0663,0.0964,-0.0158,0.1536,-0.1235,0.769,0.5068,37.1,38.7,1.042,0.003103,6,0.846,0
duplicate_30,duplicate,width,0,000664.png,1,0.2952,0.2952,-0.0132,-0.1822,0.0405,0.282,-0.113,0.677,0.2957,40.1,36.4,0.908,0.003158,6,0.846,0
duplicate_30,duplicate,width,0,000725.png,0,0.173,-0.173,-0.0084,-0.0649,0.0029,0.1645,-0.1081,0.82,0.7178,67.4,164.2,2.437,0.023699,9,0.354,0
duplicate_30,duplicate,height,0,000725.png,0,0.1353,0.0702,-0.1353,0.035,0.0637,-0.0651,-0.0716,0.815,0.8326,185.2,130.5,0.705,0.051786,9,0.414,1
duplicate_30,duplicate,width,0,000725.png,0,0.2127,0.2127,0.0014,0.1021,-0.0243,0.2113,-0.1106,0.789,0.7433,86.1,138.4,1.608,0.025543,9,0.852,1
duplicate_30,duplicate,translation_x,0,000725.png,1,0.2992,-0.1161,-0.1312,0.2992,0.0291,-0.0151,0.168,0.462,0.2978,31.9,42.8,1.345,0.002925,9,0.846,0
duplicate_30,duplicate,width,0,000729.png,0,0.1238,0.1238,0.0875,-0.0762,0.0093,0.0363,-0.0476,0.797,0.6637,44.7,128.7,2.877,0.012365,6,0.479,0
duplicate_30,duplicate,width,0,000747.png,0,0.177,-0.177,-0.0386,-0.0779,0.0043,0.1384,-0.0991,0.791,0.4229,28.6,98.4,3.433,0.00605,7,0.0,0
duplicate_30,duplicate,width,0,000747.png,1,0.1481,0.1481,0.0896,-0.0953,0.0145,0.0586,-0.0529,0.769,0.372,30.6,38.5,1.261,0.002527,7,0.846,0
duplicate_30,duplicate,height,0,000747.png,1,0.2514,0.0713,0.2514,0.0237,0.0259,-0.18,-0.2255,0.746,0.6725,18.2,23.0,1.262,0.000897,7,0.846,0
duplicate_30,duplicate,translation_y,0,000747.png,0,0.1316,-0.117,-0.0949,-0.056,0.1316,0.0221,0.0146,0.675,0.6663,27.7,30.3,1.094,0.001805,7,0.0,0
duplicate_30,duplicate,translation_x,0,000747.png,1,0.3137,-0.2171,0.068,0.3137,0.0089,0.149,0.0967,0.459,0.2596,31.2,56.5,1.812,0.00378,7,0.846,0
duplicate_30,duplicate,width,0,000843.png,0,0.1251,-0.1251,0.0299,0.0239,-0.0637,0.0952,-0.0614,0.779,0.4797,18.8,25.8,1.373,0.001045,10,0.0,0
duplicate_30,duplicate,width,0,000846.png,0,0.1361,0.1361,0.0026,-0.038,0.0226,0.1336,-0.0981,0.843,0.6837,22.7,58.7,2.582,0.002862,10,0.0,0
duplicate_30,duplicate,height,0,000846.png,0,0.2328,-0.044,-0.2328,0.007,-0.0514,-0.1888,-0.1815,0.733,0.5703,32.5,70.1,2.157,0.00489,10,0.168,0
duplicate_30,duplicate,width,0,000846.png,0,0.5633,0.5633,0.0676,0.0473,-0.1453,0.4957,-0.418,0.499,0.558,22.5,56.9,2.524,0.002752,10,0.0,0
duplicate_30,duplicate,width,0,000859.png,0,0.2538,0.2538,0.0552,-0.136,-0.0309,0.1986,-0.1178,0.74,0.6945,172.6,106.1,0.615,0.039311,8,0.0,1
duplicate_30,duplicate,width,0,000859.png,1,0.2669,0.2669,0.0911,-0.0987,0.0148,0.1758,-0.1682,0.723,0.6033,21.8,30.6,1.407,0.00143,8,0.846,0
duplicate_30,duplicate,scale,0,000882.png,0,0.1374,-0.1534,-0.1214,0.0337,-0.0584,0.032,-0.0951,0.744,0.6687,26.7,29.5,1.106,0.001689,11,0.104,0
duplicate_30,duplicate,width,0,000910.png,0,0.1353,0.1353,0.0072,0.0346,0.0019,0.1281,-0.1007,0.875,0.397,26.6,56.4,2.125,0.003219,8,0.643,0
duplicate_30,duplicate,height,0,000918.png,1,0.1811,-0.0888,-0.1811,-0.0156,0.0061,-0.0923,-0.1655,0.746,0.313,24.8,54.5,2.198,0.0029,9,0.846,0
duplicate_30,duplicate,height,0,000936.png,0,0.2352,-0.1165,-0.2352,0.0275,-0.139,-0.1187,-0.0962,0.645,0.272,61.4,122.0,1.986,0.016092,14,0.832,0
duplicate_30,duplicate,height,0,000936.png,0,0.252,-0.0251,0.252,-0.0563,0.2217,-0.227,-0.0304,0.611,0.3914,93.0,152.8,1.643,0.030519,14,0.98,1
duplicate_30,duplicate,scale,0,000936.png,0,0.2317,-0.2473,-0.2161,0.0445,-0.0796,0.0312,-0.1677,0.59,0.3649,38.0,90.9,2.389,0.007423,14,0.978,0
duplicate_30,duplicate,translation_y,0,000936.png,1,0.152,-0.0643,0.0971,-0.131,0.152,-0.0328,0.0549,0.588,0.3349,36.5,100.4,2.75,0.007877,14,0.846,0
duplicate_30,duplicate,height,0,000985.png,1,0.138,0.0059,0.138,0.0037,0.0644,-0.1321,-0.0736,0.872,0.344,58.9,128.5,2.182,0.016225,13,0.898,0
duplicate_30,duplicate,scale,0,000985.png,1,0.3285,0.1653,0.4917,0.0687,0.3638,-0.3264,-0.1279,0.475,0.5076,44.9,110.9,2.469,0.010684,13,0.978,0
duplicate_30,duplicate,height,0,000998.png,0,0.1239,-0.0886,0.1239,0.0032,-0.0446,-0.0353,-0.0793,0.819,0.6931,31.7,40.4,1.273,0.002752,9,0.255,0
duplicate_30,duplicate,height,0,001013.png,1,0.127,-0.0574,0.127,-0.0287,0.0719,-0.0696,-0.0551,0.829,0.7421,116.2,154.6,1.331,0.038519,17,1.0,1
duplicate_30,duplicate,height,0,001013.png,1,0.1951,-0.0756,-0.1951,0.0362,-0.0325,-0.1196,-0.159,0.744,0.3339,162.7,157.7,0.969,0.054993,17,1.0,0
duplicate_30,duplicate,translation_x,0,001013.png,1,0.2177,-0.0598,-0.1756,0.2177,-0.0062,-0.1158,0.0421,0.537,0.2573,41.7,69.5,1.667,0.00621,17,1.0,0
duplicate_30,duplicate,translation_x,0,001013.png,1,0.2269,-0.1573,-0.0365,0.2269,0.0742,0.1208,0.0696,0.533,0.3432,63.6,153.5,2.414,0.020907,17,1.0,0
duplicate_30,duplicate,scale,0,001044.png,1,0.3548,0.1531,0.5564,0.1398,0.2022,-0.4033,-0.3542,0.504,0.4333,63.9,105.7,1.654,0.014486,10,0.846,0
duplicate_30,duplicate,width,0,001100.png,0,0.1324,0.1324,-0.085,-0.0545,-0.0394,0.0475,-0.0779,0.816,0.3675,29.8,57.1,1.918,0.003655,10,0.683,0
duplicate_30,duplicate,translation_x,0,001100.png,0,0.1774,-0.0986,0.0007,0.1774,-0.0961,0.0979,0.0788,0.581,0.3194,25.0,29.8,1.193,0.0016,10,0.351,0
duplicate_30,duplicate,height,0,001190.png,0,0.1368,-0.0087,0.1368,0.0287,0.0442,-0.1281,-0.0926,0.834,0.9055,100.2,131.4,1.311,0.028289,8,0.589,0
duplicate_30,duplicate,height,0,001190.png,1,0.1299,-0.0982,0.1299,-0.026,0.0106,-0.0317,-0.1039,0.807,0.8596,65.7,94.7,1.441,0.013372,8,0.846,0
duplicate_30,duplicate,height,0,001209.png,1,0.1634,-0.0753,-0.1634,-0.0298,-0.045,-0.0881,-0.1184,0.774,0.3786,74.7,153.9,2.061,0.02467,16,0.892,0
duplicate_30,duplicate,scale,0,001209.png,0,0.1498,0.1531,0.1465,0.0496,-0.0212,0.0066,-0.1035,0.756,0.5922,49.0,106.8,2.177,0.011241,16,0.81,0
duplicate_30,duplicate,translation_x,0,001209.png,0,0.1528,0.0158,-0.0645,-0.1528,-0.0262,-0.0487,0.0883,0.695,0.2967,29.8,70.4,2.362,0.004505,16,0.704,0
duplicate_30,duplicate,translation_x,0,001209.png,1,0.2167,0.1104,0.1623,0.2167,0.1428,-0.052,0.0543,0.523,0.7218,53.7,128.2,2.385,0.014787,16,0.972,0
