prevalence,dependence,ranking,aida_auc,baseline_auc,datasets,budget,pool,images,delta_name,delta,successes,iterations,power,monte_carlo_se,power_wilson95_low,power_wilson95_high,exceeds_expected_errors,pool_unique_errors_per_dataset,mean_aida_unique_errors,mean_baseline_unique_errors,blocks_per_dataset,blocks_total,per_dataset_evidence,evidence,required_active_minutes,status,official_scenario,exploratory,cell_seed
0.065,independent,small_gap,0.75,0.7,1,120,240,151,A,1.0,0,60,0.0,0.0,0.0,0.0602,False,15.4,11.75,10.9,1,1,observed,observed,10.0,too_few_iterations,False,True,20260913|D1_N120_p0.065_independent_small_gap
0.065,independent,small_gap,0.75,0.7,1,120,240,151,B,6.0,0,60,0.0,0.0,0.0,0.0602,False,15.4,11.75,10.9,1,1,observed,observed,10.0,too_few_iterations,False,True,20260913|D1_N120_p0.065_independent_small_gap
0.065,independent,small_gap,0.75,0.7,1,120,240,151,C,12.0,0,60,0.0,0.0,0.0,0.0602,False,15.4,11.75,10.9,1,1,observed,observed,10.0,too_few_iterations,False,True,20260913|D1_N120_p0.065_independent_small_gap
0.065,independent,small_gap,0.75,0.7,1,240,480,303,A,1.0,2,60,0.03333333333333333,0.023174059571793568,0.0092,0.1136,False,31.7,25.03,23.13,2,2,extrapolated,extrapolated,20.1,too_few_iterations,False,True,20260913|D1_N240_p0.065_independent_small_gap
0.065,independent,small_gap,0.75,0.7,1,240,480,303,B,12.0,0,60,0.0,0.0,0.0,0.0602,False,31.7,25.03,23.13,2,2,extrapolated,extrapolated,20.1,too_few_iterations,False,True,20260913|D1_N240_p0.065_independent_small_gap
0.065,independent,small_gap,0.75,0.7,1,240,480,303,C,24.0,0,60,0.0,0.0,0.0,0.0602,False,31.7,25.03,23.13,2,2,extrapolated,extrapolated,20.1,too_few_iterations,False,True,20260913|D1_N240_p0.065_independent_small_gap
0.065,independent,small_gap,0.75,0.7,1,360,720,454,A,1.0,3,60,0.05,0.028136571693556888,0.0171,0.137,False,46.3,35.72,32.32,3,3,extrapolated,extrapolated,30.1,too_few_iterations,False,True,20260913|D1_N360_p0.065_independent_small_gap
0.065,independent,small_gap,0.75,0.7,1,360,720,454,B,18.0,0,60,0.0,0.0,0.0,0.0602,False,46.3,35.72,32.32,3,3,extrapolated,extrapolated,30.1,too_few_iterations,False,True,20260913|D1_N360_p0.065_independent_small_gap
0.065,independent,small_gap,0.75,0.7,1,360,720,454,C,36.0,0,60,0.0,0.0,0.0,0.0602,False,46.3,35.72,32.32,3,3,extrapolated,extrapolated,30.1,too_few_iterations,False,True,20260913|D1_N360_p0.065_independent_small_gap
0.065,independent,small_gap,0.75,0.7,1,480,960,605,A,1.0,2,60,0.03333333333333333,0.023174059571793568,0.0092,0.1136,False,63.2,49.03,44.55,4,4,extrapolated,extrapolated,40.2,too_few_iterations,False,True,20260913|D1_N480_p0.065_independent_small_gap
0.065,independent,small_gap,0.75,0.7,1,480,960,605,B,24.0,0,60,0.0,0.0,0.0,0.0602,False,63.2,49.03,44.55,4,4,extrapolated,extrapolated,40.2,too_few_iterations,False,True,20260913|D1_N480_p0.065_independent_small_gap
0.065,independent,small_gap,0.75,0.7,1,480,960,605,C,48.0,0,60,0.0,0.0,0.0,0.0602,False,63.2,49.03,44.55,4,4,extrapolated,extrapolated,40.2,too_few_iterations,False,True,20260913|D1_N480_p0.065_independent_small_gap
0.065,independent,small_gap,0.75,0.7,1,600,1200,757,A,1.0,5,60,0.08333333333333333,0.03568120160740314,0.0361,0.1807,False,78.3,61.03,55.6,5,5,extrapolated,extrapolated,50.2,too_few_iterations,False,True,20260913|D1_N600_p0.065_independent_small_gap
0.065,independent,small_gap,0.75,0.7,1,600,1200,757,B,30.0,0,60,0.0,0.0,0.0,0.0602,False,78.3,61.03,55.6,5,5,extrapolated,extrapolated,50.2,too_few_iterations,False,True,20260913|D1_N600_p0.065_independent_small_gap
0.065,independent,small_gap,0.75,0.7,1,600,1200,757,C,60.0,0,60,0.0,0.0,0.0,0.0602,False,78.3,61.03,55.6,5,5,extrapolated,extrapolated,50.2,too_few_iterations,False,True,20260913|D1_N600_p0.065_independent_small_gap
0.065,independent,small_gap,0.75,0.7,2,120,240,151,A,1.0,4,60,0.06666666666666667,0.03220305943597653,0.0262,0.1593,False,15.9,12.5,11.32,1,2,observed,extrapolated,20.1,too_few_iterations,False,True,20260913|D2_N120_p0.065_independent_small_gap
0.065,independent,small_gap,0.75,0.7,2,120,240,151,B,6.0,0,60,0.0,0.0,0.0,0.0602,False,15.9,12.5,11.32,1,2,observed,extrapolated,20.1,too_few_iterations,False,True,20260913|D2_N120_p0.065_independent_small_gap
0.065,independent,small_gap,0.75,0.7,2,120,240,151,C,12.0,0,60,0.0,0.0,0.0,0.0602,False,15.9,12.5,11.32,1,2,observed,extrapolated,20.1,too_few_iterations,False,True,20260913|D2_N120_p0.065_independent_small_gap
0.065,independent,small_gap,0.75,0.7,2,240,480,303,A,1.0,2,60,0.03333333333333333,0.023174059571793568,0.0092,0.1136,False,31.7,24.41,22.52,2,4,extrapolated,extrapolated,40.2,too_few_iterations,False,True,20260913|D2_N240_p0.065_independent_small_gap
0.065,independent,small_gap,0.75,0.7,2,240,480,303,B,12.0,0,60,0.0,0.0,0.0,0.0602,False,31.7,24.41,22.52,2,4,extrapolated,extrapolated,40.2,too_few_iterations,False,True,20260913|D2_N240_p0.065_independent_small_gap
0.065,independent,small_gap,0.75,0.7,2,240,480,303,C,24.0,0,60,0.0,0.0,0.0,0.0602,False,31.7,24.41,22.52,2,4,extrapolated,extrapolated,40.2,too_few_iterations,False,True,20260913|D2_N240_p0.065_independent_small_gap
0.065,independent,small_gap,0.75,0.7,2,360,720,454,A,1.0,4,60,0.06666666666666667,0.03220305943597653,0.0262,0.1593,False,46.9,36.12,33.55,3,6,extrapolated,extrapolated,60.2,too_few_iterations,False,True,20260913|D2_N360_p0.065_independent_small_gap
0.065,independent,small_gap,0.75,0.7,2,360,720,454,B,18.0,0,60,0.0,0.0,0.0,0.0602,False,46.9,36.12,33.55,3,6,extrapolated,extrapolated,60.2,too_few_iterations,False,True,20260913|D2_N360_p0.065_independent_small_gap
0.065,independent,small_gap,0.75,0.7,2,360,720,454,C,36.0,0,60,0.0,0.0,0.0,0.0602,False,46.9,36.12,33.55,3,6,extrapolated,extrapolated,60.2,too_few_iterations,False,True,20260913|D2_N360_p0.065_independent_small_gap
0.065,independent,small_gap,0.75,0.7,2,480,960,605,A,1.0,7,60,0.11666666666666667,0.04144384867012947,0.0577,0.2218,False,61.7,47.62,43.87,4,8,extrapolated,extrapolated,80.3,too_few_iterations,False,True,20260913|D2_N480_p0.065_independent_small_gap
0.065,independent,small_gap,0.75,0.7,2,480,960,605,B,24.0,0,60,0.0,0.0,0.0,0.0602,False,61.7,47.62,43.87,4,8,extrapolated,extrapolated,80.3,too_few_iterations,False,True,20260913|D2_N480_p0.065_independent_small_gap
0.065,independent,small_gap,0.75,0.7,2,480,960,605,C,48.0,0,60,0.0,0.0,0.0,0.0602,False,61.7,47.62,43.87,4,8,extrapolated,extrapolated,80.3,too_few_iterations,False,True,20260913|D2_N480_p0.065_independent_small_gap
0.065,independent,small_gap,0.75,0.7,2,600,1200,757,A,1.0,10,60,0.16666666666666666,0.048112522432468816,0.0931,0.2803,False,76.9,59.44,54.92,5,10,extrapolated,strongly_extrapolated,100.4,too_few_iterations,False,True,20260913|D2_N600_p0.065_independent_small_gap
0.065,independent,small_gap,0.75,0.7,2,600,1200,757,B,30.0,0,60,0.0,0.0,0.0,0.0602,False,76.9,59.44,54.92,5,10,extrapolated,strongly_extrapolated,100.4,too_few_iterations,False,True,20260913|D2_N600_p0.065_independent_small_gap
0.065,independent,small_gap,0.75,0.7,2,600,1200,757,C,60.0,0,60,0.0,0.0,0.0,0.0602,False,76.9,59.44,54.92,5,10,extrapolated,strongly_extrapolated,100.4,too_few_iterations,False,True,20260913|D2_N600_p0.065_independent_small_gap
0.065,independent,small_gap,0.75,0.7,3,120,240,151,A,1.0,1,60,0.016666666666666666,0.01652719420071502,0.0029,0.0886,False,15.9,12.09,11.31,1,3,observed,extrapolated,30.1,too_few_iterations,False,True,20260913|D3_N120_p0.065_independent_small_gap
0.065,independent,small_gap,0.75,0.7,3,120,240,151,B,6.0,0,60,0.0,0.0,0.0,0.0602,False,15.9,12.09,11.31,1,3,observed,extrapolated,30.1,too_few_iterations,False,True,20260913|D3_N120_p0.065_independent_small_gap
0.065,independent,small_gap,0.75,0.7,3,120,240,151,C,12.0,0,60,0.0,0.0,0.0,0.0602,False,15.9,12.09,11.31,1,3,observed,extrapolated,30.1,too_few_iterations,False,True,20260913|D3_N120_p0.065_independent_small_gap
0.065,independent,small_gap,0.75,0.7,3,240,480,303,A,1.0,4,60,0.06666666666666667,0.03220305943597653,0.0262,0.1593,False,31.4,24.19,22.24,2,6,extrapolated,extrapolated,60.2,too_few_iterations,False,True,20260913|D3_N240_p0.065_independent_small_gap
0.065,independent,small_gap,0.75,0.7,3,240,480,303,B,12.0,0,60,0.0,0.0,0.0,0.0602,False,31.4,24.19,22.24,2,6,extrapolated,extrapolated,60.2,too_few_iterations,False,True,20260913|D3_N240_p0.065_independent_small_gap
0.065,independent,small_gap,0.75,0.7,3,240,480,303,C,24.0,0,60,0.0,0.0,0.0,0.0602,False,31.4,24.19,22.24,2,6,extrapolated,extrapolated,60.2,too_few_iterations,False,True,20260913|D3_N240_p0.065_independent_small_gap
0.065,independent,small_gap,0.75,0.7,3,360,720,454,A,1.0,8,60,0.13333333333333333,0.043885372573625556,0.0691,0.2417,False,46.4,36.08,32.82,3,9,extrapolated,extrapolated,90.4,too_few_iterations,False,True,20260913|D3_N360_p0.065_independent_small_gap
0.065,independent,small_gap,0.75,0.7,3,360,720,454,B,18.0,0,60,0.0,0.0,0.0,0.0602,False,46.4,36.08,32.82,3,9,extrapolated,extrapolated,90.4,too_few_iterations,False,True,20260913|D3_N360_p0.065_independent_small_gap
0.065,independent,small_gap,0.75,0.7,3,360,720,454,C,36.0,0,60,0.0,0.0,0.0,0.0602,False,46.4,36.08,32.82,3,9,extrapolated,extrapolated,90.4,too_few_iterations,False,True,20260913|D3_N360_p0.065_independent_small_gap
0.065,independent,small_gap,0.75,0.7,3,480,960,605,A,1.0,10,60,0.16666666666666666,0.048112522432468816,0.0931,0.2803,False,63.0,48.94,45.16,4,12,extrapolated,strongly_extrapolated,120.5,too_few_iterations,False,True,20260913|D3_N480_p0.065_independent_small_gap
0.065,independent,small_gap,0.75,0.7,3,480,960,605,B,24.0,0,60,0.0,0.0,0.0,0.0602,False,63.0,48.94,45.16,4,12,extrapolated,strongly_extrapolated,120.5,too_few_iterations,False,True,20260913|D3_N480_p0.065_independent_small_gap
0.065,independent,small_gap,0.75,0.7,3,480,960,605,C,48.0,0,60,0.0,0.0,0.0,0.0602,False,63.0,48.94,45.16,4,12,extrapolated,strongly_extrapolated,120.5,too_few_iterations,False,True,20260913|D3_N480_p0.065_independent_small_gap
0.065,independent,small_gap,0.75,0.7,3,600,1200,757,A,1.0,17,60,0.2833333333333333,0.05817438662555248,0.1851,0.4077,False,78.2,60.53,55.94,5,15,extrapolated,strongly_extrapolated,150.6,too_few_iterations,False,True,20260913|D3_N600_p0.065_independent_small_gap
0.065,independent,small_gap,0.75,0.7,3,600,1200,757,B,30.0,0,60,0.0,0.0,0.0,0.0602,False,78.2,60.53,55.94,5,15,extrapolated,strongly_extrapolated,150.6,too_few_iterations,False,True,20260913|D3_N600_p0.065_independent_small_gap
0.065,independent,small_gap,0.75,0.7,3,600,1200,757,C,60.0,0,60,0.0,0.0,0.0,0.0602,False,78.2,60.53,55.94,5,15,extrapolated,strongly_extrapolated,150.6,too_few_iterations,False,True,20260913|D3_N600_p0.065_independent_small_gap
0.065,independent,small_gap,0.75,0.7,4,120,240,151,A,1.0,0,60,0.0,0.0,0.0,0.0602,False,15.8,12.16,11.2,1,4,observed,extrapolated,40.2,too_few_iterations,False,True,20260913|D4_N120_p0.065_independent_small_gap
0.065,independent,small_gap,0.75,0.7,4,120,240,151,B,6.0,0,60,0.0,0.0,0.0,0.0602,False,15.8,12.16,11.2,1,4,observed,extrapolated,40.2,too_few_iterations,False,True,20260913|D4_N120_p0.065_independent_small_gap
0.065,independent,small_gap,0.75,0.7,4,120,240,151,C,12.0,0,60,0.0,0.0,0.0,0.0602,False,15.8,12.16,11.2,1,4,observed,extrapolated,40.2,too_few_iterations,False,True,20260913|D4_N120_p0.065_independent_small_gap
0.065,independent,small_gap,0.75,0.7,4,240,480,303,A,1.0,8,60,0.13333333333333333,0.043885372573625556,0.0691,0.2417,False,31.5,24.43,22.26,2,8,extrapolated,extrapolated,80.3,too_few_iterations,False,True,20260913|D4_N240_p0.065_independent_small_gap
0.065,independent,small_gap,0.75,0.7,4,240,480,303,B,12.0,0,60,0.0,0.0,0.0,0.0602,False,31.5,24.43,22.26,2,8,extrapolated,extrapolated,80.3,too_few_iterations,False,True,20260913|D4_N240_p0.065_independent_small_gap
0.065,independent,small_gap,0.75,0.7,4,240,480,303,C,24.0,0,60,0.0,0.0,0.0,0.0602,False,31.5,24.43,22.26,2,8,extrapolated,extrapolated,80.3,too_few_iterations,False,True,20260913|D4_N240_p0.065_independent_small_gap
0.065,independent,small_gap,0.75,0.7,4,360,720,454,A,1.0,9,60,0.15,0.046097722286464436,0.081,0.2611,False,47.0,36.7,33.75,3,12,extrapolated,strongly_extrapolated,120.5,too_few_iterations,False,True,20260913|D4_N360_p0.065_independent_small_gap
0.065,independent,small_gap,0.75,0.7,4,360,720,454,B,18.0,0,60,0.0,0.0,0.0,0.0602,False,47.0,36.7,33.75,3,12,extrapolated,strongly_extrapolated,120.5,too_few_iterations,False,True,20260913|D4_N360_p0.065_independent_small_gap
0.065,independent,small_gap,0.75,0.7,4,360,720,454,C,36.0,0,60,0.0,0.0,0.0,0.0602,False,47.0,36.7,33.75,3,12,extrapolated,strongly_extrapolated,120.5,too_few_iterations,False,True,20260913|D4_N360_p0.065_independent_small_gap
0.065,independent,small_gap,0.75,0.7,4,480,960,605,A,1.0,15,60,0.25,0.05590169943749474,0.1578,0.3723,False,62.2,48.17,44.39,4,16,extrapolated,strongly_extrapolated,160.6,too_few_iterations,False,True,20260913|D4_N480_p0.065_independent_small_gap
0.065,independent,small_gap,0.75,0.7,4,480,960,605,B,24.0,0,60,0.0,0.0,0.0,0.0602,False,62.2,48.17,44.39,4,16,extrapolated,strongly_extrapolated,160.6,too_few_iterations,False,True,20260913|D4_N480_p0.065_independent_small_gap
0.065,independent,small_gap,0.75,0.7,4,480,960,605,C,48.0,0,60,0.0,0.0,0.0,0.0602,False,62.2,48.17,44.39,4,16,extrapolated,strongly_extrapolated,160.6,too_few_iterations,False,True,20260913|D4_N480_p0.065_independent_small_gap
0.065,independent,small_gap,0.75,0.7,4,600,1200,757,A,1.0,27,60,0.45,0.06422616289332565,0.3309,0.5751,False,77.1,59.78,54.48,5,20,extrapolated,strongly_extrapolated,200.8,too_few_iterations,False,True,20260913|D4_N600_p0.065_independent_small_gap
0.065,independent,small_gap,0.75,0.7,4,600,1200,757,B,30.0,0,60,0.0,0.0,0.0,0.0602,False,77.1,59.78,54.48,5,20,extrapolated,strongly_extrapolated,200.8,too_few_iterations,False,True,20260913|D4_N600_p0.065_independent_small_gap
0.065,independent,small_gap,0.75,0.7,4,600,1200,757,C,60.0,0,60,0.0,0.0,0.0,0.0602,False,77.1,59.78,54.48,5,20,extrapolated,strongly_extrapolated,200.8,too_few_iterations,False,True,20260913|D4_N600_p0.065_independent_small_gap
0.065,independent,large_gap,0.85,0.7,1,120,240,151,A,1.0,5,60,0.08333333333333333,0.03568120160740314,0.0361,0.1807,False,15.5,14.38,11.07,1,1,observed,observed,10.0,too_few_iterations,False,True,20260913|D1_N120_p0.065_independent_large_gap
0.065,independent,large_gap,0.85,0.7,1,120,240,151,B,6.0,0,60,0.0,0.0,0.0,0.0602,False,15.5,14.38,11.07,1,1,observed,observed,10.0,too_few_iterations,False,True,20260913|D1_N120_p0.065_independent_large_gap
0.065,independent,large_gap,0.85,0.7,1,120,240,151,C,12.0,0,60,0.0,0.0,0.0,0.0602,False,15.5,14.38,11.07,1,1,observed,observed,10.0,too_few_iterations,False,True,20260913|D1_N120_p0.065_independent_large_gap
0.065,independent,large_gap,0.85,0.7,1,240,480,303,A,1.0,21,60,0.35,0.06157651067303722,0.2417,0.4764,False,31.2,28.33,22.32,2,2,extrapolated,extrapolated,20.1,too_few_iterations,False,True,20260913|D1_N240_p0.065_independent_large_gap
0.065,independent,large_gap,0.85,0.7,1,240,480,303,B,12.0,0,60,0.0,0.0,0.0,0.0602,False,31.2,28.33,22.32,2,2,extrapolated,extrapolated,20.1,too_few_iterations,False,True,20260913|D1_N240_p0.065_independent_large_gap
0.065,independent,large_gap,0.85,0.7,1,240,480,303,C,24.0,0,60,0.0,0.0,0.0,0.0602,False,31.2,28.33,22.32,2,2,extrapolated,extrapolated,20.1,too_few_iterations,False,True,20260913|D1_N240_p0.065_independent_large_gap
0.065,independent,large_gap,0.85,0.7,1,360,720,454,A,1.0,34,60,0.5666666666666667,0.06397337409104348,0.441,0.6843,False,45.4,42.18,32.67,3,3,extrapolated,extrapolated,30.1,too_few_iterations,False,True,20260913|D1_N360_p0.065_independent_large_gap
0.065,independent,large_gap,0.85,0.7,1,360,720,454,B,18.0,0,60,0.0,0.0,0.0,0.0602,False,45.4,42.18,32.67,3,3,extrapolated,extrapolated,30.1,too_few_iterations,False,True,20260913|D1_N360_p0.065_independent_large_gap
0.065,independent,large_gap,0.85,0.7,1,360,720,454,C,36.0,0,60,0.0,0.0,0.0,0.0602,False,45.4,42.18,32.67,3,3,extrapolated,extrapolated,30.1,too_few_iterations,False,True,20260913|D1_N360_p0.065_independent_large_gap
0.065,independent,large_gap,0.85,0.7,1,480,960,605,A,1.0,53,60,0.8833333333333333,0.04144384867012948,0.7782,0.9423,False,63.9,59.08,45.5,4,4,extrapolated,extrapolated,40.2,too_few_iterations,False,True,20260913|D1_N480_p0.065_independent_large_gap
0.065,independent,large_gap,0.85,0.7,1,480,960,605,B,24.0,0,60,0.0,0.0,0.0,0.0602,False,63.9,59.08,45.5,4,4,extrapolated,extrapolated,40.2,too_few_iterations,False,True,20260913|D1_N480_p0.065_independent_large_gap
0.065,independent,large_gap,0.85,0.7,1,480,960,605,C,48.0,0,60,0.0,0.0,0.0,0.0602,False,63.9,59.08,45.5,4,4,extrapolated,extrapolated,40.2,too_few_iterations,False,True,20260913|D1_N480_p0.065_independent_large_gap
0.065,independent,large_gap,0.85,0.7,1,600,1200,757,A,1.0,56,60,0.9333333333333333,0.032203059435976525,0.8407,0.9738,False,77.8,72.18,55.23,5,5,extrapolated,extrapolated,50.2,too_few_iterations,False,True,20260913|D1_N600_p0.065_independent_large_gap
0.065,independent,large_gap,0.85,0.7,1,600,1200,757,B,30.0,0,60,0.0,0.0,0.0,0.0602,False,77.8,72.18,55.23,5,5,extrapolated,extrapolated,50.2,too_few_iterations,False,True,20260913|D1_N600_p0.065_independent_large_gap
0.065,independent,large_gap,0.85,0.7,1,600,1200,757,C,60.0,0,60,0.0,0.0,0.0,0.0602,False,77.8,72.18,55.23,5,5,extrapolated,extrapolated,50.2,too_few_iterations,False,True,20260913|D1_N600_p0.065_independent_large_gap
0.065,independent,large_gap,0.85,0.7,2,120,240,151,A,1.0,12,60,0.2,0.051639777949432225,0.1183,0.3178,False,15.6,14.38,11.25,1,2,observed,extrapolated,20.1,too_few_iterations,False,True,20260913|D2_N120_p0.065_independent_large_gap
0.065,independent,large_gap,0.85,0.7,2,120,240,151,B,6.0,0,60,0.0,0.0,0.0,0.0602,False,15.6,14.38,11.25,1,2,observed,extrapolated,20.1,too_few_iterations,False,True,20260913|D2_N120_p0.065_independent_large_gap
0.065,independent,large_gap,0.85,0.7,2,120,240,151,C,12.0,0,60,0.0,0.0,0.0,0.0602,False,15.6,14.38,11.25,1,2,observed,extrapolated,20.1,too_few_iterations,False,True,20260913|D2_N120_p0.065_independent_large_gap
0.065,independent,large_gap,0.85,0.7,2,240,480,303,A,1.0,45,60,0.75,0.05590169943749474,0.6277,0.8422,False,30.6,28.39,21.68,2,4,extrapolated,extrapolated,40.2,too_few_iterations,False,True,20260913|D2_N240_p0.065_independent_large_gap
0.065,independent,large_gap,0.85,0.7,2,240,480,303,B,12.0,0,60,0.0,0.0,0.0,0.0602,False,30.6,28.39,21.68,2,4,extrapolated,extrapolated,40.2,too_few_iterations,False,True,20260913|D2_N240_p0.065_independent_large_gap
0.065,independent,large_gap,0.85,0.7,2,240,480,303,C,24.0,0,60,0.0,0.0,0.0,0.0602,False,30.6,28.39,21.68,2,4,extrapolated,extrapolated,40.2,too_few_iterations,False,True,20260913|D2_N240_p0.065_independent_large_gap
0.065,independent,large_gap,0.85,0.7,2,360,720,454,A,1.0,54,60,0.9,0.03872983346207417,0.7985,0.9534,False,46.5,43.02,33.36,3,6,extrapolated,extrapolated,60.2,too_few_iterations,False,True,20260913|D2_N360_p0.065_independent_large_gap
0.065,independent,large_gap,0.85,0.7,2,360,720,454,B,18.0,0,60,0.0,0.0,0.0,0.0602,False,46.5,43.02,33.36,3,6,extrapolated,extrapolated,60.2,too_few_iterations,False,True,20260913|D2_N360_p0.065_independent_large_gap
0.065,independent,large_gap,0.85,0.7,2,360,720,454,C,36.0,0,60,0.0,0.0,0.0,0.0602,False,46.5,43.02,33.36,3,6,extrapolated,extrapolated,60.2,too_few_iterations,False,True,20260913|D2_N360_p0.065_independent_large_gap
0.065,independent,large_gap,0.85,0.7,2,480,960,605,A,1.0,57,60,0.95,0.0281365716935569,0.863,0.9829,False,62.7,57.94,44.66,4,8,extrapolated,extrapolated,80.3,too_few_iterations,False,True,20260913|D2_N480_p0.065_independent_large_gap
0.065,independent,large_gap,0.85,0.7,2,480,960,605,B,24.0,0,60,0.0,0.0,0.0,0.0602,False,62.7,57.94,44.66,4,8,extrapolated,extrapolated,80.3,too_few_iterations,False,True,20260913|D2_N480_p0.065_independent_large_gap
0.065,independent,large_gap,0.85,0.7,2,480,960,605,C,48.0,0,60,0.0,0.0,0.0,0.0602,False,62.7,57.94,44.66,4,8,extrapolated,extrapolated,80.3,too_few_iterations,False,True,20260913|D2_N480_p0.065_independent_large_gap
0.065,independent,large_gap,0.85,0.7,2,600,1200,757,A,1.0,60,60,1.0,0.0,0.9398,1.0,False,77.8,71.67,55.32,5,10,extrapolated,strongly_extrapolated,100.4,too_few_iterations,False,True,20260913|D2_N600_p0.065_independent_large_gap
0.065,independent,large_gap,0.85,0.7,2,600,1200,757,B,30.0,0,60,0.0,0.0,0.0,0.0602,False,77.8,71.67,55.32,5,10,extrapolated,strongly_extrapolated,100.4,too_few_iterations,False,True,20260913|D2_N600_p0.065_independent_large_gap
0.065,independent,large_gap,0.85,0.7,2,600,1200,757,C,60.0,0,60,0.0,0.0,0.0,0.0602,False,77.8,71.67,55.32,5,10,extrapolated,strongly_extrapolated,100.4,too_few_iterations,False,True,20260913|D2_N600_p0.065_independent_large_gap
0.065,independent,large_gap,0.85,0.7,3,120,240,151,A,1.0,22,60,0.36666666666666664,0.062212300796308524,0.2562,0.4932,False,15.4,14.14,10.89,1,3,observed,extrapolated,30.1,too_few_iterations,False,True,20260913|D3_N120_p0.065_independent_large_gap
0.065,independent,large_gap,0.85,0.7,3,120,240,151,B,6.0,0,60,0.0,0.0,0.0,0.0602,False,15.4,14.14,10.89,1,3,observed,extrapolated,30.1,too_few_iterations,False,True,20260913|D3_N120_p0.065_independent_large_gap
0.065,independent,large_gap,0.85,0.7,3,120,240,151,C,12.0,0,60,0.0,0.0,0.0,0.0602,False,15.4,14.14,10.89,1,3,observed,extrapolated,30.1,too_few_iterations,False,True,20260913|D3_N120_p0.065_independent_large_gap
0.065,independent,large_gap,0.85,0.7,3,240,480,303,A,1.0,54,60,0.9,0.03872983346207417,0.7985,0.9534,False,31.0,28.64,22.21,2,6,extrapolated,extrapolated,60.2,too_few_iterations,False,True,20260913|D3_N240_p0.065_independent_large_gap
0.065,independent,large_gap,0.85,0.7,3,240,480,303,B,12.0,0,60,0.0,0.0,0.0,0.0602,False,31.0,28.64,22.21,2,6,extrapolated,extrapolated,60.2,too_few_iterations,False,True,20260913|D3_N240_p0.065_independent_large_gap
0.065,independent,large_gap,0.85,0.7,3,240,480,303,C,24.0,0,60,0.0,0.0,0.0,0.0602,False,31.0,28.64,22.21,2,6,extrapolated,extrapolated,60.2,too_few_iterations,False,True,20260913|D3_N240_p0.065_independent_large_gap
0.065,independent,large_gap,0.85,0.7,3,360,720,454,A,1.0,58,60,0.9666666666666667,0.023174059571793564,0.8864,0.9908,False,46.5,42.68,33.13,3,9,extrapolated,extrapolated,90.4,too_few_iterations,False,True,20260913|D3_N360_p0.065_independent_large_gap
0.065,independent,large_gap,0.85,0.7,3,360,720,454,B,18.0,0,60,0.0,0.0,0.0,0.0602,False,46.5,42.68,33.13,3,9,extrapolated,extrapolated,90.4,too_few_iterations,False,True,20260913|D3_N360_p0.065_independent_large_gap
0.065,independent,large_gap,0.85,0.7,3,360,720,454,C,36.0,0,60,0.0,0.0,0.0,0.0602,False,46.5,42.68,33.13,3,9,extrapolated,extrapolated,90.4,too_few_iterations,False,True,20260913|D3_N360_p0.065_independent_large_gap
0.065,independent,large_gap,0.85,0.7,3,480,960,605,A,1.0,60,60,1.0,0.0,0.9398,1.0,False,62.3,57.41,44.13,4,12,extrapolated,strongly_extrapolated,120.5,too_few_iterations,False,True,20260913|D3_N480_p0.065_independent_large_gap
0.065,independent,large_gap,0.85,0.7,3,480,960,605,B,24.0,0,60,0.0,0.0,0.0,0.0602,False,62.3,57.41,44.13,4,12,extrapolated,strongly_extrapolated,120.5,too_few_iterations,False,True,20260913|D3_N480_p0.065_independent_large_gap
0.065,independent,large_gap,0.85,0.7,3,480,960,605,C,48.0,0,60,0.0,0.0,0.0,0.0602,False,62.3,57.41,44.13,4,12,extrapolated,strongly_extrapolated,120.5,too_few_iterations,False,True,20260913|D3_N480_p0.065_independent_large_gap
0.065,independent,large_gap,0.85,0.7,3,600,1200,757,A,1.0,60,60,1.0,0.0,0.9398,1.0,False,77.4,71.42,54.99,5,15,extrapolated,strongly_extrapolated,150.6,too_few_iterations,False,True,20260913|D3_N600_p0.065_independent_large_gap
0.065,independent,large_gap,0.85,0.7,3,600,1200,757,B,30.0,0,60,0.0,0.0,0.0,0.0602,False,77.4,71.42,54.99,5,15,extrapolated,strongly_extrapolated,150.6,too_few_iterations,False,True,20260913|D3_N600_p0.065_independent_large_gap
0.065,independent,large_gap,0.85,0.7,3,600,1200,757,C,60.0,0,60,0.0,0.0,0.0,0.0602,False,77.4,71.42,54.99,5,15,extrapolated,strongly_extrapolated,150.6,too_few_iterations,False,True,20260913|D3_N600_p0.065_independent_large_gap
0.065,independent,large_gap,0.85,0.7,4,120,240,151,A,1.0,33,60,0.55,0.06422616289332565,0.4249,0.6691,False,15.6,14.36,11.03,1,4,observed,extrapolated,40.2,too_few_iterations,False,True,20260913|D4_N120_p0.065_independent_large_gap
0.065,independent,large_gap,0.85,0.7,4,120,240,151,B,6.0,0,60,0.0,0.0,0.0,0.0602,False,15.6,14.36,11.03,1,4,observed,extrapolated,40.2,too_few_iterations,False,True,20260913|D4_N120_p0.065_independent_large_gap
0.065,independent,large_gap,0.85,0.7,4,120,240,151,C,12.0,0,60,0.0,0.0,0.0,0.0602,False,15.6,14.36,11.03,1,4,observed,extrapolated,40.2,too_few_iterations,False,True,20260913|D4_N120_p0.065_independent_large_gap
0.065,independent,large_gap,0.85,0.7,4,240,480,303,A,1.0,59,60,0.9833333333333333,0.016527194200715044,0.9114,0.9971,False,32.0,29.32,22.73,2,8,extrapolated,extrapolated,80.3,too_few_iterations,False,True,20260913|D4_N240_p0.065_independent_large_gap
0.065,independent,large_gap,0.85,0.7,4,240,480,303,B,12.0,0,60,0.0,0.0,0.0,0.0602,False,32.0,29.32,22.73,2,8,extrapolated,extrapolated,80.3,too_few_iterations,False,True,20260913|D4_N240_p0.065_independent_large_gap
0.065,independent,large_gap,0.85,0.7,4,240,480,303,C,24.0,0,60,0.0,0.0,0.0,0.0602,False,32.0,29.32,22.73,2,8,extrapolated,extrapolated,80.3,too_few_iterations,False,True,20260913|D4_N240_p0.065_independent_large_gap
0.065,independent,large_gap,0.85,0.7,4,360,720,454,A,1.0,60,60,1.0,0.0,0.9398,1.0,False,46.8,43.37,33.12,3,12,extrapolated,strongly_extrapolated,120.5,too_few_iterations,False,True,20260913|D4_N360_p0.065_independent_large_gap
0.065,independent,large_gap,0.85,0.7,4,360,720,454,B,18.0,0,60,0.0,0.0,0.0,0.0602,False,46.8,43.37,33.12,3,12,extrapolated,strongly_extrapolated,120.5,too_few_iterations,False,True,20260913|D4_N360_p0.065_independent_large_gap
0.065,independent,large_gap,0.85,0.7,4,360,720,454,C,36.0,0,60,0.0,0.0,0.0,0.0602,False,46.8,43.37,33.12,3,12,extrapolated,strongly_extrapolated,120.5,too_few_iterations,False,True,20260913|D4_N360_p0.065_independent_large_gap
0.065,independent,large_gap,0.85,0.7,4,480,960,605,A,1.0,60,60,1.0,0.0,0.9398,1.0,False,62.5,57.61,44.39,4,16,extrapolated,strongly_extrapolated,160.6,too_few_iterations,False,True,20260913|D4_N480_p0.065_independent_large_gap
0.065,independent,large_gap,0.85,0.7,4,480,960,605,B,24.0,0,60,0.0,0.0,0.0,0.0602,False,62.5,57.61,44.39,4,16,extrapolated,strongly_extrapolated,160.6,too_few_iterations,False,True,20260913|D4_N480_p0.065_independent_large_gap
0.065,independent,large_gap,0.85,0.7,4,480,960,605,C,48.0,0,60,0.0,0.0,0.0,0.0602,False,62.5,57.61,44.39,4,16,extrapolated,strongly_extrapolated,160.6,too_few_iterations,False,True,20260913|D4_N480_p0.065_independent_large_gap
0.065,independent,large_gap,0.85,0.7,4,600,1200,757,A,1.0,60,60,1.0,0.0,0.9398,1.0,False,76.8,70.75,54.23,5,20,extrapolated,strongly_extrapolated,200.8,too_few_iterations,False,True,20260913|D4_N600_p0.065_independent_large_gap
0.065,independent,large_gap,0.85,0.7,4,600,1200,757,B,30.0,0,60,0.0,0.0,0.0,0.0602,False,76.8,70.75,54.23,5,20,extrapolated,strongly_extrapolated,200.8,too_few_iterations,False,True,20260913|D4_N600_p0.065_independent_large_gap
0.065,independent,large_gap,0.85,0.7,4,600,1200,757,C,60.0,0,60,0.0,0.0,0.0,0.0602,False,76.8,70.75,54.23,5,20,extrapolated,strongly_extrapolated,200.8,too_few_iterations,False,True,20260913|D4_N600_p0.065_independent_large_gap
0.065,clustered,small_gap,0.75,0.7,1,120,240,151,A,1.0,0,60,0.0,0.0,0.0,0.0602,False,15.4,11.55,10.83,1,1,observed,observed,10.0,too_few_iterations,False,True,20260913|D1_N120_p0.065_clustered_small_gap
0.065,clustered,small_gap,0.75,0.7,1,120,240,151,B,6.0,0,60,0.0,0.0,0.0,0.0602,False,15.4,11.55,10.83,1,1,observed,observed,10.0,too_few_iterations,False,True,20260913|D1_N120_p0.065_clustered_small_gap
0.065,clustered,small_gap,0.75,0.7,1,120,240,151,C,12.0,0,60,0.0,0.0,0.0,0.0602,False,15.4,11.55,10.83,1,1,observed,observed,10.0,too_few_iterations,False,True,20260913|D1_N120_p0.065_clustered_small_gap
0.065,clustered,small_gap,0.75,0.7,1,240,480,303,A,1.0,2,60,0.03333333333333333,0.023174059571793568,0.0092,0.1136,False,31.1,23.72,22.55,2,2,extrapolated,extrapolated,20.1,too_few_iterations,False,True,20260913|D1_N240_p0.065_clustered_small_gap
0.065,clustered,small_gap,0.75,0.7,1,240,480,303,B,12.0,0,60,0.0,0.0,0.0,0.0602,False,31.1,23.72,22.55,2,2,extrapolated,extrapolated,20.1,too_few_iterations,False,True,20260913|D1_N240_p0.065_clustered_small_gap
0.065,clustered,small_gap,0.75,0.7,1,240,480,303,C,24.0,0,60,0.0,0.0,0.0,0.0602,False,31.1,23.72,22.55,2,2,extrapolated,extrapolated,20.1,too_few_iterations,False,True,20260913|D1_N240_p0.065_clustered_small_gap
0.065,clustered,small_gap,0.75,0.7,1,360,720,454,A,1.0,2,60,0.03333333333333333,0.023174059571793568,0.0092,0.1136,False,44.3,34.25,31.58,3,3,extrapolated,extrapolated,30.1,too_few_iterations,False,True,20260913|D1_N360_p0.065_clustered_small_gap
0.065,clustered,small_gap,0.75,0.7,1,360,720,454,B,18.0,0,60,0.0,0.0,0.0,0.0602,False,44.3,34.25,31.58,3,3,extrapolated,extrapolated,30.1,too_few_iterations,False,True,20260913|D1_N360_p0.065_clustered_small_gap
0.065,clustered,small_gap,0.75,0.7,1,360,720,454,C,36.0,0,60,0.0,0.0,0.0,0.0602,False,44.3,34.25,31.58,3,3,extrapolated,extrapolated,30.1,too_few_iterations,False,True,20260913|D1_N360_p0.065_clustered_small_gap
0.065,clustered,small_gap,0.75,0.7,1,480,960,605,A,1.0,1,60,0.016666666666666666,0.01652719420071502,0.0029,0.0886,False,60.2,47.03,43.23,4,4,extrapolated,extrapolated,40.2,too_few_iterations,False,True,20260913|D1_N480_p0.065_clustered_small_gap
0.065,clustered,small_gap,0.75,0.7,1,480,960,605,B,24.0,0,60,0.0,0.0,0.0,0.0602,False,60.2,47.03,43.23,4,4,extrapolated,extrapolated,40.2,too_few_iterations,False,True,20260913|D1_N480_p0.065_clustered_small_gap
0.065,clustered,small_gap,0.75,0.7,1,480,960,605,C,48.0,0,60,0.0,0.0,0.0,0.0602,False,60.2,47.03,43.23,4,4,extrapolated,extrapolated,40.2,too_few_iterations,False,True,20260913|D1_N480_p0.065_clustered_small_gap
0.065,clustered,small_gap,0.75,0.7,1,600,1200,757,A,1.0,1,60,0.016666666666666666,0.01652719420071502,0.0029,0.0886,False,75.7,58.77,55.13,5,5,extrapolated,extrapolated,50.2,too_few_iterations,False,True,20260913|D1_N600_p0.065_clustered_small_gap
0.065,clustered,small_gap,0.75,0.7,1,600,1200,757,B,30.0,0,60,0.0,0.0,0.0,0.0602,False,75.7,58.77,55.13,5,5,extrapolated,extrapolated,50.2,too_few_iterations,False,True,20260913|D1_N600_p0.065_clustered_small_gap
0.065,clustered,small_gap,0.75,0.7,1,600,1200,757,C,60.0,0,60,0.0,0.0,0.0,0.0602,False,75.7,58.77,55.13,5,5,extrapolated,extrapolated,50.2,too_few_iterations,False,True,20260913|D1_N600_p0.065_clustered_small_gap
0.065,clustered,small_gap,0.75,0.7,2,120,240,151,A,1.0,0,60,0.0,0.0,0.0,0.0602,False,14.7,11.5,10.74,1,2,observed,extrapolated,20.1,too_few_iterations,False,True,20260913|D2_N120_p0.065_clustered_small_gap
0.065,clustered,small_gap,0.75,0.7,2,120,240,151,B,6.0,0,60,0.0,0.0,0.0,0.0602,False,14.7,11.5,10.74,1,2,observed,extrapolated,20.1,too_few_iterations,False,True,20260913|D2_N120_p0.065_clustered_small_gap
0.065,clustered,small_gap,0.75,0.7,2,120,240,151,C,12.0,0,60,0.0,0.0,0.0,0.0602,False,14.7,11.5,10.74,1,2,observed,extrapolated,20.1,too_few_iterations,False,True,20260913|D2_N120_p0.065_clustered_small_gap
0.065,clustered,small_gap,0.75,0.7,2,240,480,303,A,1.0,5,60,0.08333333333333333,0.03568120160740314,0.0361,0.1807,False,30.6,23.76,21.52,2,4,extrapolated,extrapolated,40.2,too_few_iterations,False,True,20260913|D2_N240_p0.065_clustered_small_gap
0.065,clustered,small_gap,0.75,0.7,2,240,480,303,B,12.0,0,60,0.0,0.0,0.0,0.0602,False,30.6,23.76,21.52,2,4,extrapolated,extrapolated,40.2,too_few_iterations,False,True,20260913|D2_N240_p0.065_clustered_small_gap
0.065,clustered,small_gap,0.75,0.7,2,240,480,303,C,24.0,0,60,0.0,0.0,0.0,0.0602,False,30.6,23.76,21.52,2,4,extrapolated,extrapolated,40.2,too_few_iterations,False,True,20260913|D2_N240_p0.065_clustered_small_gap
0.065,clustered,small_gap,0.75,0.7,2,360,720,454,A,1.0,6,60,0.1,0.03872983346207417,0.0466,0.2015,False,45.1,35.12,32.27,3,6,extrapolated,extrapolated,60.2,too_few_iterations,False,True,20260913|D2_N360_p0.065_clustered_small_gap
0.065,clustered,small_gap,0.75,0.7,2,360,720,454,B,18.0,0,60,0.0,0.0,0.0,0.0602,False,45.1,35.12,32.27,3,6,extrapolated,extrapolated,60.2,too_few_iterations,False,True,20260913|D2_N360_p0.065_clustered_small_gap
0.065,clustered,small_gap,0.75,0.7,2,360,720,454,C,36.0,0,60,0.0,0.0,0.0,0.0602,False,45.1,35.12,32.27,3,6,extrapolated,extrapolated,60.2,too_few_iterations,False,True,20260913|D2_N360_p0.065_clustered_small_gap
0.065,clustered,small_gap,0.75,0.7,2,480,960,605,A,1.0,10,60,0.16666666666666666,0.048112522432468816,0.0931,0.2803,False,60.4,47.25,43.0,4,8,extrapolated,extrapolated,80.3,too_few_iterations,False,True,20260913|D2_N480_p0.065_clustered_small_gap
0.065,clustered,small_gap,0.75,0.7,2,480,960,605,B,24.0,0,60,0.0,0.0,0.0,0.0602,False,60.4,47.25,43.0,4,8,extrapolated,extrapolated,80.3,too_few_iterations,False,True,20260913|D2_N480_p0.065_clustered_small_gap
0.065,clustered,small_gap,0.75,0.7,2,480,960,605,C,48.0,0,60,0.0,0.0,0.0,0.0602,False,60.4,47.25,43.0,4,8,extrapolated,extrapolated,80.3,too_few_iterations,False,True,20260913|D2_N480_p0.065_clustered_small_gap
0.065,clustered,small_gap,0.75,0.7,2,600,1200,757,A,1.0,10,60,0.16666666666666666,0.048112522432468816,0.0931,0.2803,False,75.2,58.94,54.05,5,10,extrapolated,strongly_extrapolated,100.4,too_few_iterations,False,True,20260913|D2_N600_p0.065_clustered_small_gap
0.065,clustered,small_gap,0.75,0.7,2,600,1200,757,B,30.0,0,60,0.0,0.0,0.0,0.0602,False,75.2,58.94,54.05,5,10,extrapolated,strongly_extrapolated,100.4,too_few_iterations,False,True,20260913|D2_N600_p0.065_clustered_small_gap
0.065,clustered,small_gap,0.75,0.7,2,600,1200,757,C,60.0,0,60,0.0,0.0,0.0,0.0602,False,75.2,58.94,54.05,5,10,extrapolated,strongly_extrapolated,100.4,too_few_iterations,False,True,20260913|D2_N600_p0.065_clustered_small_gap
0.065,clustered,small_gap,0.75,0.7,3,120,240,151,A,1.0,2,60,0.03333333333333333,0.023174059571793568,0.0092,0.1136,False,15.2,11.94,10.67,1,3,observed,extrapolated,30.1,too_few_iterations,False,True,20260913|D3_N120_p0.065_clustered_small_gap
0.065,clustered,small_gap,0.75,0.7,3,120,240,151,B,6.0,0,60,0.0,0.0,0.0,0.0602,False,15.2,11.94,10.67,1,3,observed,extrapolated,30.1,too_few_iterations,False,True,20260913|D3_N120_p0.065_clustered_small_gap
0.065,clustered,small_gap,0.75,0.7,3,120,240,151,C,12.0,0,60,0.0,0.0,0.0,0.0602,False,15.2,11.94,10.67,1,3,observed,extrapolated,30.1,too_few_iterations,False,True,20260913|D3_N120_p0.065_clustered_small_gap
0.065,clustered,small_gap,0.75,0.7,3,240,480,303,A,1.0,2,60,0.03333333333333333,0.023174059571793568,0.0092,0.1136,False,30.6,23.7,21.92,2,6,extrapolated,extrapolated,60.2,too_few_iterations,False,True,20260913|D3_N240_p0.065_clustered_small_gap
0.065,clustered,small_gap,0.75,0.7,3,240,480,303,B,12.0,0,60,0.0,0.0,0.0,0.0602,False,30.6,23.7,21.92,2,6,extrapolated,extrapolated,60.2,too_few_iterations,False,True,20260913|D3_N240_p0.065_clustered_small_gap
0.065,clustered,small_gap,0.75,0.7,3,240,480,303,C,24.0,0,60,0.0,0.0,0.0,0.0602,False,30.6,23.7,21.92,2,6,extrapolated,extrapolated,60.2,too_few_iterations,False,True,20260913|D3_N240_p0.065_clustered_small_gap
0.065,clustered,small_gap,0.75,0.7,3,360,720,454,A,1.0,6,60,0.1,0.03872983346207417,0.0466,0.2015,False,45.4,35.49,32.89,3,9,extrapolated,extrapolated,90.4,too_few_iterations,False,True,20260913|D3_N360_p0.065_clustered_small_gap
0.065,clustered,small_gap,0.75,0.7,3,360,720,454,B,18.0,0,60,0.0,0.0,0.0,0.0602,False,45.4,35.49,32.89,3,9,extrapolated,extrapolated,90.4,too_few_iterations,False,True,20260913|D3_N360_p0.065_clustered_small_gap
0.065,clustered,small_gap,0.75,0.7,3,360,720,454,C,36.0,0,60,0.0,0.0,0.0,0.0602,False,45.4,35.49,32.89,3,9,extrapolated,extrapolated,90.4,too_few_iterations,False,True,20260913|D3_N360_p0.065_clustered_small_gap
0.065,clustered,small_gap,0.75,0.7,3,480,960,605,A,1.0,11,60,0.18333333333333332,0.04995368225036439,0.1056,0.2992,False,60.9,47.58,43.98,4,12,extrapolated,strongly_extrapolated,120.5,too_few_iterations,False,True,20260913|D3_N480_p0.065_clustered_small_gap
0.065,clustered,small_gap,0.75,0.7,3,480,960,605,B,24.0,0,60,0.0,0.0,0.0,0.0602,False,60.9,47.58,43.98,4,12,extrapolated,strongly_extrapolated,120.5,too_few_iterations,False,True,20260913|D3_N480_p0.065_clustered_small_gap
0.065,clustered,small_gap,0.75,0.7,3,480,960,605,C,48.0,0,60,0.0,0.0,0.0,0.0602,False,60.9,47.58,43.98,4,12,extrapolated,strongly_extrapolated,120.5,too_few_iterations,False,True,20260913|D3_N480_p0.065_clustered_small_gap
0.065,clustered,small_gap,0.75,0.7,3,600,1200,757,A,1.0,18,60,0.3,0.05916079783099616,0.199,0.4251,False,75.5,59.09,53.86,5,15,extrapolated,strongly_extrapolated,150.6,too_few_iterations,False,True,20260913|D3_N600_p0.065_clustered_small_gap
0.065,clustered,small_gap,0.75,0.7,3,600,1200,757,B,30.0,0,60,0.0,0.0,0.0,0.0602,False,75.5,59.09,53.86,5,15,extrapolated,strongly_extrapolated,150.6,too_few_iterations,False,True,20260913|D3_N600_p0.065_clustered_small_gap
0.065,clustered,small_gap,0.75,0.7,3,600,1200,757,C,60.0,0,60,0.0,0.0,0.0,0.0602,False,75.5,59.09,53.86,5,15,extrapolated,strongly_extrapolated,150.6,too_few_iterations,False,True,20260913|D3_N600_p0.065_clustered_small_gap
0.065,clustered,small_gap,0.75,0.7,4,120,240,151,A,1.0,2,60,0.03333333333333333,0.023174059571793568,0.0092,0.1136,False,14.8,11.62,10.8,1,4,observed,extrapolated,40.2,too_few_iterations,False,True,20260913|D4_N120_p0.065_clustered_small_gap
0.065,clustered,small_gap,0.75,0.7,4,120,240,151,B,6.0,0,60,0.0,0.0,0.0,0.0602,False,14.8,11.62,10.8,1,4,observed,extrapolated,40.2,too_few_iterations,False,True,20260913|D4_N120_p0.065_clustered_small_gap
0.065,clustered,small_gap,0.75,0.7,4,120,240,151,C,12.0,0,60,0.0,0.0,0.0,0.0602,False,14.8,11.62,10.8,1,4,observed,extrapolated,40.2,too_few_iterations,False,True,20260913|D4_N120_p0.065_clustered_small_gap
0.065,clustered,small_gap,0.75,0.7,4,240,480,303,A,1.0,7,60,0.11666666666666667,0.04144384867012947,0.0577,0.2218,False,30.0,23.62,21.64,2,8,extrapolated,extrapolated,80.3,too_few_iterations,False,True,20260913|D4_N240_p0.065_clustered_small_gap
0.065,clustered,small_gap,0.75,0.7,4,240,480,303,B,12.0,0,60,0.0,0.0,0.0,0.0602,False,30.0,23.62,21.64,2,8,extrapolated,extrapolated,80.3,too_few_iterations,False,True,20260913|D4_N240_p0.065_clustered_small_gap
0.065,clustered,small_gap,0.75,0.7,4,240,480,303,C,24.0,0,60,0.0,0.0,0.0,0.0602,False,30.0,23.62,21.64,2,8,extrapolated,extrapolated,80.3,too_few_iterations,False,True,20260913|D4_N240_p0.065_clustered_small_gap
0.065,clustered,small_gap,0.75,0.7,4,360,720,454,A,1.0,11,60,0.18333333333333332,0.04995368225036439,0.1056,0.2992,False,45.0,35.03,31.95,3,12,extrapolated,strongly_extrapolated,120.5,too_few_iterations,False,True,20260913|D4_N360_p0.065_clustered_small_gap
0.065,clustered,small_gap,0.75,0.7,4,360,720,454,B,18.0,0,60,0.0,0.0,0.0,0.0602,False,45.0,35.03,31.95,3,12,extrapolated,strongly_extrapolated,120.5,too_few_iterations,False,True,20260913|D4_N360_p0.065_clustered_small_gap
0.065,clustered,small_gap,0.75,0.7,4,360,720,454,C,36.0,0,60,0.0,0.0,0.0,0.0602,False,45.0,35.03,31.95,3,12,extrapolated,strongly_extrapolated,120.5,too_few_iterations,False,True,20260913|D4_N360_p0.065_clustered_small_gap
0.065,clustered,small_gap,0.75,0.7,4,480,960,605,A,1.0,14,60,0.23333333333333334,0.054602943890247176,0.1444,0.3544,False,60.8,47.5,43.53,4,16,extrapolated,strongly_extrapolated,160.6,too_few_iterations,False,True,20260913|D4_N480_p0.065_clustered_small_gap
0.065,clustered,small_gap,0.75,0.7,4,480,960,605,B,24.0,0,60,0.0,0.0,0.0,0.0602,False,60.8,47.5,43.53,4,16,extrapolated,strongly_extrapolated,160.6,too_few_iterations,False,True,20260913|D4_N480_p0.065_clustered_small_gap
0.065,clustered,small_gap,0.75,0.7,4,480,960,605,C,48.0,0,60,0.0,0.0,0.0,0.0602,False,60.8,47.5,43.53,4,16,extrapolated,strongly_extrapolated,160.6,too_few_iterations,False,True,20260913|D4_N480_p0.065_clustered_small_gap
0.065,clustered,small_gap,0.75,0.7,4,600,1200,757,A,1.0,17,60,0.2833333333333333,0.05817438662555248,0.1851,0.4077,False,76.9,59.96,55.16,5,20,extrapolated,strongly_extrapolated,200.8,too_few_iterations,False,True,20260913|D4_N600_p0.065_clustered_small_gap
0.065,clustered,small_gap,0.75,0.7,4,600,1200,757,B,30.0,0,60,0.0,0.0,0.0,0.0602,False,76.9,59.96,55.16,5,20,extrapolated,strongly_extrapolated,200.8,too_few_iterations,False,True,20260913|D4_N600_p0.065_clustered_small_gap
0.065,clustered,small_gap,0.75,0.7,4,600,1200,757,C,60.0,0,60,0.0,0.0,0.0,0.0602,False,76.9,59.96,55.16,5,20,extrapolated,strongly_extrapolated,200.8,too_few_iterations,False,True,20260913|D4_N600_p0.065_clustered_small_gap
0.065,clustered,large_gap,0.85,0.7,1,120,240,151,A,1.0,5,60,0.08333333333333333,0.03568120160740314,0.0361,0.1807,False,15.2,14.15,10.77,1,1,observed,observed,10.0,too_few_iterations,False,True,20260913|D1_N120_p0.065_clustered_large_gap
0.065,clustered,large_gap,0.85,0.7,1,120,240,151,B,6.0,0,60,0.0,0.0,0.0,0.0602,False,15.2,14.15,10.77,1,1,observed,observed,10.0,too_few_iterations,False,True,20260913|D1_N120_p0.065_clustered_large_gap
0.065,clustered,large_gap,0.85,0.7,1,120,240,151,C,12.0,0,60,0.0,0.0,0.0,0.0602,False,15.2,14.15,10.77,1,1,observed,observed,10.0,too_few_iterations,False,True,20260913|D1_N120_p0.065_clustered_large_gap
0.065,clustered,large_gap,0.85,0.7,1,240,480,303,A,1.0,25,60,0.4166666666666667,0.06364688465216445,0.3006,0.5427,False,30.6,28.25,22.02,2,2,extrapolated,extrapolated,20.1,too_few_iterations,False,True,20260913|D1_N240_p0.065_clustered_large_gap
0.065,clustered,large_gap,0.85,0.7,1,240,480,303,B,12.0,0,60,0.0,0.0,0.0,0.0602,False,30.6,28.25,22.02,2,2,extrapolated,extrapolated,20.1,too_few_iterations,False,True,20260913|D1_N240_p0.065_clustered_large_gap
0.065,clustered,large_gap,0.85,0.7,1,240,480,303,C,24.0,0,60,0.0,0.0,0.0,0.0602,False,30.6,28.25,22.02,2,2,extrapolated,extrapolated,20.1,too_few_iterations,False,True,20260913|D1_N240_p0.065_clustered_large_gap
0.065,clustered,large_gap,0.85,0.7,1,360,720,454,A,1.0,34,60,0.5666666666666667,0.06397337409104348,0.441,0.6843,False,45.7,42.05,32.57,3,3,extrapolated,extrapolated,30.1,too_few_iterations,False,True,20260913|D1_N360_p0.065_clustered_large_gap
0.065,clustered,large_gap,0.85,0.7,1,360,720,454,B,18.0,0,60,0.0,0.0,0.0,0.0602,False,45.7,42.05,32.57,3,3,extrapolated,extrapolated,30.1,too_few_iterations,False,True,20260913|D1_N360_p0.065_clustered_large_gap
0.065,clustered,large_gap,0.85,0.7,1,360,720,454,C,36.0,0,60,0.0,0.0,0.0,0.0602,False,45.7,42.05,32.57,3,3,extrapolated,extrapolated,30.1,too_few_iterations,False,True,20260913|D1_N360_p0.065_clustered_large_gap
0.065,clustered,large_gap,0.85,0.7,1,480,960,605,A,1.0,50,60,0.8333333333333334,0.04811252243246881,0.7197,0.9069,False,60.1,56.2,43.78,4,4,extrapolated,extrapolated,40.2,too_few_iterations,False,True,20260913|D1_N480_p0.065_clustered_large_gap
0.065,clustered,large_gap,0.85,0.7,1,480,960,605,B,24.0,0,60,0.0,0.0,0.0,0.0602,False,60.1,56.2,43.78,4,4,extrapolated,extrapolated,40.2,too_few_iterations,False,True,20260913|D1_N480_p0.065_clustered_large_gap
0.065,clustered,large_gap,0.85,0.7,1,480,960,605,C,48.0,0,60,0.0,0.0,0.0,0.0602,False,60.1,56.2,43.78,4,4,extrapolated,extrapolated,40.2,too_few_iterations,False,True,20260913|D1_N480_p0.065_clustered_large_gap
0.065,clustered,large_gap,0.85,0.7,1,600,1200,757,A,1.0,52,60,0.8666666666666667,0.04388537257362555,0.7583,0.9309,False,75.5,69.77,54.42,5,5,extrapolated,extrapolated,50.2,too_few_iterations,False,True,20260913|D1_N600_p0.065_clustered_large_gap
0.065,clustered,large_gap,0.85,0.7,1,600,1200,757,B,30.0,0,60,0.0,0.0,0.0,0.0602,False,75.5,69.77,54.42,5,5,extrapolated,extrapolated,50.2,too_few_iterations,False,True,20260913|D1_N600_p0.065_clustered_large_gap
0.065,clustered,large_gap,0.85,0.7,1,600,1200,757,C,60.0,0,60,0.0,0.0,0.0,0.0602,False,75.5,69.77,54.42,5,5,extrapolated,extrapolated,50.2,too_few_iterations,False,True,20260913|D1_N600_p0.065_clustered_large_gap
0.065,clustered,large_gap,0.85,0.7,2,120,240,151,A,1.0,15,60,0.25,0.05590169943749474,0.1578,0.3723,False,15.1,14.07,10.67,1,2,observed,extrapolated,20.1,too_few_iterations,False,True,20260913|D2_N120_p0.065_clustered_large_gap
0.065,clustered,large_gap,0.85,0.7,2,120,240,151,B,6.0,0,60,0.0,0.0,0.0,0.0602,False,15.1,14.07,10.67,1,2,observed,extrapolated,20.1,too_few_iterations,False,True,20260913|D2_N120_p0.065_clustered_large_gap
0.065,clustered,large_gap,0.85,0.7,2,120,240,151,C,12.0,0,60,0.0,0.0,0.0,0.0602,False,15.1,14.07,10.67,1,2,observed,extrapolated,20.1,too_few_iterations,False,True,20260913|D2_N120_p0.065_clustered_large_gap
0.065,clustered,large_gap,0.85,0.7,2,240,480,303,A,1.0,48,60,0.8,0.05163977794943222,0.6822,0.8817,False,30.8,28.57,21.72,2,4,extrapolated,extrapolated,40.2,too_few_iterations,False,True,20260913|D2_N240_p0.065_clustered_large_gap
0.065,clustered,large_gap,0.85,0.7,2,240,480,303,B,12.0,0,60,0.0,0.0,0.0,0.0602,False,30.8,28.57,21.72,2,4,extrapolated,extrapolated,40.2,too_few_iterations,False,True,20260913|D2_N240_p0.065_clustered_large_gap
0.065,clustered,large_gap,0.85,0.7,2,240,480,303,C,24.0,0,60,0.0,0.0,0.0,0.0602,False,30.8,28.57,21.72,2,4,extrapolated,extrapolated,40.2,too_few_iterations,False,True,20260913|D2_N240_p0.065_clustered_large_gap
0.065,clustered,large_gap,0.85,0.7,2,360,720,454,A,1.0,53,60,0.8833333333333333,0.04144384867012948,0.7782,0.9423,False,46.1,42.5,33.35,3,6,extrapolated,extrapolated,60.2,too_few_iterations,False,True,20260913|D2_N360_p0.065_clustered_large_gap
0.065,clustered,large_gap,0.85,0.7,2,360,720,454,B,18.0,0,60,0.0,0.0,0.0,0.0602,False,46.1,42.5,33.35,3,6,extrapolated,extrapolated,60.2,too_few_iterations,False,True,20260913|D2_N360_p0.065_clustered_large_gap
0.065,clustered,large_gap,0.85,0.7,2,360,720,454,C,36.0,0,60,0.0,0.0,0.0,0.0602,False,46.1,42.5,33.35,3,6,extrapolated,extrapolated,60.2,too_few_iterations,False,True,20260913|D2_N360_p0.065_clustered_large_gap
0.065,clustered,large_gap,0.85,0.7,2,480,960,605,A,1.0,58,60,0.9666666666666667,0.023174059571793564,0.8864,0.9908,False,60.0,55.86,42.66,4,8,extrapolated,extrapolated,80.3,too_few_iterations,False,True,20260913|D2_N480_p0.065_clustered_large_gap
0.065,clustered,large_gap,0.85,0.7,2,480,960,605,B,24.0,0,60,0.0,0.0,0.0,0.0602,False,60.0,55.86,42.66,4,8,extrapolated,extrapolated,80.3,too_few_iterations,False,True,20260913|D2_N480_p0.065_clustered_large_gap
0.065,clustered,large_gap,0.85,0.7,2,480,960,605,C,48.0,0,60,0.0,0.0,0.0,0.0602,False,60.0,55.86,42.66,4,8,extrapolated,extrapolated,80.3,too_few_iterations,False,True,20260913|D2_N480_p0.065_clustered_large_gap
0.065,clustered,large_gap,0.85,0.7,2,600,1200,757,A,1.0,60,60,1.0,0.0,0.9398,1.0,False,75.2,69.55,53.81,5,10,extrapolated,strongly_extrapolated,100.4,too_few_iterations,False,True,20260913|D2_N600_p0.065_clustered_large_gap
0.065,clustered,large_gap,0.85,0.7,2,600,1200,757,B,30.0,0,60,0.0,0.0,0.0,0.0602,False,75.2,69.55,53.81,5,10,extrapolated,strongly_extrapolated,100.4,too_few_iterations,False,True,20260913|D2_N600_p0.065_clustered_large_gap
0.065,clustered,large_gap,0.85,0.7,2,600,1200,757,C,60.0,0,60,0.0,0.0,0.0,0.0602,False,75.2,69.55,53.81,5,10,extrapolated,strongly_extrapolated,100.4,too_few_iterations,False,True,20260913|D2_N600_p0.065_clustered_large_gap
0.065,clustered,large_gap,0.85,0.7,3,120,240,151,A,1.0,24,60,0.4,0.06324555320336758,0.2857,0.5263,False,15.2,13.98,10.61,1,3,observed,extrapolated,30.1,too_few_iterations,False,True,20260913|D3_N120_p0.065_clustered_large_gap
0.065,clustered,large_gap,0.85,0.7,3,120,240,151,B,6.0,0,60,0.0,0.0,0.0,0.0602,False,15.2,13.98,10.61,1,3,observed,extrapolated,30.1,too_few_iterations,False,True,20260913|D3_N120_p0.065_clustered_large_gap
0.065,clustered,large_gap,0.85,0.7,3,120,240,151,C,12.0,0,60,0.0,0.0,0.0,0.0602,False,15.2,13.98,10.61,1,3,observed,extrapolated,30.1,too_few_iterations,False,True,20260913|D3_N120_p0.065_clustered_large_gap
0.065,clustered,large_gap,0.85,0.7,3,240,480,303,A,1.0,54,60,0.9,0.03872983346207417,0.7985,0.9534,False,29.8,27.61,21.36,2,6,extrapolated,extrapolated,60.2,too_few_iterations,False,True,20260913|D3_N240_p0.065_clustered_large_gap
0.065,clustered,large_gap,0.85,0.7,3,240,480,303,B,12.0,0,60,0.0,0.0,0.0,0.0602,False,29.8,27.61,21.36,2,6,extrapolated,extrapolated,60.2,too_few_iterations,False,True,20260913|D3_N240_p0.065_clustered_large_gap
0.065,clustered,large_gap,0.85,0.7,3,240,480,303,C,24.0,0,60,0.0,0.0,0.0,0.0602,False,29.8,27.61,21.36,2,6,extrapolated,extrapolated,60.2,too_few_iterations,False,True,20260913|D3_N240_p0.065_clustered_large_gap
0.065,clustered,large_gap,0.85,0.7,3,360,720,454,A,1.0,60,60,1.0,0.0,0.9398,1.0,False,45.9,42.53,32.93,3,9,extrapolated,extrapolated,90.4,too_few_iterations,False,True,20260913|D3_N360_p0.065_clustered_large_gap
0.065,clustered,large_gap,0.85,0.7,3,360,720,454,B,18.0,0,60,0.0,0.0,0.0,0.0602,False,45.9,42.53,32.93,3,9,extrapolated,extrapolated,90.4,too_few_iterations,False,True,20260913|D3_N360_p0.065_clustered_large_gap
0.065,clustered,large_gap,0.85,0.7,3,360,720,454,C,36.0,0,60,0.0,0.0,0.0,0.0602,False,45.9,42.53,32.93,3,9,extrapolated,extrapolated,90.4,too_few_iterations,False,True,20260913|D3_N360_p0.065_clustered_large_gap
0.065,clustered,large_gap,0.85,0.7,3,480,960,605,A,1.0,60,60,1.0,0.0,0.9398,1.0,False,60.4,55.45,43.54,4,12,extrapolated,strongly_extrapolated,120.5,too_few_iterations,False,True,20260913|D3_N480_p0.065_clustered_large_gap
0.065,clustered,large_gap,0.85,0.7,3,480,960,605,B,24.0,0,60,0.0,0.0,0.0,0.0602,False,60.4,55.45,43.54,4,12,extrapolated,strongly_extrapolated,120.5,too_few_iterations,False,True,20260913|D3_N480_p0.065_clustered_large_gap
0.065,clustered,large_gap,0.85,0.7,3,480,960,605,C,48.0,0,60,0.0,0.0,0.0,0.0602,False,60.4,55.45,43.54,4,12,extrapolated,strongly_extrapolated,120.5,too_few_iterations,False,True,20260913|D3_N480_p0.065_clustered_large_gap
0.065,clustered,large_gap,0.85,0.7,3,600,1200,757,A,1.0,60,60,1.0,0.0,0.9398,1.0,False,76.3,70.86,55.01,5,15,extrapolated,strongly_extrapolated,150.6,too_few_iterations,False,True,20260913|D3_N600_p0.065_clustered_large_gap
0.065,clustered,large_gap,0.85,0.7,3,600,1200,757,B,30.0,0,60,0.0,0.0,0.0,0.0602,False,76.3,70.86,55.01,5,15,extrapolated,strongly_extrapolated,150.6,too_few_iterations,False,True,20260913|D3_N600_p0.065_clustered_large_gap
0.065,clustered,large_gap,0.85,0.7,3,600,1200,757,C,60.0,0,60,0.0,0.0,0.0,0.0602,False,76.3,70.86,55.01,5,15,extrapolated,strongly_extrapolated,150.6,too_few_iterations,False,True,20260913|D3_N600_p0.065_clustered_large_gap
0.065,clustered,large_gap,0.85,0.7,4,120,240,151,A,1.0,35,60,0.5833333333333334,0.06364688465216445,0.4573,0.6994,False,15.2,14.17,10.7,1,4,observed,extrapolated,40.2,too_few_iterations,False,True,20260913|D4_N120_p0.065_clustered_large_gap
0.065,clustered,large_gap,0.85,0.7,4,120,240,151,B,6.0,0,60,0.0,0.0,0.0,0.0602,False,15.2,14.17,10.7,1,4,observed,extrapolated,40.2,too_few_iterations,False,True,20260913|D4_N120_p0.065_clustered_large_gap
0.065,clustered,large_gap,0.85,0.7,4,120,240,151,C,12.0,0,60,0.0,0.0,0.0,0.0602,False,15.2,14.17,10.7,1,4,observed,extrapolated,40.2,too_few_iterations,False,True,20260913|D4_N120_p0.065_clustered_large_gap
0.065,clustered,large_gap,0.85,0.7,4,240,480,303,A,1.0,56,60,0.9333333333333333,0.032203059435976525,0.8407,0.9738,False,30.2,27.74,21.54,2,8,extrapolated,extrapolated,80.3,too_few_iterations,False,True,20260913|D4_N240_p0.065_clustered_large_gap
0.065,clustered,large_gap,0.85,0.7,4,240,480,303,B,12.0,0,60,0.0,0.0,0.0,0.0602,False,30.2,27.74,21.54,2,8,extrapolated,extrapolated,80.3,too_few_iterations,False,True,20260913|D4_N240_p0.065_clustered_large_gap
0.065,clustered,large_gap,0.85,0.7,4,240,480,303,C,24.0,0,60,0.0,0.0,0.0,0.0602,False,30.2,27.74,21.54,2,8,extrapolated,extrapolated,80.3,too_few_iterations,False,True,20260913|D4_N240_p0.065_clustered_large_gap
0.065,clustered,large_gap,0.85,0.7,4,360,720,454,A,1.0,60,60,1.0,0.0,0.9398,1.0,False,46.2,42.74,33.1,3,12,extrapolated,strongly_extrapolated,120.5,too_few_iterations,False,True,20260913|D4_N360_p0.065_clustered_large_gap
0.065,clustered,large_gap,0.85,0.7,4,360,720,454,B,18.0,0,60,0.0,0.0,0.0,0.0602,False,46.2,42.74,33.1,3,12,extrapolated,strongly_extrapolated,120.5,too_few_iterations,False,True,20260913|D4_N360_p0.065_clustered_large_gap
0.065,clustered,large_gap,0.85,0.7,4,360,720,454,C,36.0,0,60,0.0,0.0,0.0,0.0602,False,46.2,42.74,33.1,3,12,extrapolated,strongly_extrapolated,120.5,too_few_iterations,False,True,20260913|D4_N360_p0.065_clustered_large_gap
0.065,clustered,large_gap,0.85,0.7,4,480,960,605,A,1.0,60,60,1.0,0.0,0.9398,1.0,False,59.9,55.29,42.72,4,16,extrapolated,strongly_extrapolated,160.6,too_few_iterations,False,True,20260913|D4_N480_p0.065_clustered_large_gap
0.065,clustered,large_gap,0.85,0.7,4,480,960,605,B,24.0,0,60,0.0,0.0,0.0,0.0602,False,59.9,55.29,42.72,4,16,extrapolated,strongly_extrapolated,160.6,too_few_iterations,False,True,20260913|D4_N480_p0.065_clustered_large_gap
0.065,clustered,large_gap,0.85,0.7,4,480,960,605,C,48.0,0,60,0.0,0.0,0.0,0.0602,False,59.9,55.29,42.72,4,16,extrapolated,strongly_extrapolated,160.6,too_few_iterations,False,True,20260913|D4_N480_p0.065_clustered_large_gap
0.065,clustered,large_gap,0.85,0.7,4,600,1200,757,A,1.0,60,60,1.0,0.0,0.9398,1.0,False,76.1,70.41,54.48,5,20,extrapolated,strongly_extrapolated,200.8,too_few_iterations,False,True,20260913|D4_N600_p0.065_clustered_large_gap
0.065,clustered,large_gap,0.85,0.7,4,600,1200,757,B,30.0,0,60,0.0,0.0,0.0,0.0602,False,76.1,70.41,54.48,5,20,extrapolated,strongly_extrapolated,200.8,too_few_iterations,False,True,20260913|D4_N600_p0.065_clustered_large_gap
0.065,clustered,large_gap,0.85,0.7,4,600,1200,757,C,60.0,0,60,0.0,0.0,0.0,0.0602,False,76.1,70.41,54.48,5,20,extrapolated,strongly_extrapolated,200.8,too_few_iterations,False,True,20260913|D4_N600_p0.065_clustered_large_gap
0.135,independent,small_gap,0.75,0.7,1,120,240,151,A,1.0,1,60,0.016666666666666666,0.01652719420071502,0.0029,0.0886,False,32.5,24.27,23.1,1,1,observed,observed,10.0,too_few_iterations,False,True,20260913|D1_N120_p0.135_independent_small_gap
0.135,independent,small_gap,0.75,0.7,1,120,240,151,B,6.0,0,60,0.0,0.0,0.0,0.0602,False,32.5,24.27,23.1,1,1,observed,observed,10.0,too_few_iterations,False,True,20260913|D1_N120_p0.135_independent_small_gap
0.135,independent,small_gap,0.75,0.7,1,120,240,151,C,12.0,0,60,0.0,0.0,0.0,0.0602,False,32.5,24.27,23.1,1,1,observed,observed,10.0,too_few_iterations,False,True,20260913|D1_N120_p0.135_independent_small_gap
0.135,independent,small_gap,0.75,0.7,1,240,480,303,A,1.0,8,60,0.13333333333333333,0.043885372573625556,0.0691,0.2417,False,65.3,50.1,45.8,2,2,extrapolated,extrapolated,20.1,too_few_iterations,False,True,20260913|D1_N240_p0.135_independent_small_gap
0.135,independent,small_gap,0.75,0.7,1,240,480,303,B,12.0,0,60,0.0,0.0,0.0,0.0602,False,65.3,50.1,45.8,2,2,extrapolated,extrapolated,20.1,too_few_iterations,False,True,20260913|D1_N240_p0.135_independent_small_gap
0.135,independent,small_gap,0.75,0.7,1,240,480,303,C,24.0,0,60,0.0,0.0,0.0,0.0602,False,65.3,50.1,45.8,2,2,extrapolated,extrapolated,20.1,too_few_iterations,False,True,20260913|D1_N240_p0.135_independent_small_gap
0.135,independent,small_gap,0.75,0.7,1,360,720,454,A,1.0,4,60,0.06666666666666667,0.03220305943597653,0.0262,0.1593,False,97.0,73.85,67.4,3,3,extrapolated,extrapolated,30.1,too_few_iterations,False,True,20260913|D1_N360_p0.135_independent_small_gap
0.135,independent,small_gap,0.75,0.7,1,360,720,454,B,18.0,0,60,0.0,0.0,0.0,0.0602,False,97.0,73.85,67.4,3,3,extrapolated,extrapolated,30.1,too_few_iterations,False,True,20260913|D1_N360_p0.135_independent_small_gap
0.135,independent,small_gap,0.75,0.7,1,360,720,454,C,36.0,0,60,0.0,0.0,0.0,0.0602,False,97.0,73.85,67.4,3,3,extrapolated,extrapolated,30.1,too_few_iterations,False,True,20260913|D1_N360_p0.135_independent_small_gap
0.135,independent,small_gap,0.75,0.7,1,480,960,605,A,1.0,7,60,0.11666666666666667,0.04144384867012947,0.0577,0.2218,False,128.4,96.42,89.95,4,4,extrapolated,extrapolated,40.2,too_few_iterations,False,True,20260913|D1_N480_p0.135_independent_small_gap
0.135,independent,small_gap,0.75,0.7,1,480,960,605,B,24.0,0,60,0.0,0.0,0.0,0.0602,False,128.4,96.42,89.95,4,4,extrapolated,extrapolated,40.2,too_few_iterations,False,True,20260913|D1_N480_p0.135_independent_small_gap
0.135,independent,small_gap,0.75,0.7,1,480,960,605,C,48.0,0,60,0.0,0.0,0.0,0.0602,False,128.4,96.42,89.95,4,4,extrapolated,extrapolated,40.2,too_few_iterations,False,True,20260913|D1_N480_p0.135_independent_small_gap
0.135,independent,small_gap,0.75,0.7,1,600,1200,757,A,1.0,11,60,0.18333333333333332,0.04995368225036439,0.1056,0.2992,False,161.5,121.57,111.98,5,5,extrapolated,extrapolated,50.2,too_few_iterations,False,True,20260913|D1_N600_p0.135_independent_small_gap
0.135,independent,small_gap,0.75,0.7,1,600,1200,757,B,30.0,0,60,0.0,0.0,0.0,0.0602,False,161.5,121.57,111.98,5,5,extrapolated,extrapolated,50.2,too_few_iterations,False,True,20260913|D1_N600_p0.135_independent_small_gap
0.135,independent,small_gap,0.75,0.7,1,600,1200,757,C,60.0,0,60,0.0,0.0,0.0,0.0602,False,161.5,121.57,111.98,5,5,extrapolated,extrapolated,50.2,too_few_iterations,False,True,20260913|D1_N600_p0.135_independent_small_gap
0.135,independent,small_gap,0.75,0.7,2,120,240,151,A,1.0,1,60,0.016666666666666666,0.01652719420071502,0.0029,0.0886,False,32.6,24.48,22.66,1,2,observed,extrapolated,20.1,too_few_iterations,False,True,20260913|D2_N120_p0.135_independent_small_gap
0.135,independent,small_gap,0.75,0.7,2,120,240,151,B,6.0,0,60,0.0,0.0,0.0,0.0602,False,32.6,24.48,22.66,1,2,observed,extrapolated,20.1,too_few_iterations,False,True,20260913|D2_N120_p0.135_independent_small_gap
0.135,independent,small_gap,0.75,0.7,2,120,240,151,C,12.0,0,60,0.0,0.0,0.0,0.0602,False,32.6,24.48,22.66,1,2,observed,extrapolated,20.1,too_few_iterations,False,True,20260913|D2_N120_p0.135_independent_small_gap
0.135,independent,small_gap,0.75,0.7,2,240,480,303,A,1.0,8,60,0.13333333333333333,0.043885372573625556,0.0691,0.2417,False,63.9,47.93,43.74,2,4,extrapolated,extrapolated,40.2,too_few_iterations,False,True,20260913|D2_N240_p0.135_independent_small_gap
0.135,independent,small_gap,0.75,0.7,2,240,480,303,B,12.0,0,60,0.0,0.0,0.0,0.0602,False,63.9,47.93,43.74,2,4,extrapolated,extrapolated,40.2,too_few_iterations,False,True,20260913|D2_N240_p0.135_independent_small_gap
0.135,independent,small_gap,0.75,0.7,2,240,480,303,C,24.0,0,60,0.0,0.0,0.0,0.0602,False,63.9,47.93,43.74,2,4,extrapolated,extrapolated,40.2,too_few_iterations,False,True,20260913|D2_N240_p0.135_independent_small_gap
0.135,independent,small_gap,0.75,0.7,2,360,720,454,A,1.0,15,60,0.25,0.05590169943749474,0.1578,0.3723,False,96.4,72.67,66.79,3,6,extrapolated,extrapolated,60.2,too_few_iterations,False,True,20260913|D2_N360_p0.135_independent_small_gap
0.135,independent,small_gap,0.75,0.7,2,360,720,454,B,18.0,0,60,0.0,0.0,0.0,0.0602,False,96.4,72.67,66.79,3,6,extrapolated,extrapolated,60.2,too_few_iterations,False,True,20260913|D2_N360_p0.135_independent_small_gap
0.135,independent,small_gap,0.75,0.7,2,360,720,454,C,36.0,0,60,0.0,0.0,0.0,0.0602,False,96.4,72.67,66.79,3,6,extrapolated,extrapolated,60.2,too_few_iterations,False,True,20260913|D2_N360_p0.135_independent_small_gap
0.135,independent,small_gap,0.75,0.7,2,480,960,605,A,1.0,19,60,0.31666666666666665,0.06005398805642704,0.2131,0.4423,False,127.6,96.73,88.68,4,8,extrapolated,extrapolated,80.3,too_few_iterations,False,True,20260913|D2_N480_p0.135_independent_small_gap
0.135,independent,small_gap,0.75,0.7,2,480,960,605,B,24.0,0,60,0.0,0.0,0.0,0.0602,False,127.6,96.73,88.68,4,8,extrapolated,extrapolated,80.3,too_few_iterations,False,True,20260913|D2_N480_p0.135_independent_small_gap
0.135,independent,small_gap,0.75,0.7,2,480,960,605,C,48.0,0,60,0.0,0.0,0.0,0.0602,False,127.6,96.73,88.68,4,8,extrapolated,extrapolated,80.3,too_few_iterations,False,True,20260913|D2_N480_p0.135_independent_small_gap
0.135,independent,small_gap,0.75,0.7,2,600,1200,757,A,1.0,24,60,0.4,0.06324555320336758,0.2857,0.5263,False,162.2,122.11,112.12,5,10,extrapolated,strongly_extrapolated,100.4,too_few_iterations,False,True,20260913|D2_N600_p0.135_independent_small_gap
0.135,independent,small_gap,0.75,0.7,2,600,1200,757,B,30.0,0,60,0.0,0.0,0.0,0.0602,False,162.2,122.11,112.12,5,10,extrapolated,strongly_extrapolated,100.4,too_few_iterations,False,True,20260913|D2_N600_p0.135_independent_small_gap
0.135,independent,small_gap,0.75,0.7,2,600,1200,757,C,60.0,0,60,0.0,0.0,0.0,0.0602,False,162.2,122.11,112.12,5,10,extrapolated,strongly_extrapolated,100.4,too_few_iterations,False,True,20260913|D2_N600_p0.135_independent_small_gap
0.135,independent,small_gap,0.75,0.7,3,120,240,151,A,1.0,2,60,0.03333333333333333,0.023174059571793568,0.0092,0.1136,False,32.4,24.16,22.69,1,3,observed,extrapolated,30.1,too_few_iterations,False,True,20260913|D3_N120_p0.135_independent_small_gap
0.135,independent,small_gap,0.75,0.7,3,120,240,151,B,6.0,0,60,0.0,0.0,0.0,0.0602,False,32.4,24.16,22.69,1,3,observed,extrapolated,30.1,too_few_iterations,False,True,20260913|D3_N120_p0.135_independent_small_gap
0.135,independent,small_gap,0.75,0.7,3,120,240,151,C,12.0,0,60,0.0,0.0,0.0,0.0602,False,32.4,24.16,22.69,1,3,observed,extrapolated,30.1,too_few_iterations,False,True,20260913|D3_N120_p0.135_independent_small_gap
0.135,independent,small_gap,0.75,0.7,3,240,480,303,A,1.0,9,60,0.15,0.046097722286464436,0.081,0.2611,False,65.4,49.49,44.77,2,6,extrapolated,extrapolated,60.2,too_few_iterations,False,True,20260913|D3_N240_p0.135_independent_small_gap
0.135,independent,small_gap,0.75,0.7,3,240,480,303,B,12.0,0,60,0.0,0.0,0.0,0.0602,False,65.4,49.49,44.77,2,6,extrapolated,extrapolated,60.2,too_few_iterations,False,True,20260913|D3_N240_p0.135_independent_small_gap
0.135,independent,small_gap,0.75,0.7,3,240,480,303,C,24.0,0,60,0.0,0.0,0.0,0.0602,False,65.4,49.49,44.77,2,6,extrapolated,extrapolated,60.2,too_few_iterations,False,True,20260913|D3_N240_p0.135_independent_small_gap
0.135,independent,small_gap,0.75,0.7,3,360,720,454,A,1.0,17,60,0.2833333333333333,0.05817438662555248,0.1851,0.4077,False,98.2,74.56,68.17,3,9,extrapolated,extrapolated,90.4,too_few_iterations,False,True,20260913|D3_N360_p0.135_independent_small_gap
0.135,independent,small_gap,0.75,0.7,3,360,720,454,B,18.0,0,60,0.0,0.0,0.0,0.0602,False,98.2,74.56,68.17,3,9,extrapolated,extrapolated,90.4,too_few_iterations,False,True,20260913|D3_N360_p0.135_independent_small_gap
0.135,independent,small_gap,0.75,0.7,3,360,720,454,C,36.0,0,60,0.0,0.0,0.0,0.0602,False,98.2,74.56,68.17,3,9,extrapolated,extrapolated,90.4,too_few_iterations,False,True,20260913|D3_N360_p0.135_independent_small_gap
0.135,independent,small_gap,0.75,0.7,3,480,960,605,A,1.0,21,60,0.35,0.06157651067303722,0.2417,0.4764,False,130.7,98.06,90.79,4,12,extrapolated,strongly_extrapolated,120.5,too_few_iterations,False,True,20260913|D3_N480_p0.135_independent_small_gap
0.135,independent,small_gap,0.75,0.7,3,480,960,605,B,24.0,0,60,0.0,0.0,0.0,0.0602,False,130.7,98.06,90.79,4,12,extrapolated,strongly_extrapolated,120.5,too_few_iterations,False,True,20260913|D3_N480_p0.135_independent_small_gap
0.135,independent,small_gap,0.75,0.7,3,480,960,605,C,48.0,0,60,0.0,0.0,0.0,0.0602,False,130.7,98.06,90.79,4,12,extrapolated,strongly_extrapolated,120.5,too_few_iterations,False,True,20260913|D3_N480_p0.135_independent_small_gap
0.135,independent,small_gap,0.75,0.7,3,600,1200,757,A,1.0,28,60,0.4666666666666667,0.06440611887195306,0.3463,0.5911,False,162.4,122.27,112.92,5,15,extrapolated,strongly_extrapolated,150.6,too_few_iterations,False,True,20260913|D3_N600_p0.135_independent_small_gap
0.135,independent,small_gap,0.75,0.7,3,600,1200,757,B,30.0,0,60,0.0,0.0,0.0,0.0602,False,162.4,122.27,112.92,5,15,extrapolated,strongly_extrapolated,150.6,too_few_iterations,False,True,20260913|D3_N600_p0.135_independent_small_gap
0.135,independent,small_gap,0.75,0.7,3,600,1200,757,C,60.0,0,60,0.0,0.0,0.0,0.0602,False,162.4,122.27,112.92,5,15,extrapolated,strongly_extrapolated,150.6,too_few_iterations,False,True,20260913|D3_N600_p0.135_independent_small_gap
0.135,independent,small_gap,0.75,0.7,4,120,240,151,A,1.0,5,60,0.08333333333333333,0.03568120160740314,0.0361,0.1807,False,32.3,24.33,22.45,1,4,observed,extrapolated,40.2,too_few_iterations,False,True,20260913|D4_N120_p0.135_independent_small_gap
0.135,independent,small_gap,0.75,0.7,4,120,240,151,B,6.0,0,60,0.0,0.0,0.0,0.0602,False,32.3,24.33,22.45,1,4,observed,extrapolated,40.2,too_few_iterations,False,True,20260913|D4_N120_p0.135_independent_small_gap
0.135,independent,small_gap,0.75,0.7,4,120,240,151,C,12.0,0,60,0.0,0.0,0.0,0.0602,False,32.3,24.33,22.45,1,4,observed,extrapolated,40.2,too_few_iterations,False,True,20260913|D4_N120_p0.135_independent_small_gap
0.135,independent,small_gap,0.75,0.7,4,240,480,303,A,1.0,14,60,0.23333333333333334,0.054602943890247176,0.1444,0.3544,False,64.9,48.98,44.78,2,8,extrapolated,extrapolated,80.3,too_few_iterations,False,True,20260913|D4_N240_p0.135_independent_small_gap
0.135,independent,small_gap,0.75,0.7,4,240,480,303,B,12.0,0,60,0.0,0.0,0.0,0.0602,False,64.9,48.98,44.78,2,8,extrapolated,extrapolated,80.3,too_few_iterations,False,True,20260913|D4_N240_p0.135_independent_small_gap
0.135,independent,small_gap,0.75,0.7,4,240,480,303,C,24.0,0,60,0.0,0.0,0.0,0.0602,False,64.9,48.98,44.78,2,8,extrapolated,extrapolated,80.3,too_few_iterations,False,True,20260913|D4_N240_p0.135_independent_small_gap
0.135,independent,small_gap,0.75,0.7,4,360,720,454,A,1.0,23,60,0.38333333333333336,0.06276794416591017,0.2709,0.5098,False,96.9,73.27,67.51,3,12,extrapolated,strongly_extrapolated,120.5,too_few_iterations,False,True,20260913|D4_N360_p0.135_independent_small_gap
0.135,independent,small_gap,0.75,0.7,4,360,720,454,B,18.0,0,60,0.0,0.0,0.0,0.0602,False,96.9,73.27,67.51,3,12,extrapolated,strongly_extrapolated,120.5,too_few_iterations,False,True,20260913|D4_N360_p0.135_independent_small_gap
0.135,independent,small_gap,0.75,0.7,4,360,720,454,C,36.0,0,60,0.0,0.0,0.0,0.0602,False,96.9,73.27,67.51,3,12,extrapolated,strongly_extrapolated,120.5,too_few_iterations,False,True,20260913|D4_N360_p0.135_independent_small_gap
0.135,independent,small_gap,0.75,0.7,4,480,960,605,A,1.0,34,60,0.5666666666666667,0.06397337409104348,0.441,0.6843,False,131.9,99.44,91.73,4,16,extrapolated,strongly_extrapolated,160.6,too_few_iterations,False,True,20260913|D4_N480_p0.135_independent_small_gap
0.135,independent,small_gap,0.75,0.7,4,480,960,605,B,24.0,0,60,0.0,0.0,0.0,0.0602,False,131.9,99.44,91.73,4,16,extrapolated,strongly_extrapolated,160.6,too_few_iterations,False,True,20260913|D4_N480_p0.135_independent_small_gap
0.135,independent,small_gap,0.75,0.7,4,480,960,605,C,48.0,0,60,0.0,0.0,0.0,0.0602,False,131.9,99.44,91.73,4,16,extrapolated,strongly_extrapolated,160.6,too_few_iterations,False,True,20260913|D4_N480_p0.135_independent_small_gap
0.135,independent,small_gap,0.75,0.7,4,600,1200,757,A,1.0,36,60,0.6,0.06324555320336758,0.4737,0.7143,False,161.8,121.55,112.17,5,20,extrapolated,strongly_extrapolated,200.8,too_few_iterations,False,True,20260913|D4_N600_p0.135_independent_small_gap
0.135,independent,small_gap,0.75,0.7,4,600,1200,757,B,30.0,0,60,0.0,0.0,0.0,0.0602,False,161.8,121.55,112.17,5,20,extrapolated,strongly_extrapolated,200.8,too_few_iterations,False,True,20260913|D4_N600_p0.135_independent_small_gap
0.135,independent,small_gap,0.75,0.7,4,600,1200,757,C,60.0,0,60,0.0,0.0,0.0,0.0602,False,161.8,121.55,112.17,5,20,extrapolated,strongly_extrapolated,200.8,too_few_iterations,False,True,20260913|D4_N600_p0.135_independent_small_gap
0.135,independent,large_gap,0.85,0.7,1,120,240,151,A,1.0,16,60,0.26666666666666666,0.05708992257184502,0.1713,0.3901,False,32.5,28.87,22.78,1,1,observed,observed,10.0,too_few_iterations,False,True,20260913|D1_N120_p0.135_independent_large_gap
0.135,independent,large_gap,0.85,0.7,1,120,240,151,B,6.0,0,60,0.0,0.0,0.0,0.0602,False,32.5,28.87,22.78,1,1,observed,observed,10.0,too_few_iterations,False,True,20260913|D1_N120_p0.135_independent_large_gap
0.135,independent,large_gap,0.85,0.7,1,120,240,151,C,12.0,0,60,0.0,0.0,0.0,0.0602,False,32.5,28.87,22.78,1,1,observed,observed,10.0,too_few_iterations,False,True,20260913|D1_N120_p0.135_independent_large_gap
0.135,independent,large_gap,0.85,0.7,1,240,480,303,A,1.0,41,60,0.6833333333333333,0.06005398805642704,0.5577,0.7869,False,64.2,57.08,45.73,2,2,extrapolated,extrapolated,20.1,too_few_iterations,False,True,20260913|D1_N240_p0.135_independent_large_gap
0.135,independent,large_gap,0.85,0.7,1,240,480,303,B,12.0,0,60,0.0,0.0,0.0,0.0602,False,64.2,57.08,45.73,2,2,extrapolated,extrapolated,20.1,too_few_iterations,False,True,20260913|D1_N240_p0.135_independent_large_gap
0.135,independent,large_gap,0.85,0.7,1,240,480,303,C,24.0,0,60,0.0,0.0,0.0,0.0602,False,64.2,57.08,45.73,2,2,extrapolated,extrapolated,20.1,too_few_iterations,False,True,20260913|D1_N240_p0.135_independent_large_gap
0.135,independent,large_gap,0.85,0.7,1,360,720,454,A,1.0,56,60,0.9333333333333333,0.032203059435976525,0.8407,0.9738,False,97.6,86.95,67.27,3,3,extrapolated,extrapolated,30.1,too_few_iterations,False,True,20260913|D1_N360_p0.135_independent_large_gap
0.135,independent,large_gap,0.85,0.7,1,360,720,454,B,18.0,3,60,0.05,0.028136571693556888,0.0171,0.137,False,97.6,86.95,67.27,3,3,extrapolated,extrapolated,30.1,too_few_iterations,False,True,20260913|D1_N360_p0.135_independent_large_gap
0.135,independent,large_gap,0.85,0.7,1,360,720,454,C,36.0,0,60,0.0,0.0,0.0,0.0602,False,97.6,86.95,67.27,3,3,extrapolated,extrapolated,30.1,too_few_iterations,False,True,20260913|D1_N360_p0.135_independent_large_gap
0.135,independent,large_gap,0.85,0.7,1,480,960,605,A,1.0,59,60,0.9833333333333333,0.016527194200715044,0.9114,0.9971,False,130.4,116.22,90.37,4,4,extrapolated,extrapolated,40.2,too_few_iterations,False,True,20260913|D1_N480_p0.135_independent_large_gap
0.135,independent,large_gap,0.85,0.7,1,480,960,605,B,24.0,3,60,0.05,0.028136571693556888,0.0171,0.137,False,130.4,116.22,90.37,4,4,extrapolated,extrapolated,40.2,too_few_iterations,False,True,20260913|D1_N480_p0.135_independent_large_gap
0.135,independent,large_gap,0.85,0.7,1,480,960,605,C,48.0,0,60,0.0,0.0,0.0,0.0602,False,130.4,116.22,90.37,4,4,extrapolated,extrapolated,40.2,too_few_iterations,False,True,20260913|D1_N480_p0.135_independent_large_gap
0.135,independent,large_gap,0.85,0.7,1,600,1200,757,A,1.0,60,60,1.0,0.0,0.9398,1.0,False,161.1,143.78,111.12,5,5,extrapolated,extrapolated,50.2,too_few_iterations,False,True,20260913|D1_N600_p0.135_independent_large_gap
0.135,independent,large_gap,0.85,0.7,1,600,1200,757,B,30.0,1,60,0.016666666666666666,0.01652719420071502,0.0029,0.0886,False,161.1,143.78,111.12,5,5,extrapolated,extrapolated,50.2,too_few_iterations,False,True,20260913|D1_N600_p0.135_independent_large_gap
0.135,independent,large_gap,0.85,0.7,1,600,1200,757,C,60.0,0,60,0.0,0.0,0.0,0.0602,False,161.1,143.78,111.12,5,5,extrapolated,extrapolated,50.2,too_few_iterations,False,True,20260913|D1_N600_p0.135_independent_large_gap
0.135,independent,large_gap,0.85,0.7,2,120,240,151,A,1.0,39,60,0.65,0.06157651067303722,0.5236,0.7583,False,32.7,29.03,23.06,1,2,observed,extrapolated,20.1,too_few_iterations,False,True,20260913|D2_N120_p0.135_independent_large_gap
0.135,independent,large_gap,0.85,0.7,2,120,240,151,B,6.0,0,60,0.0,0.0,0.0,0.0602,False,32.7,29.03,23.06,1,2,observed,extrapolated,20.1,too_few_iterations,False,True,20260913|D2_N120_p0.135_independent_large_gap
0.135,independent,large_gap,0.85,0.7,2,120,240,151,C,12.0,0,60,0.0,0.0,0.0,0.0602,False,32.7,29.03,23.06,1,2,observed,extrapolated,20.1,too_few_iterations,False,True,20260913|D2_N120_p0.135_independent_large_gap
0.135,independent,large_gap,0.85,0.7,2,240,480,303,A,1.0,58,60,0.9666666666666667,0.023174059571793564,0.8864,0.9908,False,64.9,57.8,45.33,2,4,extrapolated,extrapolated,40.2,too_few_iterations,False,True,20260913|D2_N240_p0.135_independent_large_gap
0.135,independent,large_gap,0.85,0.7,2,240,480,303,B,12.0,2,60,0.03333333333333333,0.023174059571793568,0.0092,0.1136,False,64.9,57.8,45.33,2,4,extrapolated,extrapolated,40.2,too_few_iterations,False,True,20260913|D2_N240_p0.135_independent_large_gap
0.135,independent,large_gap,0.85,0.7,2,240,480,303,C,24.0,0,60,0.0,0.0,0.0,0.0602,False,64.9,57.8,45.33,2,4,extrapolated,extrapolated,40.2,too_few_iterations,False,True,20260913|D2_N240_p0.135_independent_large_gap
0.135,independent,large_gap,0.85,0.7,2,360,720,454,A,1.0,60,60,1.0,0.0,0.9398,1.0,False,97.8,87.09,67.54,3,6,extrapolated,extrapolated,60.2,too_few_iterations,False,True,20260913|D2_N360_p0.135_independent_large_gap
0.135,independent,large_gap,0.85,0.7,2,360,720,454,B,18.0,0,60,0.0,0.0,0.0,0.0602,False,97.8,87.09,67.54,3,6,extrapolated,extrapolated,60.2,too_few_iterations,False,True,20260913|D2_N360_p0.135_independent_large_gap
0.135,independent,large_gap,0.85,0.7,2,360,720,454,C,36.0,0,60,0.0,0.0,0.0,0.0602,False,97.8,87.09,67.54,3,6,extrapolated,extrapolated,60.2,too_few_iterations,False,True,20260913|D2_N360_p0.135_independent_large_gap
0.135,independent,large_gap,0.85,0.7,2,480,960,605,A,1.0,60,60,1.0,0.0,0.9398,1.0,False,130.8,115.69,91.46,4,8,extrapolated,extrapolated,80.3,too_few_iterations,False,True,20260913|D2_N480_p0.135_independent_large_gap
0.135,independent,large_gap,0.85,0.7,2,480,960,605,B,24.0,3,60,0.05,0.028136571693556888,0.0171,0.137,False,130.8,115.69,91.46,4,8,extrapolated,extrapolated,80.3,too_few_iterations,False,True,20260913|D2_N480_p0.135_independent_large_gap
0.135,independent,large_gap,0.85,0.7,2,480,960,605,C,48.0,0,60,0.0,0.0,0.0,0.0602,False,130.8,115.69,91.46,4,8,extrapolated,extrapolated,80.3,too_few_iterations,False,True,20260913|D2_N480_p0.135_independent_large_gap
0.135,independent,large_gap,0.85,0.7,2,600,1200,757,A,1.0,60,60,1.0,0.0,0.9398,1.0,False,163.6,145.99,114.19,5,10,extrapolated,strongly_extrapolated,100.4,too_few_iterations,False,True,20260913|D2_N600_p0.135_independent_large_gap
0.135,independent,large_gap,0.85,0.7,2,600,1200,757,B,30.0,3,60,0.05,0.028136571693556888,0.0171,0.137,False,163.6,145.99,114.19,5,10,extrapolated,strongly_extrapolated,100.4,too_few_iterations,False,True,20260913|D2_N600_p0.135_independent_large_gap
0.135,independent,large_gap,0.85,0.7,2,600,1200,757,C,60.0,0,60,0.0,0.0,0.0,0.0602,False,163.6,145.99,114.19,5,10,extrapolated,strongly_extrapolated,100.4,too_few_iterations,False,True,20260913|D2_N600_p0.135_independent_large_gap
0.135,independent,large_gap,0.85,0.7,3,120,240,151,A,1.0,50,60,0.8333333333333334,0.04811252243246881,0.7197,0.9069,False,32.1,28.75,22.33,1,3,observed,extrapolated,30.1,too_few_iterations,False,True,20260913|D3_N120_p0.135_independent_large_gap
0.135,independent,large_gap,0.85,0.7,3,120,240,151,B,6.0,0,60,0.0,0.0,0.0,0.0602,False,32.1,28.75,22.33,1,3,observed,extrapolated,30.1,too_few_iterations,False,True,20260913|D3_N120_p0.135_independent_large_gap
0.135,independent,large_gap,0.85,0.7,3,120,240,151,C,12.0,0,60,0.0,0.0,0.0,0.0602,False,32.1,28.75,22.33,1,3,observed,extrapolated,30.1,too_few_iterations,False,True,20260913|D3_N120_p0.135_independent_large_gap
0.135,independent,large_gap,0.85,0.7,3,240,480,303,A,1.0,60,60,1.0,0.0,0.9398,1.0,False,64.9,57.89,44.68,2,6,extrapolated,extrapolated,60.2,too_few_iterations,False,True,20260913|D3_N240_p0.135_independent_large_gap
0.135,independent,large_gap,0.85,0.7,3,240,480,303,B,12.0,5,60,0.08333333333333333,0.03568120160740314,0.0361,0.1807,False,64.9,57.89,44.68,2,6,extrapolated,extrapolated,60.2,too_few_iterations,False,True,20260913|D3_N240_p0.135_independent_large_gap
0.135,independent,large_gap,0.85,0.7,3,240,480,303,C,24.0,0,60,0.0,0.0,0.0,0.0602,False,64.9,57.89,44.68,2,6,extrapolated,extrapolated,60.2,too_few_iterations,False,True,20260913|D3_N240_p0.135_independent_large_gap
0.135,independent,large_gap,0.85,0.7,3,360,720,454,A,1.0,60,60,1.0,0.0,0.9398,1.0,False,97.2,86.67,67.88,3,9,extrapolated,extrapolated,90.4,too_few_iterations,False,True,20260913|D3_N360_p0.135_independent_large_gap
0.135,independent,large_gap,0.85,0.7,3,360,720,454,B,18.0,2,60,0.03333333333333333,0.023174059571793568,0.0092,0.1136,False,97.2,86.67,67.88,3,9,extrapolated,extrapolated,90.4,too_few_iterations,False,True,20260913|D3_N360_p0.135_independent_large_gap
0.135,independent,large_gap,0.85,0.7,3,360,720,454,C,36.0,0,60,0.0,0.0,0.0,0.0602,False,97.2,86.67,67.88,3,9,extrapolated,extrapolated,90.4,too_few_iterations,False,True,20260913|D3_N360_p0.135_independent_large_gap
0.135,independent,large_gap,0.85,0.7,3,480,960,605,A,1.0,60,60,1.0,0.0,0.9398,1.0,False,129.6,115.58,89.69,4,12,extrapolated,strongly_extrapolated,120.5,too_few_iterations,False,True,20260913|D3_N480_p0.135_independent_large_gap
0.135,independent,large_gap,0.85,0.7,3,480,960,605,B,24.0,5,60,0.08333333333333333,0.03568120160740314,0.0361,0.1807,False,129.6,115.58,89.69,4,12,extrapolated,strongly_extrapolated,120.5,too_few_iterations,False,True,20260913|D3_N480_p0.135_independent_large_gap
0.135,independent,large_gap,0.85,0.7,3,480,960,605,C,48.0,0,60,0.0,0.0,0.0,0.0602,False,129.6,115.58,89.69,4,12,extrapolated,strongly_extrapolated,120.5,too_few_iterations,False,True,20260913|D3_N480_p0.135_independent_large_gap
0.135,independent,large_gap,0.85,0.7,3,600,1200,757,A,1.0,60,60,1.0,0.0,0.9398,1.0,False,162.1,144.28,112.95,5,15,extrapolated,strongly_extrapolated,150.6,too_few_iterations,False,True,20260913|D3_N600_p0.135_independent_large_gap
0.135,independent,large_gap,0.85,0.7,3,600,1200,757,B,30.0,2,60,0.03333333333333333,0.023174059571793568,0.0092,0.1136,False,162.1,144.28,112.95,5,15,extrapolated,strongly_extrapolated,150.6,too_few_iterations,False,True,20260913|D3_N600_p0.135_independent_large_gap
0.135,independent,large_gap,0.85,0.7,3,600,1200,757,C,60.0,0,60,0.0,0.0,0.0,0.0602,False,162.1,144.28,112.95,5,15,extrapolated,strongly_extrapolated,150.6,too_few_iterations,False,True,20260913|D3_N600_p0.135_independent_large_gap
0.135,independent,large_gap,0.85,0.7,4,120,240,151,A,1.0,58,60,0.9666666666666667,0.023174059571793564,0.8864,0.9908,False,32.2,28.79,22.26,1,4,observed,extrapolated,40.2,too_few_iterations,False,True,20260913|D4_N120_p0.135_independent_large_gap
0.135,independent,large_gap,0.85,0.7,4,120,240,151,B,6.0,0,60,0.0,0.0,0.0,0.0602,False,32.2,28.79,22.26,1,4,observed,extrapolated,40.2,too_few_iterations,False,True,20260913|D4_N120_p0.135_independent_large_gap
0.135,independent,large_gap,0.85,0.7,4,120,240,151,C,12.0,0,60,0.0,0.0,0.0,0.0602,False,32.2,28.79,22.26,1,4,observed,extrapolated,40.2,too_few_iterations,False,True,20260913|D4_N120_p0.135_independent_large_gap
0.135,independent,large_gap,0.85,0.7,4,240,480,303,A,1.0,60,60,1.0,0.0,0.9398,1.0,False,65.2,57.62,45.38,2,8,extrapolated,extrapolated,80.3,too_few_iterations,False,True,20260913|D4_N240_p0.135_independent_large_gap
0.135,independent,large_gap,0.85,0.7,4,240,480,303,B,12.0,3,60,0.05,0.028136571693556888,0.0171,0.137,False,65.2,57.62,45.38,2,8,extrapolated,extrapolated,80.3,too_few_iterations,False,True,20260913|D4_N240_p0.135_independent_large_gap
0.135,independent,large_gap,0.85,0.7,4,240,480,303,C,24.0,0,60,0.0,0.0,0.0,0.0602,False,65.2,57.62,45.38,2,8,extrapolated,extrapolated,80.3,too_few_iterations,False,True,20260913|D4_N240_p0.135_independent_large_gap
0.135,independent,large_gap,0.85,0.7,4,360,720,454,A,1.0,60,60,1.0,0.0,0.9398,1.0,False,96.5,86.27,66.88,3,12,extrapolated,strongly_extrapolated,120.5,too_few_iterations,False,True,20260913|D4_N360_p0.135_independent_large_gap
0.135,independent,large_gap,0.85,0.7,4,360,720,454,B,18.0,3,60,0.05,0.028136571693556888,0.0171,0.137,False,96.5,86.27,66.88,3,12,extrapolated,strongly_extrapolated,120.5,too_few_iterations,False,True,20260913|D4_N360_p0.135_independent_large_gap
0.135,independent,large_gap,0.85,0.7,4,360,720,454,C,36.0,0,60,0.0,0.0,0.0,0.0602,False,96.5,86.27,66.88,3,12,extrapolated,strongly_extrapolated,120.5,too_few_iterations,False,True,20260913|D4_N360_p0.135_independent_large_gap
0.135,independent,large_gap,0.85,0.7,4,480,960,605,A,1.0,60,60,1.0,0.0,0.9398,1.0,False,129.5,115.28,90.08,4,16,extrapolated,strongly_extrapolated,160.6,too_few_iterations,False,True,20260913|D4_N480_p0.135_independent_large_gap
0.135,independent,large_gap,0.85,0.7,4,480,960,605,B,24.0,3,60,0.05,0.028136571693556888,0.0171,0.137,False,129.5,115.28,90.08,4,16,extrapolated,strongly_extrapolated,160.6,too_few_iterations,False,True,20260913|D4_N480_p0.135_independent_large_gap
0.135,independent,large_gap,0.85,0.7,4,480,960,605,C,48.0,0,60,0.0,0.0,0.0,0.0602,False,129.5,115.28,90.08,4,16,extrapolated,strongly_extrapolated,160.6,too_few_iterations,False,True,20260913|D4_N480_p0.135_independent_large_gap
0.135,independent,large_gap,0.85,0.7,4,600,1200,757,A,1.0,60,60,1.0,0.0,0.9398,1.0,False,163.6,145.75,113.84,5,20,extrapolated,strongly_extrapolated,200.8,too_few_iterations,False,True,20260913|D4_N600_p0.135_independent_large_gap
0.135,independent,large_gap,0.85,0.7,4,600,1200,757,B,30.0,2,60,0.03333333333333333,0.023174059571793568,0.0092,0.1136,False,163.6,145.75,113.84,5,20,extrapolated,strongly_extrapolated,200.8,too_few_iterations,False,True,20260913|D4_N600_p0.135_independent_large_gap
0.135,independent,large_gap,0.85,0.7,4,600,1200,757,C,60.0,0,60,0.0,0.0,0.0,0.0602,False,163.6,145.75,113.84,5,20,extrapolated,strongly_extrapolated,200.8,too_few_iterations,False,True,20260913|D4_N600_p0.135_independent_large_gap
0.135,clustered,small_gap,0.75,0.7,1,120,240,151,A,1.0,0,60,0.0,0.0,0.0,0.0602,False,31.3,23.83,22.77,1,1,observed,observed,10.0,too_few_iterations,False,True,20260913|D1_N120_p0.135_clustered_small_gap
0.135,clustered,small_gap,0.75,0.7,1,120,240,151,B,6.0,0,60,0.0,0.0,0.0,0.0602,False,31.3,23.83,22.77,1,1,observed,observed,10.0,too_few_iterations,False,True,20260913|D1_N120_p0.135_clustered_small_gap
0.135,clustered,small_gap,0.75,0.7,1,120,240,151,C,12.0,0,60,0.0,0.0,0.0,0.0602,False,31.3,23.83,22.77,1,1,observed,observed,10.0,too_few_iterations,False,True,20260913|D1_N120_p0.135_clustered_small_gap
0.135,clustered,small_gap,0.75,0.7,1,240,480,303,A,1.0,1,60,0.016666666666666666,0.01652719420071502,0.0029,0.0886,False,62.2,47.38,43.87,2,2,extrapolated,extrapolated,20.1,too_few_iterations,False,True,20260913|D1_N240_p0.135_clustered_small_gap
0.135,clustered,small_gap,0.75,0.7,1,240,480,303,B,12.0,0,60,0.0,0.0,0.0,0.0602,False,62.2,47.38,43.87,2,2,extrapolated,extrapolated,20.1,too_few_iterations,False,True,20260913|D1_N240_p0.135_clustered_small_gap
0.135,clustered,small_gap,0.75,0.7,1,240,480,303,C,24.0,0,60,0.0,0.0,0.0,0.0602,False,62.2,47.38,43.87,2,2,extrapolated,extrapolated,20.1,too_few_iterations,False,True,20260913|D1_N240_p0.135_clustered_small_gap
0.135,clustered,small_gap,0.75,0.7,1,360,720,454,A,1.0,7,60,0.11666666666666667,0.04144384867012947,0.0577,0.2218,False,93.0,71.47,65.42,3,3,extrapolated,extrapolated,30.1,too_few_iterations,False,True,20260913|D1_N360_p0.135_clustered_small_gap
0.135,clustered,small_gap,0.75,0.7,1,360,720,454,B,18.0,0,60,0.0,0.0,0.0,0.0602,False,93.0,71.47,65.42,3,3,extrapolated,extrapolated,30.1,too_few_iterations,False,True,20260913|D1_N360_p0.135_clustered_small_gap
0.135,clustered,small_gap,0.75,0.7,1,360,720,454,C,36.0,0,60,0.0,0.0,0.0,0.0602,False,93.0,71.47,65.42,3,3,extrapolated,extrapolated,30.1,too_few_iterations,False,True,20260913|D1_N360_p0.135_clustered_small_gap
0.135,clustered,small_gap,0.75,0.7,1,480,960,605,A,1.0,9,60,0.15,0.046097722286464436,0.081,0.2611,False,122.5,94.13,86.92,4,4,extrapolated,extrapolated,40.2,too_few_iterations,False,True,20260913|D1_N480_p0.135_clustered_small_gap
0.135,clustered,small_gap,0.75,0.7,1,480,960,605,B,24.0,0,60,0.0,0.0,0.0,0.0602,False,122.5,94.13,86.92,4,4,extrapolated,extrapolated,40.2,too_few_iterations,False,True,20260913|D1_N480_p0.135_clustered_small_gap
0.135,clustered,small_gap,0.75,0.7,1,480,960,605,C,48.0,0,60,0.0,0.0,0.0,0.0602,False,122.5,94.13,86.92,4,4,extrapolated,extrapolated,40.2,too_few_iterations,False,True,20260913|D1_N480_p0.135_clustered_small_gap
0.135,clustered,small_gap,0.75,0.7,1,600,1200,757,A,1.0,13,60,0.21666666666666667,0.0531855591650939,0.1312,0.3362,False,154.8,118.57,108.27,5,5,extrapolated,extrapolated,50.2,too_few_iterations,False,True,20260913|D1_N600_p0.135_clustered_small_gap
0.135,clustered,small_gap,0.75,0.7,1,600,1200,757,B,30.0,0,60,0.0,0.0,0.0,0.0602,False,154.8,118.57,108.27,5,5,extrapolated,extrapolated,50.2,too_few_iterations,False,True,20260913|D1_N600_p0.135_clustered_small_gap
0.135,clustered,small_gap,0.75,0.7,1,600,1200,757,C,60.0,0,60,0.0,0.0,0.0,0.0602,False,154.8,118.57,108.27,5,5,extrapolated,extrapolated,50.2,too_few_iterations,False,True,20260913|D1_N600_p0.135_clustered_small_gap
0.135,clustered,small_gap,0.75,0.7,2,120,240,151,A,1.0,1,60,0.016666666666666666,0.01652719420071502,0.0029,0.0886,False,30.6,23.08,21.63,1,2,observed,extrapolated,20.1,too_few_iterations,False,True,20260913|D2_N120_p0.135_clustered_small_gap
0.135,clustered,small_gap,0.75,0.7,2,120,240,151,B,6.0,0,60,0.0,0.0,0.0,0.0602,False,30.6,23.08,21.63,1,2,observed,extrapolated,20.1,too_few_iterations,False,True,20260913|D2_N120_p0.135_clustered_small_gap
0.135,clustered,small_gap,0.75,0.7,2,120,240,151,C,12.0,0,60,0.0,0.0,0.0,0.0602,False,30.6,23.08,21.63,1,2,observed,extrapolated,20.1,too_few_iterations,False,True,20260913|D2_N120_p0.135_clustered_small_gap
0.135,clustered,small_gap,0.75,0.7,2,240,480,303,A,1.0,5,60,0.08333333333333333,0.03568120160740314,0.0361,0.1807,False,60.9,46.42,43.27,2,4,extrapolated,extrapolated,40.2,too_few_iterations,False,True,20260913|D2_N240_p0.135_clustered_small_gap
0.135,clustered,small_gap,0.75,0.7,2,240,480,303,B,12.0,0,60,0.0,0.0,0.0,0.0602,False,60.9,46.42,43.27,2,4,extrapolated,extrapolated,40.2,too_few_iterations,False,True,20260913|D2_N240_p0.135_clustered_small_gap
0.135,clustered,small_gap,0.75,0.7,2,240,480,303,C,24.0,0,60,0.0,0.0,0.0,0.0602,False,60.9,46.42,43.27,2,4,extrapolated,extrapolated,40.2,too_few_iterations,False,True,20260913|D2_N240_p0.135_clustered_small_gap
0.135,clustered,small_gap,0.75,0.7,2,360,720,454,A,1.0,6,60,0.1,0.03872983346207417,0.0466,0.2015,False,92.1,70.33,65.43,3,6,extrapolated,extrapolated,60.2,too_few_iterations,False,True,20260913|D2_N360_p0.135_clustered_small_gap
0.135,clustered,small_gap,0.75,0.7,2,360,720,454,B,18.0,0,60,0.0,0.0,0.0,0.0602,False,92.1,70.33,65.43,3,6,extrapolated,extrapolated,60.2,too_few_iterations,False,True,20260913|D2_N360_p0.135_clustered_small_gap
0.135,clustered,small_gap,0.75,0.7,2,360,720,454,C,36.0,0,60,0.0,0.0,0.0,0.0602,False,92.1,70.33,65.43,3,6,extrapolated,extrapolated,60.2,too_few_iterations,False,True,20260913|D2_N360_p0.135_clustered_small_gap
0.135,clustered,small_gap,0.75,0.7,2,480,960,605,A,1.0,14,60,0.23333333333333334,0.054602943890247176,0.1444,0.3544,False,122.5,93.13,86.38,4,8,extrapolated,extrapolated,80.3,too_few_iterations,False,True,20260913|D2_N480_p0.135_clustered_small_gap
0.135,clustered,small_gap,0.75,0.7,2,480,960,605,B,24.0,0,60,0.0,0.0,0.0,0.0602,False,122.5,93.13,86.38,4,8,extrapolated,extrapolated,80.3,too_few_iterations,False,True,20260913|D2_N480_p0.135_clustered_small_gap
0.135,clustered,small_gap,0.75,0.7,2,480,960,605,C,48.0,0,60,0.0,0.0,0.0,0.0602,False,122.5,93.13,86.38,4,8,extrapolated,extrapolated,80.3,too_few_iterations,False,True,20260913|D2_N480_p0.135_clustered_small_gap
0.135,clustered,small_gap,0.75,0.7,2,600,1200,757,A,1.0,19,60,0.31666666666666665,0.06005398805642704,0.2131,0.4423,False,152.4,116.37,107.82,5,10,extrapolated,strongly_extrapolated,100.4,too_few_iterations,False,True,20260913|D2_N600_p0.135_clustered_small_gap
0.135,clustered,small_gap,0.75,0.7,2,600,1200,757,B,30.0,0,60,0.0,0.0,0.0,0.0602,False,152.4,116.37,107.82,5,10,extrapolated,strongly_extrapolated,100.4,too_few_iterations,False,True,20260913|D2_N600_p0.135_clustered_small_gap
0.135,clustered,small_gap,0.75,0.7,2,600,1200,757,C,60.0,0,60,0.0,0.0,0.0,0.0602,False,152.4,116.37,107.82,5,10,extrapolated,strongly_extrapolated,100.4,too_few_iterations,False,True,20260913|D2_N600_p0.135_clustered_small_gap
0.135,clustered,small_gap,0.75,0.7,3,120,240,151,A,1.0,6,60,0.1,0.03872983346207417,0.0466,0.2015,False,30.1,23.15,21.37,1,3,observed,extrapolated,30.1,too_few_iterations,False,True,20260913|D3_N120_p0.135_clustered_small_gap
0.135,clustered,small_gap,0.75,0.7,3,120,240,151,B,6.0,0,60,0.0,0.0,0.0,0.0602,False,30.1,23.15,21.37,1,3,observed,extrapolated,30.1,too_few_iterations,False,True,20260913|D3_N120_p0.135_clustered_small_gap
0.135,clustered,small_gap,0.75,0.7,3,120,240,151,C,12.0,0,60,0.0,0.0,0.0,0.0602,False,30.1,23.15,21.37,1,3,observed,extrapolated,30.1,too_few_iterations,False,True,20260913|D3_N120_p0.135_clustered_small_gap
0.135,clustered,small_gap,0.75,0.7,3,240,480,303,A,1.0,6,60,0.1,0.03872983346207417,0.0466,0.2015,False,63.0,47.63,44.74,2,6,extrapolated,extrapolated,60.2,too_few_iterations,False,True,20260913|D3_N240_p0.135_clustered_small_gap
0.135,clustered,small_gap,0.75,0.7,3,240,480,303,B,12.0,0,60,0.0,0.0,0.0,0.0602,False,63.0,47.63,44.74,2,6,extrapolated,extrapolated,60.2,too_few_iterations,False,True,20260913|D3_N240_p0.135_clustered_small_gap
0.135,clustered,small_gap,0.75,0.7,3,240,480,303,C,24.0,0,60,0.0,0.0,0.0,0.0602,False,63.0,47.63,44.74,2,6,extrapolated,extrapolated,60.2,too_few_iterations,False,True,20260913|D3_N240_p0.135_clustered_small_gap
0.135,clustered,small_gap,0.75,0.7,3,360,720,454,A,1.0,21,60,0.35,0.06157651067303722,0.2417,0.4764,False,92.8,70.87,64.83,3,9,extrapolated,extrapolated,90.4,too_few_iterations,False,True,20260913|D3_N360_p0.135_clustered_small_gap
0.135,clustered,small_gap,0.75,0.7,3,360,720,454,B,18.0,0,60,0.0,0.0,0.0,0.0602,False,92.8,70.87,64.83,3,9,extrapolated,extrapolated,90.4,too_few_iterations,False,True,20260913|D3_N360_p0.135_clustered_small_gap
0.135,clustered,small_gap,0.75,0.7,3,360,720,454,C,36.0,0,60,0.0,0.0,0.0,0.0602,False,92.8,70.87,64.83,3,9,extrapolated,extrapolated,90.4,too_few_iterations,False,True,20260913|D3_N360_p0.135_clustered_small_gap
0.135,clustered,small_gap,0.75,0.7,3,480,960,605,A,1.0,21,60,0.35,0.06157651067303722,0.2417,0.4764,False,123.1,94.24,87.24,4,12,extrapolated,strongly_extrapolated,120.5,too_few_iterations,False,True,20260913|D3_N480_p0.135_clustered_small_gap
0.135,clustered,small_gap,0.75,0.7,3,480,960,605,B,24.0,0,60,0.0,0.0,0.0,0.0602,False,123.1,94.24,87.24,4,12,extrapolated,strongly_extrapolated,120.5,too_few_iterations,False,True,20260913|D3_N480_p0.135_clustered_small_gap
0.135,clustered,small_gap,0.75,0.7,3,480,960,605,C,48.0,0,60,0.0,0.0,0.0,0.0602,False,123.1,94.24,87.24,4,12,extrapolated,strongly_extrapolated,120.5,too_few_iterations,False,True,20260913|D3_N480_p0.135_clustered_small_gap
0.135,clustered,small_gap,0.75,0.7,3,600,1200,757,A,1.0,27,60,0.45,0.06422616289332565,0.3309,0.5751,False,152.8,116.48,107.28,5,15,extrapolated,strongly_extrapolated,150.6,too_few_iterations,False,True,20260913|D3_N600_p0.135_clustered_small_gap
0.135,clustered,small_gap,0.75,0.7,3,600,1200,757,B,30.0,0,60,0.0,0.0,0.0,0.0602,False,152.8,116.48,107.28,5,15,extrapolated,strongly_extrapolated,150.6,too_few_iterations,False,True,20260913|D3_N600_p0.135_clustered_small_gap
0.135,clustered,small_gap,0.75,0.7,3,600,1200,757,C,60.0,0,60,0.0,0.0,0.0,0.0602,False,152.8,116.48,107.28,5,15,extrapolated,strongly_extrapolated,150.6,too_few_iterations,False,True,20260913|D3_N600_p0.135_clustered_small_gap
0.135,clustered,small_gap,0.75,0.7,4,120,240,151,A,1.0,5,60,0.08333333333333333,0.03568120160740314,0.0361,0.1807,False,30.5,23.5,21.54,1,4,observed,extrapolated,40.2,too_few_iterations,False,True,20260913|D4_N120_p0.135_clustered_small_gap
0.135,clustered,small_gap,0.75,0.7,4,120,240,151,B,6.0,0,60,0.0,0.0,0.0,0.0602,False,30.5,23.5,21.54,1,4,observed,extrapolated,40.2,too_few_iterations,False,True,20260913|D4_N120_p0.135_clustered_small_gap
0.135,clustered,small_gap,0.75,0.7,4,120,240,151,C,12.0,0,60,0.0,0.0,0.0,0.0602,False,30.5,23.5,21.54,1,4,observed,extrapolated,40.2,too_few_iterations,False,True,20260913|D4_N120_p0.135_clustered_small_gap
0.135,clustered,small_gap,0.75,0.7,4,240,480,303,A,1.0,18,60,0.3,0.05916079783099616,0.199,0.4251,False,61.8,47.6,43.79,2,8,extrapolated,extrapolated,80.3,too_few_iterations,False,True,20260913|D4_N240_p0.135_clustered_small_gap
0.135,clustered,small_gap,0.75,0.7,4,240,480,303,B,12.0,0,60,0.0,0.0,0.0,0.0602,False,61.8,47.6,43.79,2,8,extrapolated,extrapolated,80.3,too_few_iterations,False,True,20260913|D4_N240_p0.135_clustered_small_gap
0.135,clustered,small_gap,0.75,0.7,4,240,480,303,C,24.0,0,60,0.0,0.0,0.0,0.0602,False,61.8,47.6,43.79,2,8,extrapolated,extrapolated,80.3,too_few_iterations,False,True,20260913|D4_N240_p0.135_clustered_small_gap
0.135,clustered,small_gap,0.75,0.7,4,360,720,454,A,1.0,21,60,0.35,0.06157651067303722,0.2417,0.4764,False,92.2,70.15,64.99,3,12,extrapolated,strongly_extrapolated,120.5,too_few_iterations,False,True,20260913|D4_N360_p0.135_clustered_small_gap
0.135,clustered,small_gap,0.75,0.7,4,360,720,454,B,18.0,0,60,0.0,0.0,0.0,0.0602,False,92.2,70.15,64.99,3,12,extrapolated,strongly_extrapolated,120.5,too_few_iterations,False,True,20260913|D4_N360_p0.135_clustered_small_gap
0.135,clustered,small_gap,0.75,0.7,4,360,720,454,C,36.0,0,60,0.0,0.0,0.0,0.0602,False,92.2,70.15,64.99,3,12,extrapolated,strongly_extrapolated,120.5,too_few_iterations,False,True,20260913|D4_N360_p0.135_clustered_small_gap
0.135,clustered,small_gap,0.75,0.7,4,480,960,605,A,1.0,28,60,0.4666666666666667,0.06440611887195306,0.3463,0.5911,False,122.0,93.19,86.31,4,16,extrapolated,strongly_extrapolated,160.6,too_few_iterations,False,True,20260913|D4_N480_p0.135_clustered_small_gap
0.135,clustered,small_gap,0.75,0.7,4,480,960,605,B,24.0,0,60,0.0,0.0,0.0,0.0602,False,122.0,93.19,86.31,4,16,extrapolated,strongly_extrapolated,160.6,too_few_iterations,False,True,20260913|D4_N480_p0.135_clustered_small_gap
0.135,clustered,small_gap,0.75,0.7,4,480,960,605,C,48.0,0,60,0.0,0.0,0.0,0.0602,False,122.0,93.19,86.31,4,16,extrapolated,strongly_extrapolated,160.6,too_few_iterations,False,True,20260913|D4_N480_p0.135_clustered_small_gap
0.135,clustered,small_gap,0.75,0.7,4,600,1200,757,A,1.0,25,60,0.4166666666666667,0.06364688465216445,0.3006,0.5427,False,153.0,116.88,108.74,5,20,extrapolated,strongly_extrapolated,200.8,too_few_iterations,False,True,20260913|D4_N600_p0.135_clustered_small_gap
0.135,clustered,small_gap,0.75,0.7,4,600,1200,757,B,30.0,0,60,0.0,0.0,0.0,0.0602,False,153.0,116.88,108.74,5,20,extrapolated,strongly_extrapolated,200.8,too_few_iterations,False,True,20260913|D4_N600_p0.135_clustered_small_gap
0.135,clustered,small_gap,0.75,0.7,4,600,1200,757,C,60.0,0,60,0.0,0.0,0.0,0.0602,False,153.0,116.88,108.74,5,20,extrapolated,strongly_extrapolated,200.8,too_few_iterations,False,True,20260913|D4_N600_p0.135_clustered_small_gap
0.135,clustered,large_gap,0.85,0.7,1,120,240,151,A,1.0,14,60,0.23333333333333334,0.054602943890247176,0.1444,0.3544,False,30.8,27.23,22.05,1,1,observed,observed,10.0,too_few_iterations,False,True,20260913|D1_N120_p0.135_clustered_large_gap
0.135,clustered,large_gap,0.85,0.7,1,120,240,151,B,6.0,0,60,0.0,0.0,0.0,0.0602,False,30.8,27.23,22.05,1,1,observed,observed,10.0,too_few_iterations,False,True,20260913|D1_N120_p0.135_clustered_large_gap
0.135,clustered,large_gap,0.85,0.7,1,120,240,151,C,12.0,0,60,0.0,0.0,0.0,0.0602,False,30.8,27.23,22.05,1,1,observed,observed,10.0,too_few_iterations,False,True,20260913|D1_N120_p0.135_clustered_large_gap
0.135,clustered,large_gap,0.85,0.7,1,240,480,303,A,1.0,44,60,0.7333333333333333,0.057089922571845024,0.6099,0.8287,False,61.8,55.53,43.63,2,2,extrapolated,extrapolated,20.1,too_few_iterations,False,True,20260913|D1_N240_p0.135_clustered_large_gap
0.135,clustered,large_gap,0.85,0.7,1,240,480,303,B,12.0,1,60,0.016666666666666666,0.01652719420071502,0.0029,0.0886,False,61.8,55.53,43.63,2,2,extrapolated,extrapolated,20.1,too_few_iterations,False,True,20260913|D1_N240_p0.135_clustered_large_gap
0.135,clustered,large_gap,0.85,0.7,1,240,480,303,C,24.0,0,60,0.0,0.0,0.0,0.0602,False,61.8,55.53,43.63,2,2,extrapolated,extrapolated,20.1,too_few_iterations,False,True,20260913|D1_N240_p0.135_clustered_large_gap
0.135,clustered,large_gap,0.85,0.7,1,360,720,454,A,1.0,57,60,0.95,0.0281365716935569,0.863,0.9829,False,90.6,81.28,64.6,3,3,extrapolated,extrapolated,30.1,too_few_iterations,False,True,20260913|D1_N360_p0.135_clustered_large_gap
0.135,clustered,large_gap,0.85,0.7,1,360,720,454,B,18.0,0,60,0.0,0.0,0.0,0.0602,False,90.6,81.28,64.6,3,3,extrapolated,extrapolated,30.1,too_few_iterations,False,True,20260913|D1_N360_p0.135_clustered_large_gap
0.135,clustered,large_gap,0.85,0.7,1,360,720,454,C,36.0,0,60,0.0,0.0,0.0,0.0602,False,90.6,81.28,64.6,3,3,extrapolated,extrapolated,30.1,too_few_iterations,False,True,20260913|D1_N360_p0.135_clustered_large_gap
0.135,clustered,large_gap,0.85,0.7,1,480,960,605,A,1.0,59,60,0.9833333333333333,0.016527194200715044,0.9114,0.9971,False,124.6,111.72,87.42,4,4,extrapolated,extrapolated,40.2,too_few_iterations,False,True,20260913|D1_N480_p0.135_clustered_large_gap
0.135,clustered,large_gap,0.85,0.7,1,480,960,605,B,24.0,1,60,0.016666666666666666,0.01652719420071502,0.0029,0.0886,False,124.6,111.72,87.42,4,4,extrapolated,extrapolated,40.2,too_few_iterations,False,True,20260913|D1_N480_p0.135_clustered_large_gap
0.135,clustered,large_gap,0.85,0.7,1,480,960,605,C,48.0,0,60,0.0,0.0,0.0,0.0602,False,124.6,111.72,87.42,4,4,extrapolated,extrapolated,40.2,too_few_iterations,False,True,20260913|D1_N480_p0.135_clustered_large_gap
0.135,clustered,large_gap,0.85,0.7,1,600,1200,757,A,1.0,60,60,1.0,0.0,0.9398,1.0,False,153.3,136.38,108.27,5,5,extrapolated,extrapolated,50.2,too_few_iterations,False,True,20260913|D1_N600_p0.135_clustered_large_gap
0.135,clustered,large_gap,0.85,0.7,1,600,1200,757,B,30.0,1,60,0.016666666666666666,0.01652719420071502,0.0029,0.0886,False,153.3,136.38,108.27,5,5,extrapolated,extrapolated,50.2,too_few_iterations,False,True,20260913|D1_N600_p0.135_clustered_large_gap
0.135,clustered,large_gap,0.85,0.7,1,600,1200,757,C,60.0,0,60,0.0,0.0,0.0,0.0602,False,153.3,136.38,108.27,5,5,extrapolated,extrapolated,50.2,too_few_iterations,False,True,20260913|D1_N600_p0.135_clustered_large_gap
0.135,clustered,large_gap,0.85,0.7,2,120,240,151,A,1.0,29,60,0.48333333333333334,0.06451385151296608,0.3618,0.6069,False,30.6,27.51,21.82,1,2,observed,extrapolated,20.1,too_few_iterations,False,True,20260913|D2_N120_p0.135_clustered_large_gap
0.135,clustered,large_gap,0.85,0.7,2,120,240,151,B,6.0,0,60,0.0,0.0,0.0,0.0602,False,30.6,27.51,21.82,1,2,observed,extrapolated,20.1,too_few_iterations,False,True,20260913|D2_N120_p0.135_clustered_large_gap
0.135,clustered,large_gap,0.85,0.7,2,120,240,151,C,12.0,0,60,0.0,0.0,0.0,0.0602,False,30.6,27.51,21.82,1,2,observed,extrapolated,20.1,too_few_iterations,False,True,20260913|D2_N120_p0.135_clustered_large_gap
0.135,clustered,large_gap,0.85,0.7,2,240,480,303,A,1.0,58,60,0.9666666666666667,0.023174059571793564,0.8864,0.9908,False,61.4,54.76,43.54,2,4,extrapolated,extrapolated,40.2,too_few_iterations,False,True,20260913|D2_N240_p0.135_clustered_large_gap
0.135,clustered,large_gap,0.85,0.7,2,240,480,303,B,12.0,0,60,0.0,0.0,0.0,0.0602,False,61.4,54.76,43.54,2,4,extrapolated,extrapolated,40.2,too_few_iterations,False,True,20260913|D2_N240_p0.135_clustered_large_gap
0.135,clustered,large_gap,0.85,0.7,2,240,480,303,C,24.0,0,60,0.0,0.0,0.0,0.0602,False,61.4,54.76,43.54,2,4,extrapolated,extrapolated,40.2,too_few_iterations,False,True,20260913|D2_N240_p0.135_clustered_large_gap
0.135,clustered,large_gap,0.85,0.7,2,360,720,454,A,1.0,60,60,1.0,0.0,0.9398,1.0,False,91.8,82.23,64.99,3,6,extrapolated,extrapolated,60.2,too_few_iterations,False,True,20260913|D2_N360_p0.135_clustered_large_gap
0.135,clustered,large_gap,0.85,0.7,2,360,720,454,B,18.0,0,60,0.0,0.0,0.0,0.0602,False,91.8,82.23,64.99,3,6,extrapolated,extrapolated,60.2,too_few_iterations,False,True,20260913|D2_N360_p0.135_clustered_large_gap
0.135,clustered,large_gap,0.85,0.7,2,360,720,454,C,36.0,0,60,0.0,0.0,0.0,0.0602,False,91.8,82.23,64.99,3,6,extrapolated,extrapolated,60.2,too_few_iterations,False,True,20260913|D2_N360_p0.135_clustered_large_gap
0.135,clustered,large_gap,0.85,0.7,2,480,960,605,A,1.0,60,60,1.0,0.0,0.9398,1.0,False,121.9,109.22,85.95,4,8,extrapolated,extrapolated,80.3,too_few_iterations,False,True,20260913|D2_N480_p0.135_clustered_large_gap
0.135,clustered,large_gap,0.85,0.7,2,480,960,605,B,24.0,2,60,0.03333333333333333,0.023174059571793568,0.0092,0.1136,False,121.9,109.22,85.95,4,8,extrapolated,extrapolated,80.3,too_few_iterations,False,True,20260913|D2_N480_p0.135_clustered_large_gap
0.135,clustered,large_gap,0.85,0.7,2,480,960,605,C,48.0,0,60,0.0,0.0,0.0,0.0602,False,121.9,109.22,85.95,4,8,extrapolated,extrapolated,80.3,too_few_iterations,False,True,20260913|D2_N480_p0.135_clustered_large_gap
0.135,clustered,large_gap,0.85,0.7,2,600,1200,757,A,1.0,60,60,1.0,0.0,0.9398,1.0,False,152.2,136.53,107.22,5,10,extrapolated,strongly_extrapolated,100.4,too_few_iterations,False,True,20260913|D2_N600_p0.135_clustered_large_gap
0.135,clustered,large_gap,0.85,0.7,2,600,1200,757,B,30.0,4,60,0.06666666666666667,0.03220305943597653,0.0262,0.1593,False,152.2,136.53,107.22,5,10,extrapolated,strongly_extrapolated,100.4,too_few_iterations,False,True,20260913|D2_N600_p0.135_clustered_large_gap
0.135,clustered,large_gap,0.85,0.7,2,600,1200,757,C,60.0,0,60,0.0,0.0,0.0,0.0602,False,152.2,136.53,107.22,5,10,extrapolated,strongly_extrapolated,100.4,too_few_iterations,False,True,20260913|D2_N600_p0.135_clustered_large_gap
0.135,clustered,large_gap,0.85,0.7,3,120,240,151,A,1.0,49,60,0.8166666666666667,0.04995368225036439,0.7008,0.8944,False,31.6,28.33,22.29,1,3,observed,extrapolated,30.1,too_few_iterations,False,True,20260913|D3_N120_p0.135_clustered_large_gap
0.135,clustered,large_gap,0.85,0.7,3,120,240,151,B,6.0,1,60,0.016666666666666666,0.01652719420071502,0.0029,0.0886,False,31.6,28.33,22.29,1,3,observed,extrapolated,30.1,too_few_iterations,False,True,20260913|D3_N120_p0.135_clustered_large_gap
0.135,clustered,large_gap,0.85,0.7,3,120,240,151,C,12.0,0,60,0.0,0.0,0.0,0.0602,False,31.6,28.33,22.29,1,3,observed,extrapolated,30.1,too_few_iterations,False,True,20260913|D3_N120_p0.135_clustered_large_gap
0.135,clustered,large_gap,0.85,0.7,3,240,480,303,A,1.0,60,60,1.0,0.0,0.9398,1.0,False,61.9,55.52,43.8,2,6,extrapolated,extrapolated,60.2,too_few_iterations,False,True,20260913|D3_N240_p0.135_clustered_large_gap
0.135,clustered,large_gap,0.85,0.7,3,240,480,303,B,12.0,1,60,0.016666666666666666,0.01652719420071502,0.0029,0.0886,False,61.9,55.52,43.8,2,6,extrapolated,extrapolated,60.2,too_few_iterations,False,True,20260913|D3_N240_p0.135_clustered_large_gap
0.135,clustered,large_gap,0.85,0.7,3,240,480,303,C,24.0,0,60,0.0,0.0,0.0,0.0602,False,61.9,55.52,43.8,2,6,extrapolated,extrapolated,60.2,too_few_iterations,False,True,20260913|D3_N240_p0.135_clustered_large_gap
0.135,clustered,large_gap,0.85,0.7,3,360,720,454,A,1.0,60,60,1.0,0.0,0.9398,1.0,False,90.6,81.47,64.72,3,9,extrapolated,extrapolated,90.4,too_few_iterations,False,True,20260913|D3_N360_p0.135_clustered_large_gap
0.135,clustered,large_gap,0.85,0.7,3,360,720,454,B,18.0,1,60,0.016666666666666666,0.01652719420071502,0.0029,0.0886,False,90.6,81.47,64.72,3,9,extrapolated,extrapolated,90.4,too_few_iterations,False,True,20260913|D3_N360_p0.135_clustered_large_gap
0.135,clustered,large_gap,0.85,0.7,3,360,720,454,C,36.0,0,60,0.0,0.0,0.0,0.0602,False,90.6,81.47,64.72,3,9,extrapolated,extrapolated,90.4,too_few_iterations,False,True,20260913|D3_N360_p0.135_clustered_large_gap
0.135,clustered,large_gap,0.85,0.7,3,480,960,605,A,1.0,60,60,1.0,0.0,0.9398,1.0,False,122.4,109.43,86.91,4,12,extrapolated,strongly_extrapolated,120.5,too_few_iterations,False,True,20260913|D3_N480_p0.135_clustered_large_gap
0.135,clustered,large_gap,0.85,0.7,3,480,960,605,B,24.0,2,60,0.03333333333333333,0.023174059571793568,0.0092,0.1136,False,122.4,109.43,86.91,4,12,extrapolated,strongly_extrapolated,120.5,too_few_iterations,False,True,20260913|D3_N480_p0.135_clustered_large_gap
0.135,clustered,large_gap,0.85,0.7,3,480,960,605,C,48.0,0,60,0.0,0.0,0.0,0.0602,False,122.4,109.43,86.91,4,12,extrapolated,strongly_extrapolated,120.5,too_few_iterations,False,True,20260913|D3_N480_p0.135_clustered_large_gap
0.135,clustered,large_gap,0.85,0.7,3,600,1200,757,A,1.0,60,60,1.0,0.0,0.9398,1.0,False,153.6,137.48,108.34,5,15,extrapolated,strongly_extrapolated,150.6,too_few_iterations,False,True,20260913|D3_N600_p0.135_clustered_large_gap
0.135,clustered,large_gap,0.85,0.7,3,600,1200,757,B,30.0,0,60,0.0,0.0,0.0,0.0602,False,153.6,137.48,108.34,5,15,extrapolated,strongly_extrapolated,150.6,too_few_iterations,False,True,20260913|D3_N600_p0.135_clustered_large_gap
0.135,clustered,large_gap,0.85,0.7,3,600,1200,757,C,60.0,0,60,0.0,0.0,0.0,0.0602,False,153.6,137.48,108.34,5,15,extrapolated,strongly_extrapolated,150.6,too_few_iterations,False,True,20260913|D3_N600_p0.135_clustered_large_gap
0.135,clustered,large_gap,0.85,0.7,4,120,240,151,A,1.0,52,60,0.8666666666666667,0.04388537257362555,0.7583,0.9309,False,30.9,27.8,22.0,1,4,observed,extrapolated,40.2,too_few_iterations,False,True,20260913|D4_N120_p0.135_clustered_large_gap
0.135,clustered,large_gap,0.85,0.7,4,120,240,151,B,6.0,1,60,0.016666666666666666,0.01652719420071502,0.0029,0.0886,False,30.9,27.8,22.0,1,4,observed,extrapolated,40.2,too_few_iterations,False,True,20260913|D4_N120_p0.135_clustered_large_gap
0.135,clustered,large_gap,0.85,0.7,4,120,240,151,C,12.0,0,60,0.0,0.0,0.0,0.0602,False,30.9,27.8,22.0,1,4,observed,extrapolated,40.2,too_few_iterations,False,True,20260913|D4_N120_p0.135_clustered_large_gap
0.135,clustered,large_gap,0.85,0.7,4,240,480,303,A,1.0,60,60,1.0,0.0,0.9398,1.0,False,61.4,55.16,43.14,2,8,extrapolated,extrapolated,80.3,too_few_iterations,False,True,20260913|D4_N240_p0.135_clustered_large_gap
0.135,clustered,large_gap,0.85,0.7,4,240,480,303,B,12.0,3,60,0.05,0.028136571693556888,0.0171,0.137,False,61.4,55.16,43.14,2,8,extrapolated,extrapolated,80.3,too_few_iterations,False,True,20260913|D4_N240_p0.135_clustered_large_gap
0.135,clustered,large_gap,0.85,0.7,4,240,480,303,C,24.0,0,60,0.0,0.0,0.0,0.0602,False,61.4,55.16,43.14,2,8,extrapolated,extrapolated,80.3,too_few_iterations,False,True,20260913|D4_N240_p0.135_clustered_large_gap
0.135,clustered,large_gap,0.85,0.7,4,360,720,454,A,1.0,60,60,1.0,0.0,0.9398,1.0,False,91.5,81.76,64.78,3,12,extrapolated,strongly_extrapolated,120.5,too_few_iterations,False,True,20260913|D4_N360_p0.135_clustered_large_gap
0.135,clustered,large_gap,0.85,0.7,4,360,720,454,B,18.0,0,60,0.0,0.0,0.0,0.0602,False,91.5,81.76,64.78,3,12,extrapolated,strongly_extrapolated,120.5,too_few_iterations,False,True,20260913|D4_N360_p0.135_clustered_large_gap
0.135,clustered,large_gap,0.85,0.7,4,360,720,454,C,36.0,0,60,0.0,0.0,0.0,0.0602,False,91.5,81.76,64.78,3,12,extrapolated,strongly_extrapolated,120.5,too_few_iterations,False,True,20260913|D4_N360_p0.135_clustered_large_gap
0.135,clustered,large_gap,0.85,0.7,4,480,960,605,A,1.0,60,60,1.0,0.0,0.9398,1.0,False,121.3,108.98,85.28,4,16,extrapolated,strongly_extrapolated,160.6,too_few_iterations,False,True,20260913|D4_N480_p0.135_clustered_large_gap
0.135,clustered,large_gap,0.85,0.7,4,480,960,605,B,24.0,1,60,0.016666666666666666,0.01652719420071502,0.0029,0.0886,False,121.3,108.98,85.28,4,16,extrapolated,strongly_extrapolated,160.6,too_few_iterations,False,True,20260913|D4_N480_p0.135_clustered_large_gap
0.135,clustered,large_gap,0.85,0.7,4,480,960,605,C,48.0,0,60,0.0,0.0,0.0,0.0602,False,121.3,108.98,85.28,4,16,extrapolated,strongly_extrapolated,160.6,too_few_iterations,False,True,20260913|D4_N480_p0.135_clustered_large_gap
0.135,clustered,large_gap,0.85,0.7,4,600,1200,757,A,1.0,60,60,1.0,0.0,0.9398,1.0,False,154.1,138.1,109.47,5,20,extrapolated,strongly_extrapolated,200.8,too_few_iterations,False,True,20260913|D4_N600_p0.135_clustered_large_gap
0.135,clustered,large_gap,0.85,0.7,4,600,1200,757,B,30.0,0,60,0.0,0.0,0.0,0.0602,False,154.1,138.1,109.47,5,20,extrapolated,strongly_extrapolated,200.8,too_few_iterations,False,True,20260913|D4_N600_p0.135_clustered_large_gap
0.135,clustered,large_gap,0.85,0.7,4,600,1200,757,C,60.0,0,60,0.0,0.0,0.0,0.0602,False,154.1,138.1,109.47,5,20,extrapolated,strongly_extrapolated,200.8,too_few_iterations,False,True,20260913|D4_N600_p0.135_clustered_large_gap
0.25,independent,small_gap,0.75,0.7,1,120,240,151,A,1.0,4,60,0.06666666666666667,0.03220305943597653,0.0262,0.1593,False,60.9,43.85,41.3,1,1,observed,observed,10.0,too_few_iterations,False,True,20260913|D1_N120_p0.25_independent_small_gap
0.25,independent,small_gap,0.75,0.7,1,120,240,151,B,6.0,0,60,0.0,0.0,0.0,0.0602,False,60.9,43.85,41.3,1,1,observed,observed,10.0,too_few_iterations,False,True,20260913|D1_N120_p0.25_independent_small_gap
0.25,independent,small_gap,0.75,0.7,1,120,240,151,C,12.0,0,60,0.0,0.0,0.0,0.0602,False,60.9,43.85,41.3,1,1,observed,observed,10.0,too_few_iterations,False,True,20260913|D1_N120_p0.25_independent_small_gap
0.25,independent,small_gap,0.75,0.7,1,240,480,303,A,1.0,9,60,0.15,0.046097722286464436,0.081,0.2611,False,120.9,86.62,80.38,2,2,extrapolated,extrapolated,20.1,too_few_iterations,False,True,20260913|D1_N240_p0.25_independent_small_gap
0.25,independent,small_gap,0.75,0.7,1,240,480,303,B,12.0,0,60,0.0,0.0,0.0,0.0602,False,120.9,86.62,80.38,2,2,extrapolated,extrapolated,20.1,too_few_iterations,False,True,20260913|D1_N240_p0.25_independent_small_gap
0.25,independent,small_gap,0.75,0.7,1,240,480,303,C,24.0,0,60,0.0,0.0,0.0,0.0602,False,120.9,86.62,80.38,2,2,extrapolated,extrapolated,20.1,too_few_iterations,False,True,20260913|D1_N240_p0.25_independent_small_gap
0.25,independent,small_gap,0.75,0.7,1,360,720,454,A,1.0,11,60,0.18333333333333332,0.04995368225036439,0.1056,0.2992,False,177.9,128.22,119.42,3,3,extrapolated,extrapolated,30.1,too_few_iterations,False,True,20260913|D1_N360_p0.25_independent_small_gap
0.25,independent,small_gap,0.75,0.7,1,360,720,454,B,18.0,0,60,0.0,0.0,0.0,0.0602,False,177.9,128.22,119.42,3,3,extrapolated,extrapolated,30.1,too_few_iterations,False,True,20260913|D1_N360_p0.25_independent_small_gap
0.25,independent,small_gap,0.75,0.7,1,360,720,454,C,36.0,0,60,0.0,0.0,0.0,0.0602,False,177.9,128.22,119.42,3,3,extrapolated,extrapolated,30.1,too_few_iterations,False,True,20260913|D1_N360_p0.25_independent_small_gap
0.25,independent,small_gap,0.75,0.7,1,480,960,605,A,1.0,12,60,0.2,0.051639777949432225,0.1183,0.3178,False,238.6,171.57,159.2,4,4,extrapolated,extrapolated,40.2,too_few_iterations,False,True,20260913|D1_N480_p0.25_independent_small_gap
0.25,independent,small_gap,0.75,0.7,1,480,960,605,B,24.0,0,60,0.0,0.0,0.0,0.0602,False,238.6,171.57,159.2,4,4,extrapolated,extrapolated,40.2,too_few_iterations,False,True,20260913|D1_N480_p0.25_independent_small_gap
0.25,independent,small_gap,0.75,0.7,1,480,960,605,C,48.0,0,60,0.0,0.0,0.0,0.0602,False,238.6,171.57,159.2,4,4,extrapolated,extrapolated,40.2,too_few_iterations,False,True,20260913|D1_N480_p0.25_independent_small_gap
0.25,independent,small_gap,0.75,0.7,1,600,1200,757,A,1.0,15,60,0.25,0.05590169943749474,0.1578,0.3723,False,295.5,212.82,197.7,5,5,extrapolated,extrapolated,50.2,too_few_iterations,False,True,20260913|D1_N600_p0.25_independent_small_gap
0.25,independent,small_gap,0.75,0.7,1,600,1200,757,B,30.0,0,60,0.0,0.0,0.0,0.0602,False,295.5,212.82,197.7,5,5,extrapolated,extrapolated,50.2,too_few_iterations,False,True,20260913|D1_N600_p0.25_independent_small_gap
0.25,independent,small_gap,0.75,0.7,1,600,1200,757,C,60.0,0,60,0.0,0.0,0.0,0.0602,False,295.5,212.82,197.7,5,5,extrapolated,extrapolated,50.2,too_few_iterations,False,True,20260913|D1_N600_p0.25_independent_small_gap
0.25,independent,small_gap,0.75,0.7,2,120,240,151,A,1.0,8,60,0.13333333333333333,0.043885372573625556,0.0691,0.2417,False,60.8,43.77,40.17,1,2,observed,extrapolated,20.1,too_few_iterations,False,True,20260913|D2_N120_p0.25_independent_small_gap
0.25,independent,small_gap,0.75,0.7,2,120,240,151,B,6.0,0,60,0.0,0.0,0.0,0.0602,False,60.8,43.77,40.17,1,2,observed,extrapolated,20.1,too_few_iterations,False,True,20260913|D2_N120_p0.25_independent_small_gap
0.25,independent,small_gap,0.75,0.7,2,120,240,151,C,12.0,0,60,0.0,0.0,0.0,0.0602,False,60.8,43.77,40.17,1,2,observed,extrapolated,20.1,too_few_iterations,False,True,20260913|D2_N120_p0.25_independent_small_gap
0.25,independent,small_gap,0.75,0.7,2,240,480,303,A,1.0,11,60,0.18333333333333332,0.04995368225036439,0.1056,0.2992,False,120.9,87.1,81.33,2,4,extrapolated,extrapolated,40.2,too_few_iterations,False,True,20260913|D2_N240_p0.25_independent_small_gap
0.25,independent,small_gap,0.75,0.7,2,240,480,303,B,12.0,0,60,0.0,0.0,0.0,0.0602,False,120.9,87.1,81.33,2,4,extrapolated,extrapolated,40.2,too_few_iterations,False,True,20260913|D2_N240_p0.25_independent_small_gap
0.25,independent,small_gap,0.75,0.7,2,240,480,303,C,24.0,0,60,0.0,0.0,0.0,0.0602,False,120.9,87.1,81.33,2,4,extrapolated,extrapolated,40.2,too_few_iterations,False,True,20260913|D2_N240_p0.25_independent_small_gap
0.25,independent,small_gap,0.75,0.7,2,360,720,454,A,1.0,20,60,0.3333333333333333,0.06085806194501846,0.2273,0.4594,False,181.3,130.78,121.69,3,6,extrapolated,extrapolated,60.2,too_few_iterations,False,True,20260913|D2_N360_p0.25_independent_small_gap
0.25,independent,small_gap,0.75,0.7,2,360,720,454,B,18.0,0,60,0.0,0.0,0.0,0.0602,False,181.3,130.78,121.69,3,6,extrapolated,extrapolated,60.2,too_few_iterations,False,True,20260913|D2_N360_p0.25_independent_small_gap
0.25,independent,small_gap,0.75,0.7,2,360,720,454,C,36.0,0,60,0.0,0.0,0.0,0.0602,False,181.3,130.78,121.69,3,6,extrapolated,extrapolated,60.2,too_few_iterations,False,True,20260913|D2_N360_p0.25_independent_small_gap
0.25,independent,small_gap,0.75,0.7,2,480,960,605,A,1.0,19,60,0.31666666666666665,0.06005398805642704,0.2131,0.4423,False,239.8,172.44,160.99,4,8,extrapolated,extrapolated,80.3,too_few_iterations,False,True,20260913|D2_N480_p0.25_independent_small_gap
0.25,independent,small_gap,0.75,0.7,2,480,960,605,B,24.0,0,60,0.0,0.0,0.0,0.0602,False,239.8,172.44,160.99,4,8,extrapolated,extrapolated,80.3,too_few_iterations,False,True,20260913|D2_N480_p0.25_independent_small_gap
0.25,independent,small_gap,0.75,0.7,2,480,960,605,C,48.0,0,60,0.0,0.0,0.0,0.0602,False,239.8,172.44,160.99,4,8,extrapolated,extrapolated,80.3,too_few_iterations,False,True,20260913|D2_N480_p0.25_independent_small_gap
0.25,independent,small_gap,0.75,0.7,2,600,1200,757,A,1.0,33,60,0.55,0.06422616289332565,0.4249,0.6691,False,299.1,215.42,199.98,5,10,extrapolated,strongly_extrapolated,100.4,too_few_iterations,False,True,20260913|D2_N600_p0.25_independent_small_gap
0.25,independent,small_gap,0.75,0.7,2,600,1200,757,B,30.0,0,60,0.0,0.0,0.0,0.0602,False,299.1,215.42,199.98,5,10,extrapolated,strongly_extrapolated,100.4,too_few_iterations,False,True,20260913|D2_N600_p0.25_independent_small_gap
0.25,independent,small_gap,0.75,0.7,2,600,1200,757,C,60.0,0,60,0.0,0.0,0.0,0.0602,False,299.1,215.42,199.98,5,10,extrapolated,strongly_extrapolated,100.4,too_few_iterations,False,True,20260913|D2_N600_p0.25_independent_small_gap
0.25,independent,small_gap,0.75,0.7,3,120,240,151,A,1.0,7,60,0.11666666666666667,0.04144384867012947,0.0577,0.2218,False,59.4,42.43,39.76,1,3,observed,extrapolated,30.1,too_few_iterations,False,True,20260913|D3_N120_p0.25_independent_small_gap
0.25,independent,small_gap,0.75,0.7,3,120,240,151,B,6.0,0,60,0.0,0.0,0.0,0.0602,False,59.4,42.43,39.76,1,3,observed,extrapolated,30.1,too_few_iterations,False,True,20260913|D3_N120_p0.25_independent_small_gap
0.25,independent,small_gap,0.75,0.7,3,120,240,151,C,12.0,0,60,0.0,0.0,0.0,0.0602,False,59.4,42.43,39.76,1,3,observed,extrapolated,30.1,too_few_iterations,False,True,20260913|D3_N120_p0.25_independent_small_gap
0.25,independent,small_gap,0.75,0.7,3,240,480,303,A,1.0,14,60,0.23333333333333334,0.054602943890247176,0.1444,0.3544,False,118.4,85.09,79.47,2,6,extrapolated,extrapolated,60.2,too_few_iterations,False,True,20260913|D3_N240_p0.25_independent_small_gap
0.25,independent,small_gap,0.75,0.7,3,240,480,303,B,12.0,0,60,0.0,0.0,0.0,0.0602,False,118.4,85.09,79.47,2,6,extrapolated,extrapolated,60.2,too_few_iterations,False,True,20260913|D3_N240_p0.25_independent_small_gap
0.25,independent,small_gap,0.75,0.7,3,240,480,303,C,24.0,0,60,0.0,0.0,0.0,0.0602,False,118.4,85.09,79.47,2,6,extrapolated,extrapolated,60.2,too_few_iterations,False,True,20260913|D3_N240_p0.25_independent_small_gap
0.25,independent,small_gap,0.75,0.7,3,360,720,454,A,1.0,26,60,0.43333333333333335,0.06397337409104348,0.3157,0.559,False,180.2,129.95,121.23,3,9,extrapolated,extrapolated,90.4,too_few_iterations,False,True,20260913|D3_N360_p0.25_independent_small_gap
0.25,independent,small_gap,0.75,0.7,3,360,720,454,B,18.0,0,60,0.0,0.0,0.0,0.0602,False,180.2,129.95,121.23,3,9,extrapolated,extrapolated,90.4,too_few_iterations,False,True,20260913|D3_N360_p0.25_independent_small_gap
0.25,independent,small_gap,0.75,0.7,3,360,720,454,C,36.0,0,60,0.0,0.0,0.0,0.0602,False,180.2,129.95,121.23,3,9,extrapolated,extrapolated,90.4,too_few_iterations,False,True,20260913|D3_N360_p0.25_independent_small_gap
0.25,independent,small_gap,0.75,0.7,3,480,960,605,A,1.0,32,60,0.5333333333333333,0.06440611887195306,0.4089,0.6537,False,242.8,175.16,162.78,4,12,extrapolated,strongly_extrapolated,120.5,too_few_iterations,False,True,20260913|D3_N480_p0.25_independent_small_gap
0.25,independent,small_gap,0.75,0.7,3,480,960,605,B,24.0,0,60,0.0,0.0,0.0,0.0602,False,242.8,175.16,162.78,4,12,extrapolated,strongly_extrapolated,120.5,too_few_iterations,False,True,20260913|D3_N480_p0.25_independent_small_gap
0.25,independent,small_gap,0.75,0.7,3,480,960,605,C,48.0,0,60,0.0,0.0,0.0,0.0602,False,242.8,175.16,162.78,4,12,extrapolated,strongly_extrapolated,120.5,too_few_iterations,False,True,20260913|D3_N480_p0.25_independent_small_gap
0.25,independent,small_gap,0.75,0.7,3,600,1200,757,A,1.0,45,60,0.75,0.05590169943749474,0.6277,0.8422,False,301.4,216.44,201.37,5,15,extrapolated,strongly_extrapolated,150.6,too_few_iterations,False,True,20260913|D3_N600_p0.25_independent_small_gap
0.25,independent,small_gap,0.75,0.7,3,600,1200,757,B,30.0,0,60,0.0,0.0,0.0,0.0602,False,301.4,216.44,201.37,5,15,extrapolated,strongly_extrapolated,150.6,too_few_iterations,False,True,20260913|D3_N600_p0.25_independent_small_gap
0.25,independent,small_gap,0.75,0.7,3,600,1200,757,C,60.0,0,60,0.0,0.0,0.0,0.0602,False,301.4,216.44,201.37,5,15,extrapolated,strongly_extrapolated,150.6,too_few_iterations,False,True,20260913|D3_N600_p0.25_independent_small_gap
0.25,independent,small_gap,0.75,0.7,4,120,240,151,A,1.0,9,60,0.15,0.046097722286464436,0.081,0.2611,False,59.3,42.7,39.8,1,4,observed,extrapolated,40.2,too_few_iterations,False,True,20260913|D4_N120_p0.25_independent_small_gap
0.25,independent,small_gap,0.75,0.7,4,120,240,151,B,6.0,0,60,0.0,0.0,0.0,0.0602,False,59.3,42.7,39.8,1,4,observed,extrapolated,40.2,too_few_iterations,False,True,20260913|D4_N120_p0.25_independent_small_gap
0.25,independent,small_gap,0.75,0.7,4,120,240,151,C,12.0,0,60,0.0,0.0,0.0,0.0602,False,59.3,42.7,39.8,1,4,observed,extrapolated,40.2,too_few_iterations,False,True,20260913|D4_N120_p0.25_independent_small_gap
0.25,independent,small_gap,0.75,0.7,4,240,480,303,A,1.0,19,60,0.31666666666666665,0.06005398805642704,0.2131,0.4423,False,120.2,86.4,80.83,2,8,extrapolated,extrapolated,80.3,too_few_iterations,False,True,20260913|D4_N240_p0.25_independent_small_gap
0.25,independent,small_gap,0.75,0.7,4,240,480,303,B,12.0,0,60,0.0,0.0,0.0,0.0602,False,120.2,86.4,80.83,2,8,extrapolated,extrapolated,80.3,too_few_iterations,False,True,20260913|D4_N240_p0.25_independent_small_gap
0.25,independent,small_gap,0.75,0.7,4,240,480,303,C,24.0,0,60,0.0,0.0,0.0,0.0602,False,120.2,86.4,80.83,2,8,extrapolated,extrapolated,80.3,too_few_iterations,False,True,20260913|D4_N240_p0.25_independent_small_gap
0.25,independent,small_gap,0.75,0.7,4,360,720,454,A,1.0,31,60,0.5166666666666667,0.06451385151296608,0.3931,0.6382,False,179.7,129.05,120.5,3,12,extrapolated,strongly_extrapolated,120.5,too_few_iterations,False,True,20260913|D4_N360_p0.25_independent_small_gap
0.25,independent,small_gap,0.75,0.7,4,360,720,454,B,18.0,0,60,0.0,0.0,0.0,0.0602,False,179.7,129.05,120.5,3,12,extrapolated,strongly_extrapolated,120.5,too_few_iterations,False,True,20260913|D4_N360_p0.25_independent_small_gap
0.25,independent,small_gap,0.75,0.7,4,360,720,454,C,36.0,0,60,0.0,0.0,0.0,0.0602,False,179.7,129.05,120.5,3,12,extrapolated,strongly_extrapolated,120.5,too_few_iterations,False,True,20260913|D4_N360_p0.25_independent_small_gap
0.25,independent,small_gap,0.75,0.7,4,480,960,605,A,1.0,42,60,0.7,0.05916079783099616,0.5749,0.801,False,239.5,172.58,160.16,4,16,extrapolated,strongly_extrapolated,160.6,too_few_iterations,False,True,20260913|D4_N480_p0.25_independent_small_gap
0.25,independent,small_gap,0.75,0.7,4,480,960,605,B,24.0,0,60,0.0,0.0,0.0,0.0602,False,239.5,172.58,160.16,4,16,extrapolated,strongly_extrapolated,160.6,too_few_iterations,False,True,20260913|D4_N480_p0.25_independent_small_gap
0.25,independent,small_gap,0.75,0.7,4,480,960,605,C,48.0,0,60,0.0,0.0,0.0,0.0602,False,239.5,172.58,160.16,4,16,extrapolated,strongly_extrapolated,160.6,too_few_iterations,False,True,20260913|D4_N480_p0.25_independent_small_gap
0.25,independent,small_gap,0.75,0.7,4,600,1200,757,A,1.0,46,60,0.7666666666666667,0.054602943890247176,0.6456,0.8556,False,300.6,215.53,200.53,5,20,extrapolated,strongly_extrapolated,200.8,too_few_iterations,False,True,20260913|D4_N600_p0.25_independent_small_gap
0.25,independent,small_gap,0.75,0.7,4,600,1200,757,B,30.0,0,60,0.0,0.0,0.0,0.0602,False,300.6,215.53,200.53,5,20,extrapolated,strongly_extrapolated,200.8,too_few_iterations,False,True,20260913|D4_N600_p0.25_independent_small_gap
0.25,independent,small_gap,0.75,0.7,4,600,1200,757,C,60.0,0,60,0.0,0.0,0.0,0.0602,False,300.6,215.53,200.53,5,20,extrapolated,strongly_extrapolated,200.8,too_few_iterations,False,True,20260913|D4_N600_p0.25_independent_small_gap
0.25,independent,large_gap,0.85,0.7,1,120,240,151,A,1.0,34,60,0.5666666666666667,0.06397337409104348,0.441,0.6843,False,59.5,49.68,39.62,1,1,observed,observed,10.0,too_few_iterations,False,True,20260913|D1_N120_p0.25_independent_large_gap
0.25,independent,large_gap,0.85,0.7,1,120,240,151,B,6.0,11,60,0.18333333333333332,0.04995368225036439,0.1056,0.2992,False,59.5,49.68,39.62,1,1,observed,observed,10.0,too_few_iterations,False,True,20260913|D1_N120_p0.25_independent_large_gap
0.25,independent,large_gap,0.85,0.7,1,120,240,151,C,12.0,0,60,0.0,0.0,0.0,0.0602,False,59.5,49.68,39.62,1,1,observed,observed,10.0,too_few_iterations,False,True,20260913|D1_N120_p0.25_independent_large_gap
0.25,independent,large_gap,0.85,0.7,1,240,480,303,A,1.0,55,60,0.9166666666666666,0.035681201607403144,0.8193,0.9639,False,120.2,101.2,80.63,2,2,extrapolated,extrapolated,20.1,too_few_iterations,False,True,20260913|D1_N240_p0.25_independent_large_gap
0.25,independent,large_gap,0.85,0.7,1,240,480,303,B,12.0,12,60,0.2,0.051639777949432225,0.1183,0.3178,False,120.2,101.2,80.63,2,2,extrapolated,extrapolated,20.1,too_few_iterations,False,True,20260913|D1_N240_p0.25_independent_large_gap
0.25,independent,large_gap,0.85,0.7,1,240,480,303,C,24.0,0,60,0.0,0.0,0.0,0.0602,False,120.2,101.2,80.63,2,2,extrapolated,extrapolated,20.1,too_few_iterations,False,True,20260913|D1_N240_p0.25_independent_large_gap
0.25,independent,large_gap,0.85,0.7,1,360,720,454,A,1.0,60,60,1.0,0.0,0.9398,1.0,False,180.1,150.23,119.82,3,3,extrapolated,extrapolated,30.1,too_few_iterations,False,True,20260913|D1_N360_p0.25_independent_large_gap
0.25,independent,large_gap,0.85,0.7,1,360,720,454,B,18.0,22,60,0.36666666666666664,0.062212300796308524,0.2562,0.4932,False,180.1,150.23,119.82,3,3,extrapolated,extrapolated,30.1,too_few_iterations,False,True,20260913|D1_N360_p0.25_independent_large_gap
0.25,independent,large_gap,0.85,0.7,1,360,720,454,C,36.0,0,60,0.0,0.0,0.0,0.0602,False,180.1,150.23,119.82,3,3,extrapolated,extrapolated,30.1,too_few_iterations,False,True,20260913|D1_N360_p0.25_independent_large_gap
0.25,independent,large_gap,0.85,0.7,1,480,960,605,A,1.0,60,60,1.0,0.0,0.9398,1.0,False,238.5,200.28,160.38,4,4,extrapolated,extrapolated,40.2,too_few_iterations,False,True,20260913|D1_N480_p0.25_independent_large_gap
0.25,independent,large_gap,0.85,0.7,1,480,960,605,B,24.0,28,60,0.4666666666666667,0.06440611887195306,0.3463,0.5911,False,238.5,200.28,160.38,4,4,extrapolated,extrapolated,40.2,too_few_iterations,False,True,20260913|D1_N480_p0.25_independent_large_gap
0.25,independent,large_gap,0.85,0.7,1,480,960,605,C,48.0,0,60,0.0,0.0,0.0,0.0602,False,238.5,200.28,160.38,4,4,extrapolated,extrapolated,40.2,too_few_iterations,False,True,20260913|D1_N480_p0.25_independent_large_gap
0.25,independent,large_gap,0.85,0.7,1,600,1200,757,A,1.0,60,60,1.0,0.0,0.9398,1.0,False,299.6,252.22,200.0,5,5,extrapolated,extrapolated,50.2,too_few_iterations,False,True,20260913|D1_N600_p0.25_independent_large_gap
0.25,independent,large_gap,0.85,0.7,1,600,1200,757,B,30.0,37,60,0.6166666666666667,0.06276794416591015,0.4902,0.7291,False,299.6,252.22,200.0,5,5,extrapolated,extrapolated,50.2,too_few_iterations,False,True,20260913|D1_N600_p0.25_independent_large_gap
0.25,independent,large_gap,0.85,0.7,1,600,1200,757,C,60.0,0,60,0.0,0.0,0.0,0.0602,False,299.6,252.22,200.0,5,5,extrapolated,extrapolated,50.2,too_few_iterations,False,True,20260913|D1_N600_p0.25_independent_large_gap
0.25,independent,large_gap,0.85,0.7,2,120,240,151,A,1.0,52,60,0.8666666666666667,0.04388537257362555,0.7583,0.9309,False,59.6,50.18,39.93,1,2,observed,extrapolated,20.1,too_few_iterations,False,True,20260913|D2_N120_p0.25_independent_large_gap
0.25,independent,large_gap,0.85,0.7,2,120,240,151,B,6.0,16,60,0.26666666666666666,0.05708992257184502,0.1713,0.3901,False,59.6,50.18,39.93,1,2,observed,extrapolated,20.1,too_few_iterations,False,True,20260913|D2_N120_p0.25_independent_large_gap
0.25,independent,large_gap,0.85,0.7,2,120,240,151,C,12.0,0,60,0.0,0.0,0.0,0.0602,False,59.6,50.18,39.93,1,2,observed,extrapolated,20.1,too_few_iterations,False,True,20260913|D2_N120_p0.25_independent_large_gap
0.25,independent,large_gap,0.85,0.7,2,240,480,303,A,1.0,60,60,1.0,0.0,0.9398,1.0,False,118.7,99.83,79.64,2,4,extrapolated,extrapolated,40.2,too_few_iterations,False,True,20260913|D2_N240_p0.25_independent_large_gap
0.25,independent,large_gap,0.85,0.7,2,240,480,303,B,12.0,25,60,0.4166666666666667,0.06364688465216445,0.3006,0.5427,False,118.7,99.83,79.64,2,4,extrapolated,extrapolated,40.2,too_few_iterations,False,True,20260913|D2_N240_p0.25_independent_large_gap
0.25,independent,large_gap,0.85,0.7,2,240,480,303,C,24.0,0,60,0.0,0.0,0.0,0.0602,False,118.7,99.83,79.64,2,4,extrapolated,extrapolated,40.2,too_few_iterations,False,True,20260913|D2_N240_p0.25_independent_large_gap
0.25,independent,large_gap,0.85,0.7,2,360,720,454,A,1.0,60,60,1.0,0.0,0.9398,1.0,False,181.7,151.42,121.03,3,6,extrapolated,extrapolated,60.2,too_few_iterations,False,True,20260913|D2_N360_p0.25_independent_large_gap
0.25,independent,large_gap,0.85,0.7,2,360,720,454,B,18.0,44,60,0.7333333333333333,0.057089922571845024,0.6099,0.8287,False,181.7,151.42,121.03,3,6,extrapolated,extrapolated,60.2,too_few_iterations,False,True,20260913|D2_N360_p0.25_independent_large_gap
0.25,independent,large_gap,0.85,0.7,2,360,720,454,C,36.0,0,60,0.0,0.0,0.0,0.0602,False,181.7,151.42,121.03,3,6,extrapolated,extrapolated,60.2,too_few_iterations,False,True,20260913|D2_N360_p0.25_independent_large_gap
0.25,independent,large_gap,0.85,0.7,2,480,960,605,A,1.0,60,60,1.0,0.0,0.9398,1.0,False,239.1,201.16,159.71,4,8,extrapolated,extrapolated,80.3,too_few_iterations,False,True,20260913|D2_N480_p0.25_independent_large_gap
0.25,independent,large_gap,0.85,0.7,2,480,960,605,B,24.0,50,60,0.8333333333333334,0.04811252243246881,0.7197,0.9069,False,239.1,201.16,159.71,4,8,extrapolated,extrapolated,80.3,too_few_iterations,False,True,20260913|D2_N480_p0.25_independent_large_gap
0.25,independent,large_gap,0.85,0.7,2,480,960,605,C,48.0,0,60,0.0,0.0,0.0,0.0602,False,239.1,201.16,159.71,4,8,extrapolated,extrapolated,80.3,too_few_iterations,False,True,20260913|D2_N480_p0.25_independent_large_gap
0.25,independent,large_gap,0.85,0.7,2,600,1200,757,A,1.0,60,60,1.0,0.0,0.9398,1.0,False,298.1,251.02,199.27,5,10,extrapolated,strongly_extrapolated,100.4,too_few_iterations,False,True,20260913|D2_N600_p0.25_independent_large_gap
0.25,independent,large_gap,0.85,0.7,2,600,1200,757,B,30.0,56,60,0.9333333333333333,0.032203059435976525,0.8407,0.9738,False,298.1,251.02,199.27,5,10,extrapolated,strongly_extrapolated,100.4,too_few_iterations,False,True,20260913|D2_N600_p0.25_independent_large_gap
0.25,independent,large_gap,0.85,0.7,2,600,1200,757,C,60.0,0,60,0.0,0.0,0.0,0.0602,False,298.1,251.02,199.27,5,10,extrapolated,strongly_extrapolated,100.4,too_few_iterations,False,True,20260913|D2_N600_p0.25_independent_large_gap
0.25,independent,large_gap,0.85,0.7,3,120,240,151,A,1.0,59,60,0.9833333333333333,0.016527194200715044,0.9114,0.9971,False,59.3,49.94,39.8,1,3,observed,extrapolated,30.1,too_few_iterations,False,True,20260913|D3_N120_p0.25_independent_large_gap
0.25,independent,large_gap,0.85,0.7,3,120,240,151,B,6.0,19,60,0.31666666666666665,0.06005398805642704,0.2131,0.4423,False,59.3,49.94,39.8,1,3,observed,extrapolated,30.1,too_few_iterations,False,True,20260913|D3_N120_p0.25_independent_large_gap
0.25,independent,large_gap,0.85,0.7,3,120,240,151,C,12.0,0,60,0.0,0.0,0.0,0.0602,False,59.3,49.94,39.8,1,3,observed,extrapolated,30.1,too_few_iterations,False,True,20260913|D3_N120_p0.25_independent_large_gap
0.25,independent,large_gap,0.85,0.7,3,240,480,303,A,1.0,60,60,1.0,0.0,0.9398,1.0,False,119.7,100.37,79.91,2,6,extrapolated,extrapolated,60.2,too_few_iterations,False,True,20260913|D3_N240_p0.25_independent_large_gap
0.25,independent,large_gap,0.85,0.7,3,240,480,303,B,12.0,43,60,0.7166666666666667,0.05817438662555248,0.5923,0.8149,False,119.7,100.37,79.91,2,6,extrapolated,extrapolated,60.2,too_few_iterations,False,True,20260913|D3_N240_p0.25_independent_large_gap
0.25,independent,large_gap,0.85,0.7,3,240,480,303,C,24.0,0,60,0.0,0.0,0.0,0.0602,False,119.7,100.37,79.91,2,6,extrapolated,extrapolated,60.2,too_few_iterations,False,True,20260913|D3_N240_p0.25_independent_large_gap
0.25,independent,large_gap,0.85,0.7,3,360,720,454,A,1.0,60,60,1.0,0.0,0.9398,1.0,False,181.3,152.03,121.57,3,9,extrapolated,extrapolated,90.4,too_few_iterations,False,True,20260913|D3_N360_p0.25_independent_large_gap
0.25,independent,large_gap,0.85,0.7,3,360,720,454,B,18.0,49,60,0.8166666666666667,0.04995368225036439,0.7008,0.8944,False,181.3,152.03,121.57,3,9,extrapolated,extrapolated,90.4,too_few_iterations,False,True,20260913|D3_N360_p0.25_independent_large_gap
0.25,independent,large_gap,0.85,0.7,3,360,720,454,C,36.0,0,60,0.0,0.0,0.0,0.0602,False,181.3,152.03,121.57,3,9,extrapolated,extrapolated,90.4,too_few_iterations,False,True,20260913|D3_N360_p0.25_independent_large_gap
0.25,independent,large_gap,0.85,0.7,3,480,960,605,A,1.0,60,60,1.0,0.0,0.9398,1.0,False,239.4,201.08,160.44,4,12,extrapolated,strongly_extrapolated,120.5,too_few_iterations,False,True,20260913|D3_N480_p0.25_independent_large_gap
0.25,independent,large_gap,0.85,0.7,3,480,960,605,B,24.0,55,60,0.9166666666666666,0.035681201607403144,0.8193,0.9639,False,239.4,201.08,160.44,4,12,extrapolated,strongly_extrapolated,120.5,too_few_iterations,False,True,20260913|D3_N480_p0.25_independent_large_gap
0.25,independent,large_gap,0.85,0.7,3,480,960,605,C,48.0,0,60,0.0,0.0,0.0,0.0602,False,239.4,201.08,160.44,4,12,extrapolated,strongly_extrapolated,120.5,too_few_iterations,False,True,20260913|D3_N480_p0.25_independent_large_gap
0.25,independent,large_gap,0.85,0.7,3,600,1200,757,A,1.0,60,60,1.0,0.0,0.9398,1.0,False,301.7,253.39,200.89,5,15,extrapolated,strongly_extrapolated,150.6,too_few_iterations,False,True,20260913|D3_N600_p0.25_independent_large_gap
0.25,independent,large_gap,0.85,0.7,3,600,1200,757,B,30.0,60,60,1.0,0.0,0.9398,1.0,False,301.7,253.39,200.89,5,15,extrapolated,strongly_extrapolated,150.6,too_few_iterations,False,True,20260913|D3_N600_p0.25_independent_large_gap
0.25,independent,large_gap,0.85,0.7,3,600,1200,757,C,60.0,0,60,0.0,0.0,0.0,0.0602,False,301.7,253.39,200.89,5,15,extrapolated,strongly_extrapolated,150.6,too_few_iterations,False,True,20260913|D3_N600_p0.25_independent_large_gap
0.25,independent,large_gap,0.85,0.7,4,120,240,151,A,1.0,59,60,0.9833333333333333,0.016527194200715044,0.9114,0.9971,False,59.9,50.31,39.96,1,4,observed,extrapolated,40.2,too_few_iterations,False,True,20260913|D4_N120_p0.25_independent_large_gap
0.25,independent,large_gap,0.85,0.7,4,120,240,151,B,6.0,34,60,0.5666666666666667,0.06397337409104348,0.441,0.6843,False,59.9,50.31,39.96,1,4,observed,extrapolated,40.2,too_few_iterations,False,True,20260913|D4_N120_p0.25_independent_large_gap
0.25,independent,large_gap,0.85,0.7,4,120,240,151,C,12.0,0,60,0.0,0.0,0.0,0.0602,False,59.9,50.31,39.96,1,4,observed,extrapolated,40.2,too_few_iterations,False,True,20260913|D4_N120_p0.25_independent_large_gap
0.25,independent,large_gap,0.85,0.7,4,240,480,303,A,1.0,60,60,1.0,0.0,0.9398,1.0,False,118.9,99.96,79.5,2,8,extrapolated,extrapolated,80.3,too_few_iterations,False,True,20260913|D4_N240_p0.25_independent_large_gap
0.25,independent,large_gap,0.85,0.7,4,240,480,303,B,12.0,50,60,0.8333333333333334,0.04811252243246881,0.7197,0.9069,False,118.9,99.96,79.5,2,8,extrapolated,extrapolated,80.3,too_few_iterations,False,True,20260913|D4_N240_p0.25_independent_large_gap
0.25,independent,large_gap,0.85,0.7,4,240,480,303,C,24.0,0,60,0.0,0.0,0.0,0.0602,False,118.9,99.96,79.5,2,8,extrapolated,extrapolated,80.3,too_few_iterations,False,True,20260913|D4_N240_p0.25_independent_large_gap
0.25,independent,large_gap,0.85,0.7,4,360,720,454,A,1.0,60,60,1.0,0.0,0.9398,1.0,False,180.9,151.89,120.52,3,12,extrapolated,strongly_extrapolated,120.5,too_few_iterations,False,True,20260913|D4_N360_p0.25_independent_large_gap
0.25,independent,large_gap,0.85,0.7,4,360,720,454,B,18.0,58,60,0.9666666666666667,0.023174059571793564,0.8864,0.9908,False,180.9,151.89,120.52,3,12,extrapolated,strongly_extrapolated,120.5,too_few_iterations,False,True,20260913|D4_N360_p0.25_independent_large_gap
0.25,independent,large_gap,0.85,0.7,4,360,720,454,C,36.0,0,60,0.0,0.0,0.0,0.0602,False,180.9,151.89,120.52,3,12,extrapolated,strongly_extrapolated,120.5,too_few_iterations,False,True,20260913|D4_N360_p0.25_independent_large_gap
0.25,independent,large_gap,0.85,0.7,4,480,960,605,A,1.0,60,60,1.0,0.0,0.9398,1.0,False,240.1,201.68,160.8,4,16,extrapolated,strongly_extrapolated,160.6,too_few_iterations,False,True,20260913|D4_N480_p0.25_independent_large_gap
0.25,independent,large_gap,0.85,0.7,4,480,960,605,B,24.0,59,60,0.9833333333333333,0.016527194200715044,0.9114,0.9971,False,240.1,201.68,160.8,4,16,extrapolated,strongly_extrapolated,160.6,too_few_iterations,False,True,20260913|D4_N480_p0.25_independent_large_gap
0.25,independent,large_gap,0.85,0.7,4,480,960,605,C,48.0,0,60,0.0,0.0,0.0,0.0602,False,240.1,201.68,160.8,4,16,extrapolated,strongly_extrapolated,160.6,too_few_iterations,False,True,20260913|D4_N480_p0.25_independent_large_gap
0.25,independent,large_gap,0.85,0.7,4,600,1200,757,A,1.0,60,60,1.0,0.0,0.9398,1.0,False,300.7,251.97,200.76,5,20,extrapolated,strongly_extrapolated,200.8,too_few_iterations,False,True,20260913|D4_N600_p0.25_independent_large_gap
0.25,independent,large_gap,0.85,0.7,4,600,1200,757,B,30.0,60,60,1.0,0.0,0.9398,1.0,False,300.7,251.97,200.76,5,20,extrapolated,strongly_extrapolated,200.8,too_few_iterations,False,True,20260913|D4_N600_p0.25_independent_large_gap
0.25,independent,large_gap,0.85,0.7,4,600,1200,757,C,60.0,0,60,0.0,0.0,0.0,0.0602,False,300.7,251.97,200.76,5,20,extrapolated,strongly_extrapolated,200.8,too_few_iterations,False,True,20260913|D4_N600_p0.25_independent_large_gap
0.25,clustered,small_gap,0.75,0.7,1,120,240,151,A,1.0,4,60,0.06666666666666667,0.03220305943597653,0.0262,0.1593,False,55.6,40.57,38.13,1,1,observed,observed,10.0,too_few_iterations,False,True,20260913|D1_N120_p0.25_clustered_small_gap
0.25,clustered,small_gap,0.75,0.7,1,120,240,151,B,6.0,0,60,0.0,0.0,0.0,0.0602,False,55.6,40.57,38.13,1,1,observed,observed,10.0,too_few_iterations,False,True,20260913|D1_N120_p0.25_clustered_small_gap
0.25,clustered,small_gap,0.75,0.7,1,120,240,151,C,12.0,0,60,0.0,0.0,0.0,0.0602,False,55.6,40.57,38.13,1,1,observed,observed,10.0,too_few_iterations,False,True,20260913|D1_N120_p0.25_clustered_small_gap
0.25,clustered,small_gap,0.75,0.7,1,240,480,303,A,1.0,5,60,0.08333333333333333,0.03568120160740314,0.0361,0.1807,False,109.4,80.08,74.97,2,2,extrapolated,extrapolated,20.1,too_few_iterations,False,True,20260913|D1_N240_p0.25_clustered_small_gap
0.25,clustered,small_gap,0.75,0.7,1,240,480,303,B,12.0,0,60,0.0,0.0,0.0,0.0602,False,109.4,80.08,74.97,2,2,extrapolated,extrapolated,20.1,too_few_iterations,False,True,20260913|D1_N240_p0.25_clustered_small_gap
0.25,clustered,small_gap,0.75,0.7,1,240,480,303,C,24.0,0,60,0.0,0.0,0.0,0.0602,False,109.4,80.08,74.97,2,2,extrapolated,extrapolated,20.1,too_few_iterations,False,True,20260913|D1_N240_p0.25_clustered_small_gap
0.25,clustered,small_gap,0.75,0.7,1,360,720,454,A,1.0,9,60,0.15,0.046097722286464436,0.081,0.2611,False,163.4,120.17,112.45,3,3,extrapolated,extrapolated,30.1,too_few_iterations,False,True,20260913|D1_N360_p0.25_clustered_small_gap
0.25,clustered,small_gap,0.75,0.7,1,360,720,454,B,18.0,0,60,0.0,0.0,0.0,0.0602,False,163.4,120.17,112.45,3,3,extrapolated,extrapolated,30.1,too_few_iterations,False,True,20260913|D1_N360_p0.25_clustered_small_gap
0.25,clustered,small_gap,0.75,0.7,1,360,720,454,C,36.0,0,60,0.0,0.0,0.0,0.0602,False,163.4,120.17,112.45,3,3,extrapolated,extrapolated,30.1,too_few_iterations,False,True,20260913|D1_N360_p0.25_clustered_small_gap
0.25,clustered,small_gap,0.75,0.7,1,480,960,605,A,1.0,14,60,0.23333333333333334,0.054602943890247176,0.1444,0.3544,False,219.0,162.28,151.48,4,4,extrapolated,extrapolated,40.2,too_few_iterations,False,True,20260913|D1_N480_p0.25_clustered_small_gap
0.25,clustered,small_gap,0.75,0.7,1,480,960,605,B,24.0,0,60,0.0,0.0,0.0,0.0602,False,219.0,162.28,151.48,4,4,extrapolated,extrapolated,40.2,too_few_iterations,False,True,20260913|D1_N480_p0.25_clustered_small_gap
0.25,clustered,small_gap,0.75,0.7,1,480,960,605,C,48.0,0,60,0.0,0.0,0.0,0.0602,False,219.0,162.28,151.48,4,4,extrapolated,extrapolated,40.2,too_few_iterations,False,True,20260913|D1_N480_p0.25_clustered_small_gap
0.25,clustered,small_gap,0.75,0.7,1,600,1200,757,A,1.0,19,60,0.31666666666666665,0.06005398805642704,0.2131,0.4423,False,272.4,201.55,187.58,5,5,extrapolated,extrapolated,50.2,too_few_iterations,False,True,20260913|D1_N600_p0.25_clustered_small_gap
0.25,clustered,small_gap,0.75,0.7,1,600,1200,757,B,30.0,0,60,0.0,0.0,0.0,0.0602,False,272.4,201.55,187.58,5,5,extrapolated,extrapolated,50.2,too_few_iterations,False,True,20260913|D1_N600_p0.25_clustered_small_gap
0.25,clustered,small_gap,0.75,0.7,1,600,1200,757,C,60.0,0,60,0.0,0.0,0.0,0.0602,False,272.4,201.55,187.58,5,5,extrapolated,extrapolated,50.2,too_few_iterations,False,True,20260913|D1_N600_p0.25_clustered_small_gap
0.25,clustered,small_gap,0.75,0.7,2,120,240,151,A,1.0,3,60,0.05,0.028136571693556888,0.0171,0.137,False,54.4,40.24,37.79,1,2,observed,extrapolated,20.1,too_few_iterations,False,True,20260913|D2_N120_p0.25_clustered_small_gap
0.25,clustered,small_gap,0.75,0.7,2,120,240,151,B,6.0,0,60,0.0,0.0,0.0,0.0602,False,54.4,40.24,37.79,1,2,observed,extrapolated,20.1,too_few_iterations,False,True,20260913|D2_N120_p0.25_clustered_small_gap
0.25,clustered,small_gap,0.75,0.7,2,120,240,151,C,12.0,0,60,0.0,0.0,0.0,0.0602,False,54.4,40.24,37.79,1,2,observed,extrapolated,20.1,too_few_iterations,False,True,20260913|D2_N120_p0.25_clustered_small_gap
0.25,clustered,small_gap,0.75,0.7,2,240,480,303,A,1.0,9,60,0.15,0.046097722286464436,0.081,0.2611,False,110.6,81.57,76.69,2,4,extrapolated,extrapolated,40.2,too_few_iterations,False,True,20260913|D2_N240_p0.25_clustered_small_gap
0.25,clustered,small_gap,0.75,0.7,2,240,480,303,B,12.0,0,60,0.0,0.0,0.0,0.0602,False,110.6,81.57,76.69,2,4,extrapolated,extrapolated,40.2,too_few_iterations,False,True,20260913|D2_N240_p0.25_clustered_small_gap
0.25,clustered,small_gap,0.75,0.7,2,240,480,303,C,24.0,0,60,0.0,0.0,0.0,0.0602,False,110.6,81.57,76.69,2,4,extrapolated,extrapolated,40.2,too_few_iterations,False,True,20260913|D2_N240_p0.25_clustered_small_gap
0.25,clustered,small_gap,0.75,0.7,2,360,720,454,A,1.0,17,60,0.2833333333333333,0.05817438662555248,0.1851,0.4077,False,165.6,121.96,113.58,3,6,extrapolated,extrapolated,60.2,too_few_iterations,False,True,20260913|D2_N360_p0.25_clustered_small_gap
0.25,clustered,small_gap,0.75,0.7,2,360,720,454,B,18.0,0,60,0.0,0.0,0.0,0.0602,False,165.6,121.96,113.58,3,6,extrapolated,extrapolated,60.2,too_few_iterations,False,True,20260913|D2_N360_p0.25_clustered_small_gap
0.25,clustered,small_gap,0.75,0.7,2,360,720,454,C,36.0,0,60,0.0,0.0,0.0,0.0602,False,165.6,121.96,113.58,3,6,extrapolated,extrapolated,60.2,too_few_iterations,False,True,20260913|D2_N360_p0.25_clustered_small_gap
0.25,clustered,small_gap,0.75,0.7,2,480,960,605,A,1.0,27,60,0.45,0.06422616289332565,0.3309,0.5751,False,220.5,162.37,150.72,4,8,extrapolated,extrapolated,80.3,too_few_iterations,False,True,20260913|D2_N480_p0.25_clustered_small_gap
0.25,clustered,small_gap,0.75,0.7,2,480,960,605,B,24.0,0,60,0.0,0.0,0.0,0.0602,False,220.5,162.37,150.72,4,8,extrapolated,extrapolated,80.3,too_few_iterations,False,True,20260913|D2_N480_p0.25_clustered_small_gap
0.25,clustered,small_gap,0.75,0.7,2,480,960,605,C,48.0,0,60,0.0,0.0,0.0,0.0602,False,220.5,162.37,150.72,4,8,extrapolated,extrapolated,80.3,too_few_iterations,False,True,20260913|D2_N480_p0.25_clustered_small_gap
0.25,clustered,small_gap,0.75,0.7,2,600,1200,757,A,1.0,29,60,0.48333333333333334,0.06451385151296608,0.3618,0.6069,False,272.4,201.74,187.82,5,10,extrapolated,strongly_extrapolated,100.4,too_few_iterations,False,True,20260913|D2_N600_p0.25_clustered_small_gap
0.25,clustered,small_gap,0.75,0.7,2,600,1200,757,B,30.0,0,60,0.0,0.0,0.0,0.0602,False,272.4,201.74,187.82,5,10,extrapolated,strongly_extrapolated,100.4,too_few_iterations,False,True,20260913|D2_N600_p0.25_clustered_small_gap
0.25,clustered,small_gap,0.75,0.7,2,600,1200,757,C,60.0,0,60,0.0,0.0,0.0,0.0602,False,272.4,201.74,187.82,5,10,extrapolated,strongly_extrapolated,100.4,too_few_iterations,False,True,20260913|D2_N600_p0.25_clustered_small_gap
0.25,clustered,small_gap,0.75,0.7,3,120,240,151,A,1.0,5,60,0.08333333333333333,0.03568120160740314,0.0361,0.1807,False,54.9,40.51,37.77,1,3,observed,extrapolated,30.1,too_few_iterations,False,True,20260913|D3_N120_p0.25_clustered_small_gap
0.25,clustered,small_gap,0.75,0.7,3,120,240,151,B,6.0,0,60,0.0,0.0,0.0,0.0602,False,54.9,40.51,37.77,1,3,observed,extrapolated,30.1,too_few_iterations,False,True,20260913|D3_N120_p0.25_clustered_small_gap
0.25,clustered,small_gap,0.75,0.7,3,120,240,151,C,12.0,0,60,0.0,0.0,0.0,0.0602,False,54.9,40.51,37.77,1,3,observed,extrapolated,30.1,too_few_iterations,False,True,20260913|D3_N120_p0.25_clustered_small_gap
0.25,clustered,small_gap,0.75,0.7,3,240,480,303,A,1.0,15,60,0.25,0.05590169943749474,0.1578,0.3723,False,110.4,81.72,75.97,2,6,extrapolated,extrapolated,60.2,too_few_iterations,False,True,20260913|D3_N240_p0.25_clustered_small_gap
0.25,clustered,small_gap,0.75,0.7,3,240,480,303,B,12.0,0,60,0.0,0.0,0.0,0.0602,False,110.4,81.72,75.97,2,6,extrapolated,extrapolated,60.2,too_few_iterations,False,True,20260913|D3_N240_p0.25_clustered_small_gap
0.25,clustered,small_gap,0.75,0.7,3,240,480,303,C,24.0,0,60,0.0,0.0,0.0,0.0602,False,110.4,81.72,75.97,2,6,extrapolated,extrapolated,60.2,too_few_iterations,False,True,20260913|D3_N240_p0.25_clustered_small_gap
0.25,clustered,small_gap,0.75,0.7,3,360,720,454,A,1.0,24,60,0.4,0.06324555320336758,0.2857,0.5263,False,164.4,121.72,113.27,3,9,extrapolated,extrapolated,90.4,too_few_iterations,False,True,20260913|D3_N360_p0.25_clustered_small_gap
0.25,clustered,small_gap,0.75,0.7,3,360,720,454,B,18.0,0,60,0.0,0.0,0.0,0.0602,False,164.4,121.72,113.27,3,9,extrapolated,extrapolated,90.4,too_few_iterations,False,True,20260913|D3_N360_p0.25_clustered_small_gap
0.25,clustered,small_gap,0.75,0.7,3,360,720,454,C,36.0,0,60,0.0,0.0,0.0,0.0602,False,164.4,121.72,113.27,3,9,extrapolated,extrapolated,90.4,too_few_iterations,False,True,20260913|D3_N360_p0.25_clustered_small_gap
0.25,clustered,small_gap,0.75,0.7,3,480,960,605,A,1.0,27,60,0.45,0.06422616289332565,0.3309,0.5751,False,218.5,160.64,150.74,4,12,extrapolated,strongly_extrapolated,120.5,too_few_iterations,False,True,20260913|D3_N480_p0.25_clustered_small_gap
0.25,clustered,small_gap,0.75,0.7,3,480,960,605,B,24.0,0,60,0.0,0.0,0.0,0.0602,False,218.5,160.64,150.74,4,12,extrapolated,strongly_extrapolated,120.5,too_few_iterations,False,True,20260913|D3_N480_p0.25_clustered_small_gap
0.25,clustered,small_gap,0.75,0.7,3,480,960,605,C,48.0,0,60,0.0,0.0,0.0,0.0602,False,218.5,160.64,150.74,4,12,extrapolated,strongly_extrapolated,120.5,too_few_iterations,False,True,20260913|D3_N480_p0.25_clustered_small_gap
0.25,clustered,small_gap,0.75,0.7,3,600,1200,757,A,1.0,41,60,0.6833333333333333,0.06005398805642704,0.5577,0.7869,False,273.5,202.52,187.81,5,15,extrapolated,strongly_extrapolated,150.6,too_few_iterations,False,True,20260913|D3_N600_p0.25_clustered_small_gap
0.25,clustered,small_gap,0.75,0.7,3,600,1200,757,B,30.0,0,60,0.0,0.0,0.0,0.0602,False,273.5,202.52,187.81,5,15,extrapolated,strongly_extrapolated,150.6,too_few_iterations,False,True,20260913|D3_N600_p0.25_clustered_small_gap
0.25,clustered,small_gap,0.75,0.7,3,600,1200,757,C,60.0,0,60,0.0,0.0,0.0,0.0602,False,273.5,202.52,187.81,5,15,extrapolated,strongly_extrapolated,150.6,too_few_iterations,False,True,20260913|D3_N600_p0.25_clustered_small_gap
0.25,clustered,small_gap,0.75,0.7,4,120,240,151,A,1.0,7,60,0.11666666666666667,0.04144384867012947,0.0577,0.2218,False,54.2,39.97,37.43,1,4,observed,extrapolated,40.2,too_few_iterations,False,True,20260913|D4_N120_p0.25_clustered_small_gap
0.25,clustered,small_gap,0.75,0.7,4,120,240,151,B,6.0,0,60,0.0,0.0,0.0,0.0602,False,54.2,39.97,37.43,1,4,observed,extrapolated,40.2,too_few_iterations,False,True,20260913|D4_N120_p0.25_clustered_small_gap
0.25,clustered,small_gap,0.75,0.7,4,120,240,151,C,12.0,0,60,0.0,0.0,0.0,0.0602,False,54.2,39.97,37.43,1,4,observed,extrapolated,40.2,too_few_iterations,False,True,20260913|D4_N120_p0.25_clustered_small_gap
0.25,clustered,small_gap,0.75,0.7,4,240,480,303,A,1.0,27,60,0.45,0.06422616289332565,0.3309,0.5751,False,109.9,81.7,76.02,2,8,extrapolated,extrapolated,80.3,too_few_iterations,False,True,20260913|D4_N240_p0.25_clustered_small_gap
0.25,clustered,small_gap,0.75,0.7,4,240,480,303,B,12.0,0,60,0.0,0.0,0.0,0.0602,False,109.9,81.7,76.02,2,8,extrapolated,extrapolated,80.3,too_few_iterations,False,True,20260913|D4_N240_p0.25_clustered_small_gap
0.25,clustered,small_gap,0.75,0.7,4,240,480,303,C,24.0,0,60,0.0,0.0,0.0,0.0602,False,109.9,81.7,76.02,2,8,extrapolated,extrapolated,80.3,too_few_iterations,False,True,20260913|D4_N240_p0.25_clustered_small_gap
0.25,clustered,small_gap,0.75,0.7,4,360,720,454,A,1.0,25,60,0.4166666666666667,0.06364688465216445,0.3006,0.5427,False,163.2,120.55,112.65,3,12,extrapolated,strongly_extrapolated,120.5,too_few_iterations,False,True,20260913|D4_N360_p0.25_clustered_small_gap
0.25,clustered,small_gap,0.75,0.7,4,360,720,454,B,18.0,0,60,0.0,0.0,0.0,0.0602,False,163.2,120.55,112.65,3,12,extrapolated,strongly_extrapolated,120.5,too_few_iterations,False,True,20260913|D4_N360_p0.25_clustered_small_gap
0.25,clustered,small_gap,0.75,0.7,4,360,720,454,C,36.0,0,60,0.0,0.0,0.0,0.0602,False,163.2,120.55,112.65,3,12,extrapolated,strongly_extrapolated,120.5,too_few_iterations,False,True,20260913|D4_N360_p0.25_clustered_small_gap
0.25,clustered,small_gap,0.75,0.7,4,480,960,605,A,1.0,37,60,0.6166666666666667,0.06276794416591015,0.4902,0.7291,False,219.2,161.63,151.44,4,16,extrapolated,strongly_extrapolated,160.6,too_few_iterations,False,True,20260913|D4_N480_p0.25_clustered_small_gap
0.25,clustered,small_gap,0.75,0.7,4,480,960,605,B,24.0,0,60,0.0,0.0,0.0,0.0602,False,219.2,161.63,151.44,4,16,extrapolated,strongly_extrapolated,160.6,too_few_iterations,False,True,20260913|D4_N480_p0.25_clustered_small_gap
0.25,clustered,small_gap,0.75,0.7,4,480,960,605,C,48.0,0,60,0.0,0.0,0.0,0.0602,False,219.2,161.63,151.44,4,16,extrapolated,strongly_extrapolated,160.6,too_few_iterations,False,True,20260913|D4_N480_p0.25_clustered_small_gap
0.25,clustered,small_gap,0.75,0.7,4,600,1200,757,A,1.0,45,60,0.75,0.05590169943749474,0.6277,0.8422,False,274.0,202.52,188.64,5,20,extrapolated,strongly_extrapolated,200.8,too_few_iterations,False,True,20260913|D4_N600_p0.25_clustered_small_gap
0.25,clustered,small_gap,0.75,0.7,4,600,1200,757,B,30.0,0,60,0.0,0.0,0.0,0.0602,False,274.0,202.52,188.64,5,20,extrapolated,strongly_extrapolated,200.8,too_few_iterations,False,True,20260913|D4_N600_p0.25_clustered_small_gap
0.25,clustered,small_gap,0.75,0.7,4,600,1200,757,C,60.0,0,60,0.0,0.0,0.0,0.0602,False,274.0,202.52,188.64,5,20,extrapolated,strongly_extrapolated,200.8,too_few_iterations,False,True,20260913|D4_N600_p0.25_clustered_small_gap
0.25,clustered,large_gap,0.85,0.7,1,120,240,151,A,1.0,34,60,0.5666666666666667,0.06397337409104348,0.441,0.6843,False,54.4,46.7,37.15,1,1,observed,observed,10.0,too_few_iterations,False,True,20260913|D1_N120_p0.25_clustered_large_gap
0.25,clustered,large_gap,0.85,0.7,1,120,240,151,B,6.0,10,60,0.16666666666666666,0.048112522432468816,0.0931,0.2803,False,54.4,46.7,37.15,1,1,observed,observed,10.0,too_few_iterations,False,True,20260913|D1_N120_p0.25_clustered_large_gap
0.25,clustered,large_gap,0.85,0.7,1,120,240,151,C,12.0,0,60,0.0,0.0,0.0,0.0602,False,54.4,46.7,37.15,1,1,observed,observed,10.0,too_few_iterations,False,True,20260913|D1_N120_p0.25_clustered_large_gap
0.25,clustered,large_gap,0.85,0.7,1,240,480,303,A,1.0,48,60,0.8,0.05163977794943222,0.6822,0.8817,False,108.2,92.62,75.12,2,2,extrapolated,extrapolated,20.1,too_few_iterations,False,True,20260913|D1_N240_p0.25_clustered_large_gap
0.25,clustered,large_gap,0.85,0.7,1,240,480,303,B,12.0,9,60,0.15,0.046097722286464436,0.081,0.2611,False,108.2,92.62,75.12,2,2,extrapolated,extrapolated,20.1,too_few_iterations,False,True,20260913|D1_N240_p0.25_clustered_large_gap
0.25,clustered,large_gap,0.85,0.7,1,240,480,303,C,24.0,0,60,0.0,0.0,0.0,0.0602,False,108.2,92.62,75.12,2,2,extrapolated,extrapolated,20.1,too_few_iterations,False,True,20260913|D1_N240_p0.25_clustered_large_gap
0.25,clustered,large_gap,0.85,0.7,1,360,720,454,A,1.0,57,60,0.95,0.0281365716935569,0.863,0.9829,False,164.1,139.55,113.18,3,3,extrapolated,extrapolated,30.1,too_few_iterations,False,True,20260913|D1_N360_p0.25_clustered_large_gap
0.25,clustered,large_gap,0.85,0.7,1,360,720,454,B,18.0,16,60,0.26666666666666666,0.05708992257184502,0.1713,0.3901,False,164.1,139.55,113.18,3,3,extrapolated,extrapolated,30.1,too_few_iterations,False,True,20260913|D1_N360_p0.25_clustered_large_gap
0.25,clustered,large_gap,0.85,0.7,1,360,720,454,C,36.0,0,60,0.0,0.0,0.0,0.0602,False,164.1,139.55,113.18,3,3,extrapolated,extrapolated,30.1,too_few_iterations,False,True,20260913|D1_N360_p0.25_clustered_large_gap
0.25,clustered,large_gap,0.85,0.7,1,480,960,605,A,1.0,60,60,1.0,0.0,0.9398,1.0,False,218.5,185.07,151.22,4,4,extrapolated,extrapolated,40.2,too_few_iterations,False,True,20260913|D1_N480_p0.25_clustered_large_gap
0.25,clustered,large_gap,0.85,0.7,1,480,960,605,B,24.0,11,60,0.18333333333333332,0.04995368225036439,0.1056,0.2992,False,218.5,185.07,151.22,4,4,extrapolated,extrapolated,40.2,too_few_iterations,False,True,20260913|D1_N480_p0.25_clustered_large_gap
0.25,clustered,large_gap,0.85,0.7,1,480,960,605,C,48.0,0,60,0.0,0.0,0.0,0.0602,False,218.5,185.07,151.22,4,4,extrapolated,extrapolated,40.2,too_few_iterations,False,True,20260913|D1_N480_p0.25_clustered_large_gap
0.25,clustered,large_gap,0.85,0.7,1,600,1200,757,A,1.0,60,60,1.0,0.0,0.9398,1.0,False,277.2,236.4,191.4,5,5,extrapolated,extrapolated,50.2,too_few_iterations,False,True,20260913|D1_N600_p0.25_clustered_large_gap
0.25,clustered,large_gap,0.85,0.7,1,600,1200,757,B,30.0,22,60,0.36666666666666664,0.062212300796308524,0.2562,0.4932,False,277.2,236.4,191.4,5,5,extrapolated,extrapolated,50.2,too_few_iterations,False,True,20260913|D1_N600_p0.25_clustered_large_gap
0.25,clustered,large_gap,0.85,0.7,1,600,1200,757,C,60.0,0,60,0.0,0.0,0.0,0.0602,False,277.2,236.4,191.4,5,5,extrapolated,extrapolated,50.2,too_few_iterations,False,True,20260913|D1_N600_p0.25_clustered_large_gap
0.25,clustered,large_gap,0.85,0.7,2,120,240,151,A,1.0,48,60,0.8,0.05163977794943222,0.6822,0.8817,False,54.5,46.95,37.84,1,2,observed,extrapolated,20.1,too_few_iterations,False,True,20260913|D2_N120_p0.25_clustered_large_gap
0.25,clustered,large_gap,0.85,0.7,2,120,240,151,B,6.0,7,60,0.11666666666666667,0.04144384867012947,0.0577,0.2218,False,54.5,46.95,37.84,1,2,observed,extrapolated,20.1,too_few_iterations,False,True,20260913|D2_N120_p0.25_clustered_large_gap
0.25,clustered,large_gap,0.85,0.7,2,120,240,151,C,12.0,0,60,0.0,0.0,0.0,0.0602,False,54.5,46.95,37.84,1,2,observed,extrapolated,20.1,too_few_iterations,False,True,20260913|D2_N120_p0.25_clustered_large_gap
0.25,clustered,large_gap,0.85,0.7,2,240,480,303,A,1.0,59,60,0.9833333333333333,0.016527194200715044,0.9114,0.9971,False,108.7,92.31,75.33,2,4,extrapolated,extrapolated,40.2,too_few_iterations,False,True,20260913|D2_N240_p0.25_clustered_large_gap
0.25,clustered,large_gap,0.85,0.7,2,240,480,303,B,12.0,16,60,0.26666666666666666,0.05708992257184502,0.1713,0.3901,False,108.7,92.31,75.33,2,4,extrapolated,extrapolated,40.2,too_few_iterations,False,True,20260913|D2_N240_p0.25_clustered_large_gap
0.25,clustered,large_gap,0.85,0.7,2,240,480,303,C,24.0,0,60,0.0,0.0,0.0,0.0602,False,108.7,92.31,75.33,2,4,extrapolated,extrapolated,40.2,too_few_iterations,False,True,20260913|D2_N240_p0.25_clustered_large_gap
0.25,clustered,large_gap,0.85,0.7,2,360,720,454,A,1.0,60,60,1.0,0.0,0.9398,1.0,False,166.6,142.08,115.28,3,6,extrapolated,extrapolated,60.2,too_few_iterations,False,True,20260913|D2_N360_p0.25_clustered_large_gap
0.25,clustered,large_gap,0.85,0.7,2,360,720,454,B,18.0,24,60,0.4,0.06324555320336758,0.2857,0.5263,False,166.6,142.08,115.28,3,6,extrapolated,extrapolated,60.2,too_few_iterations,False,True,20260913|D2_N360_p0.25_clustered_large_gap
0.25,clustered,large_gap,0.85,0.7,2,360,720,454,C,36.0,0,60,0.0,0.0,0.0,0.0602,False,166.6,142.08,115.28,3,6,extrapolated,extrapolated,60.2,too_few_iterations,False,True,20260913|D2_N360_p0.25_clustered_large_gap
0.25,clustered,large_gap,0.85,0.7,2,480,960,605,A,1.0,60,60,1.0,0.0,0.9398,1.0,False,218.3,185.82,150.86,4,8,extrapolated,extrapolated,80.3,too_few_iterations,False,True,20260913|D2_N480_p0.25_clustered_large_gap
0.25,clustered,large_gap,0.85,0.7,2,480,960,605,B,24.0,30,60,0.5,0.06454972243679027,0.3774,0.6226,False,218.3,185.82,150.86,4,8,extrapolated,extrapolated,80.3,too_few_iterations,False,True,20260913|D2_N480_p0.25_clustered_large_gap
0.25,clustered,large_gap,0.85,0.7,2,480,960,605,C,48.0,0,60,0.0,0.0,0.0,0.0602,False,218.3,185.82,150.86,4,8,extrapolated,extrapolated,80.3,too_few_iterations,False,True,20260913|D2_N480_p0.25_clustered_large_gap
0.25,clustered,large_gap,0.85,0.7,2,600,1200,757,A,1.0,60,60,1.0,0.0,0.9398,1.0,False,274.1,233.0,189.21,5,10,extrapolated,strongly_extrapolated,100.4,too_few_iterations,False,True,20260913|D2_N600_p0.25_clustered_large_gap
0.25,clustered,large_gap,0.85,0.7,2,600,1200,757,B,30.0,37,60,0.6166666666666667,0.06276794416591015,0.4902,0.7291,False,274.1,233.0,189.21,5,10,extrapolated,strongly_extrapolated,100.4,too_few_iterations,False,True,20260913|D2_N600_p0.25_clustered_large_gap
0.25,clustered,large_gap,0.85,0.7,2,600,1200,757,C,60.0,0,60,0.0,0.0,0.0,0.0602,False,274.1,233.0,189.21,5,10,extrapolated,strongly_extrapolated,100.4,too_few_iterations,False,True,20260913|D2_N600_p0.25_clustered_large_gap
0.25,clustered,large_gap,0.85,0.7,3,120,240,151,A,1.0,54,60,0.9,0.03872983346207417,0.7985,0.9534,False,54.9,46.71,37.92,1,3,observed,extrapolated,30.1,too_few_iterations,False,True,20260913|D3_N120_p0.25_clustered_large_gap
0.25,clustered,large_gap,0.85,0.7,3,120,240,151,B,6.0,12,60,0.2,0.051639777949432225,0.1183,0.3178,False,54.9,46.71,37.92,1,3,observed,extrapolated,30.1,too_few_iterations,False,True,20260913|D3_N120_p0.25_clustered_large_gap
0.25,clustered,large_gap,0.85,0.7,3,120,240,151,C,12.0,0,60,0.0,0.0,0.0,0.0602,False,54.9,46.71,37.92,1,3,observed,extrapolated,30.1,too_few_iterations,False,True,20260913|D3_N120_p0.25_clustered_large_gap
0.25,clustered,large_gap,0.85,0.7,3,240,480,303,A,1.0,60,60,1.0,0.0,0.9398,1.0,False,110.4,94.06,75.48,2,6,extrapolated,extrapolated,60.2,too_few_iterations,False,True,20260913|D3_N240_p0.25_clustered_large_gap
0.25,clustered,large_gap,0.85,0.7,3,240,480,303,B,12.0,33,60,0.55,0.06422616289332565,0.4249,0.6691,False,110.4,94.06,75.48,2,6,extrapolated,extrapolated,60.2,too_few_iterations,False,True,20260913|D3_N240_p0.25_clustered_large_gap
0.25,clustered,large_gap,0.85,0.7,3,240,480,303,C,24.0,0,60,0.0,0.0,0.0,0.0602,False,110.4,94.06,75.48,2,6,extrapolated,extrapolated,60.2,too_few_iterations,False,True,20260913|D3_N240_p0.25_clustered_large_gap
0.25,clustered,large_gap,0.85,0.7,3,360,720,454,A,1.0,60,60,1.0,0.0,0.9398,1.0,False,163.4,139.33,113.82,3,9,extrapolated,extrapolated,90.4,too_few_iterations,False,True,20260913|D3_N360_p0.25_clustered_large_gap
0.25,clustered,large_gap,0.85,0.7,3,360,720,454,B,18.0,31,60,0.5166666666666667,0.06451385151296608,0.3931,0.6382,False,163.4,139.33,113.82,3,9,extrapolated,extrapolated,90.4,too_few_iterations,False,True,20260913|D3_N360_p0.25_clustered_large_gap
0.25,clustered,large_gap,0.85,0.7,3,360,720,454,C,36.0,0,60,0.0,0.0,0.0,0.0602,False,163.4,139.33,113.82,3,9,extrapolated,extrapolated,90.4,too_few_iterations,False,True,20260913|D3_N360_p0.25_clustered_large_gap
0.25,clustered,large_gap,0.85,0.7,3,480,960,605,A,1.0,60,60,1.0,0.0,0.9398,1.0,False,219.7,187.17,151.4,4,12,extrapolated,strongly_extrapolated,120.5,too_few_iterations,False,True,20260913|D3_N480_p0.25_clustered_large_gap
0.25,clustered,large_gap,0.85,0.7,3,480,960,605,B,24.0,48,60,0.8,0.05163977794943222,0.6822,0.8817,False,219.7,187.17,151.4,4,12,extrapolated,strongly_extrapolated,120.5,too_few_iterations,False,True,20260913|D3_N480_p0.25_clustered_large_gap
0.25,clustered,large_gap,0.85,0.7,3,480,960,605,C,48.0,0,60,0.0,0.0,0.0,0.0602,False,219.7,187.17,151.4,4,12,extrapolated,strongly_extrapolated,120.5,too_few_iterations,False,True,20260913|D3_N480_p0.25_clustered_large_gap
0.25,clustered,large_gap,0.85,0.7,3,600,1200,757,A,1.0,60,60,1.0,0.0,0.9398,1.0,False,273.9,232.94,188.28,5,15,extrapolated,strongly_extrapolated,150.6,too_few_iterations,False,True,20260913|D3_N600_p0.25_clustered_large_gap
0.25,clustered,large_gap,0.85,0.7,3,600,1200,757,B,30.0,52,60,0.8666666666666667,0.04388537257362555,0.7583,0.9309,False,273.9,232.94,188.28,5,15,extrapolated,strongly_extrapolated,150.6,too_few_iterations,False,True,20260913|D3_N600_p0.25_clustered_large_gap
0.25,clustered,large_gap,0.85,0.7,3,600,1200,757,C,60.0,0,60,0.0,0.0,0.0,0.0602,False,273.9,232.94,188.28,5,15,extrapolated,strongly_extrapolated,150.6,too_few_iterations,False,True,20260913|D3_N600_p0.25_clustered_large_gap
0.25,clustered,large_gap,0.85,0.7,4,120,240,151,A,1.0,58,60,0.9666666666666667,0.023174059571793564,0.8864,0.9908,False,54.6,46.5,37.52,1,4,observed,extrapolated,40.2,too_few_iterations,False,True,20260913|D4_N120_p0.25_clustered_large_gap
0.25,clustered,large_gap,0.85,0.7,4,120,240,151,B,6.0,23,60,0.38333333333333336,0.06276794416591017,0.2709,0.5098,False,54.6,46.5,37.52,1,4,observed,extrapolated,40.2,too_few_iterations,False,True,20260913|D4_N120_p0.25_clustered_large_gap
0.25,clustered,large_gap,0.85,0.7,4,120,240,151,C,12.0,0,60,0.0,0.0,0.0,0.0602,False,54.6,46.5,37.52,1,4,observed,extrapolated,40.2,too_few_iterations,False,True,20260913|D4_N120_p0.25_clustered_large_gap
0.25,clustered,large_gap,0.85,0.7,4,240,480,303,A,1.0,60,60,1.0,0.0,0.9398,1.0,False,110.6,93.73,76.38,2,8,extrapolated,extrapolated,80.3,too_few_iterations,False,True,20260913|D4_N240_p0.25_clustered_large_gap
0.25,clustered,large_gap,0.85,0.7,4,240,480,303,B,12.0,30,60,0.5,0.06454972243679027,0.3774,0.6226,False,110.6,93.73,76.38,2,8,extrapolated,extrapolated,80.3,too_few_iterations,False,True,20260913|D4_N240_p0.25_clustered_large_gap
0.25,clustered,large_gap,0.85,0.7,4,240,480,303,C,24.0,0,60,0.0,0.0,0.0,0.0602,False,110.6,93.73,76.38,2,8,extrapolated,extrapolated,80.3,too_few_iterations,False,True,20260913|D4_N240_p0.25_clustered_large_gap
0.25,clustered,large_gap,0.85,0.7,4,360,720,454,A,1.0,60,60,1.0,0.0,0.9398,1.0,False,164.1,139.59,113.65,3,12,extrapolated,strongly_extrapolated,120.5,too_few_iterations,False,True,20260913|D4_N360_p0.25_clustered_large_gap
0.25,clustered,large_gap,0.85,0.7,4,360,720,454,B,18.0,38,60,0.6333333333333333,0.062212300796308524,0.5068,0.7438,False,164.1,139.59,113.65,3,12,extrapolated,strongly_extrapolated,120.5,too_few_iterations,False,True,20260913|D4_N360_p0.25_clustered_large_gap
0.25,clustered,large_gap,0.85,0.7,4,360,720,454,C,36.0,0,60,0.0,0.0,0.0,0.0602,False,164.1,139.59,113.65,3,12,extrapolated,strongly_extrapolated,120.5,too_few_iterations,False,True,20260913|D4_N360_p0.25_clustered_large_gap
0.25,clustered,large_gap,0.85,0.7,4,480,960,605,A,1.0,60,60,1.0,0.0,0.9398,1.0,False,218.7,186.46,150.94,4,16,extrapolated,strongly_extrapolated,160.6,too_few_iterations,False,True,20260913|D4_N480_p0.25_clustered_large_gap
0.25,clustered,large_gap,0.85,0.7,4,480,960,605,B,24.0,53,60,0.8833333333333333,0.04144384867012948,0.7782,0.9423,False,218.7,186.46,150.94,4,16,extrapolated,strongly_extrapolated,160.6,too_few_iterations,False,True,20260913|D4_N480_p0.25_clustered_large_gap
0.25,clustered,large_gap,0.85,0.7,4,480,960,605,C,48.0,0,60,0.0,0.0,0.0,0.0602,False,218.7,186.46,150.94,4,16,extrapolated,strongly_extrapolated,160.6,too_few_iterations,False,True,20260913|D4_N480_p0.25_clustered_large_gap
0.25,clustered,large_gap,0.85,0.7,4,600,1200,757,A,1.0,60,60,1.0,0.0,0.9398,1.0,False,273.4,232.59,189.3,5,20,extrapolated,strongly_extrapolated,200.8,too_few_iterations,False,True,20260913|D4_N600_p0.25_clustered_large_gap
0.25,clustered,large_gap,0.85,0.7,4,600,1200,757,B,30.0,51,60,0.85,0.046097722286464436,0.7389,0.919,False,273.4,232.59,189.3,5,20,extrapolated,strongly_extrapolated,200.8,too_few_iterations,False,True,20260913|D4_N600_p0.25_clustered_large_gap
0.25,clustered,large_gap,0.85,0.7,4,600,1200,757,C,60.0,0,60,0.0,0.0,0.0,0.0602,False,273.4,232.59,189.3,5,20,extrapolated,strongly_extrapolated,200.8,too_few_iterations,False,True,20260913|D4_N600_p0.25_clustered_large_gap
